_id,ปี พ.ศ.,ประเภทรถ,ยี่ห้อ,รุ่น,จำนวน
1,2565,รถยนต์นั่งส่วนบุคคลไม่เกิน 7 คน,AIWAYS,U5 LITE SAMPLE,1
2,2565,รถยนต์นั่งส่วนบุคคลไม่เกิน 7 คน,AIWAYS,U5 PRIME WITH,1
3,2565,รถยนต์นั่งส่วนบุคคลไม่เกิน 7 คน,ALFA ROMEO,4C COUPE,1
4,2565,รถยนต์นั่งส่วนบุคคลไม่เกิน 7 คน,ALFA ROMEO,4C SPIDER,1
5,2565,รถยนต์นั่งส่วนบุคคลไม่เกิน 7 คน,ALFA ROMEO,,1
6,2565,รถยนต์นั่งส่วนบุคคลไม่เกิน 7 คน,ASTON MARTIN,DB11 V8 COUPE,3
7,2565,รถยนต์นั่งส่วนบุคคลไม่เกิน 7 คน,ASTON MARTIN,DBS SUPERLEGGERA,2
8,2565,รถยนต์นั่งส่วนบุคคลไม่เกิน 7 คน,ASTON MARTIN,DBX,1
9,2565,รถยนต์นั่งส่วนบุคคลไม่เกิน 7 คน,ASTON MARTIN,V8 VANTAGE S COUPE,1
10,2565,รถยนต์นั่งส่วนบุคคลไม่เกิน 7 คน,ASTON MARTIN,VANTAGE COUPE,4
11,2565,รถยนต์นั่งส่วนบุคคลไม่เกิน 7 คน,ASTON MARTIN,VANTAGE ROADSTER,1
12,2565,รถยนต์นั่งส่วนบุคคลไม่เกิน 7 คน,AUDI,A1 SB 35 TFSI S line,5
13,2565,รถยนต์นั่งส่วนบุคคลไม่เกิน 7 คน,AUDI,A1 SPORTBACK 1.4 TFSI,1
14,2565,รถยนต์นั่งส่วนบุคคลไม่เกิน 7 คน,AUDI,A3 SB 35 TFSI S line,4
15,2565,รถยนต์นั่งส่วนบุคคลไม่เกิน 7 คน,AUDI,A4 AV 45 TFSI q S line BE,10
16,2565,รถยนต์นั่งส่วนบุคคลไม่เกิน 7 คน,AUDI,A5 2.0T FSI COUPE,1
17,2565,รถยนต์นั่งส่วนบุคคลไม่เกิน 7 คน,AUDI,A5 Coupe 45 TFSI q S line,1
18,2565,รถยนต์นั่งส่วนบุคคลไม่เกิน 7 คน,AUDI,A5 CP 40 TFSI S line,205
19,2565,รถยนต์นั่งส่วนบุคคลไม่เกิน 7 คน,AUDI,A5 CP 45 TFSI q S line BE,85
20,2565,รถยนต์นั่งส่วนบุคคลไม่เกิน 7 คน,AUDI,A5 SB 40 TFSI S line,176
21,2565,รถยนต์นั่งส่วนบุคคลไม่เกิน 7 คน,AUDI,A5 SB 45 TFSI q S line BE,58
22,2565,รถยนต์นั่งส่วนบุคคลไม่เกิน 7 คน,AUDI,A6 40 TFSI S line,13
23,2565,รถยนต์นั่งส่วนบุคคลไม่เกิน 7 คน,AUDI,A6 AV 45 TFSI q S line BE,11
24,2565,รถยนต์นั่งส่วนบุคคลไม่เกิน 7 คน,AUDI,A6 AV 55 TFSI q S line,1
25,2565,รถยนต์นั่งส่วนบุคคลไม่เกิน 7 คน,AUDI,A7 SB 45 TFSI,8
26,2565,รถยนต์นั่งส่วนบุคคลไม่เกิน 7 คน,AUDI,A7 SB 45 TFSI q,12
27,2565,รถยนต์นั่งส่วนบุคคลไม่เกิน 7 คน,AUDI,A7 SB 55 TFSI q S line,10
28,2565,รถยนต์นั่งส่วนบุคคลไม่เกิน 7 คน,AUDI,A8 L 55 TFSI q Premium,1
29,2565,รถยนต์นั่งส่วนบุคคลไม่เกิน 7 คน,AUDI,A8 L 55 TFSI q Prestige,2
30,2565,รถยนต์นั่งส่วนบุคคลไม่เกิน 7 คน,AUDI,e-tron 55 q,20
31,2565,รถยนต์นั่งส่วนบุคคลไม่เกิน 7 คน,AUDI,e-tron GT quattro,2
32,2565,รถยนต์นั่งส่วนบุคคลไม่เกิน 7 คน,AUDI,e-tron GT quattro PF,13
33,2565,รถยนต์นั่งส่วนบุคคลไม่เกิน 7 คน,AUDI,e-tron SB 55 q S line,12
34,2565,รถยนต์นั่งส่วนบุคคลไม่เกิน 7 คน,AUDI,Q2 35 TFSI,8
35,2565,รถยนต์นั่งส่วนบุคคลไม่เกิน 7 คน,AUDI,Q3 35 TFSI,12
36,2565,รถยนต์นั่งส่วนบุคคลไม่เกิน 7 คน,AUDI,Q3 35 TFSI S line,26
37,2565,รถยนต์นั่งส่วนบุคคลไม่เกิน 7 คน,AUDI,Q3 40 TFSI q S line BE,64
38,2565,รถยนต์นั่งส่วนบุคคลไม่เกิน 7 คน,AUDI,Q3 SB 35 TFSI S line,25
39,2565,รถยนต์นั่งส่วนบุคคลไม่เกิน 7 คน,AUDI,Q3 SB 40 TFSI q S line BE,92
40,2565,รถยนต์นั่งส่วนบุคคลไม่เกิน 7 คน,AUDI,Q5 35 TDI q,1
41,2565,รถยนต์นั่งส่วนบุคคลไม่เกิน 7 คน,AUDI,Q5 40 TDI q,3
42,2565,รถยนต์นั่งส่วนบุคคลไม่เกิน 7 คน,AUDI,Q5 45 TFSI q S line,1
43,2565,รถยนต์นั่งส่วนบุคคลไม่เกิน 7 คน,AUDI,Q5 45 TFSI q S line BE,13
44,2565,รถยนต์นั่งส่วนบุคคลไม่เกิน 7 คน,AUDI,Q5 55 TFSI e q S line,5
45,2565,รถยนต์นั่งส่วนบุคคลไม่เกิน 7 คน,AUDI,Q5 SB 55 TFSIe q S lineBE,1
46,2565,รถยนต์นั่งส่วนบุคคลไม่เกิน 7 คน,AUDI,Q7 40 TFSI q,1
47,2565,รถยนต์นั่งส่วนบุคคลไม่เกิน 7 คน,AUDI,Q7 45 TDI q,11
48,2565,รถยนต์นั่งส่วนบุคคลไม่เกิน 7 คน,AUDI,Q7 45 TDI q S line,13
49,2565,รถยนต์นั่งส่วนบุคคลไม่เกิน 7 คน,AUDI,Q7 45 TFSI q S line,1
50,2565,รถยนต์นั่งส่วนบุคคลไม่เกิน 7 คน,AUDI,Q7 55 TFSI q S line,1
51,2565,รถยนต์นั่งส่วนบุคคลไม่เกิน 7 คน,AUDI,Q7 60 TFSI e q S line BE,2
52,2565,รถยนต์นั่งส่วนบุคคลไม่เกิน 7 คน,AUDI,Q8 50 TDI QUATTRO,1
53,2565,รถยนต์นั่งส่วนบุคคลไม่เกิน 7 คน,AUDI,Q8 55 TFSI q S line,12
54,2565,รถยนต์นั่งส่วนบุคคลไม่เกิน 7 คน,AUDI,Q8 60 TFSI e q S line BE,3
55,2565,รถยนต์นั่งส่วนบุคคลไม่เกิน 7 คน,AUDI,R8 COUPE V10 PERFORMANCE,2
56,2565,รถยนต์นั่งส่วนบุคคลไม่เกิน 7 คน,AUDI,R8 CP V10 Performance q,1
57,2565,รถยนต์นั่งส่วนบุคคลไม่เกิน 7 คน,AUDI,R8 SPYDER V10 PERFORMANCE,1
58,2565,รถยนต์นั่งส่วนบุคคลไม่เกิน 7 คน,AUDI,R8 V10 COUPE,1
59,2565,รถยนต์นั่งส่วนบุคคลไม่เกิน 7 คน,AUDI,RS 3 Sportback quattro,2
60,2565,รถยนต์นั่งส่วนบุคคลไม่เกิน 7 คน,AUDI,RS 4 AV q,24
61,2565,รถยนต์นั่งส่วนบุคคลไม่เกิน 7 คน,AUDI,RS 5 Coupe quattro,26
62,2565,รถยนต์นั่งส่วนบุคคลไม่เกิน 7 คน,AUDI,RS 6 Avant quattro,11
63,2565,รถยนต์นั่งส่วนบุคคลไม่เกิน 7 คน,AUDI,RS 6 AVANT TFSI QUATTRO,1
64,2565,รถยนต์นั่งส่วนบุคคลไม่เกิน 7 คน,AUDI,RS 7 Sportback quattro,1
65,2565,รถยนต์นั่งส่วนบุคคลไม่เกิน 7 คน,AUDI,RS e-tron GT quattro,4
66,2565,รถยนต์นั่งส่วนบุคคลไม่เกิน 7 คน,AUDI,RS Q3 Sportback quattro,33
67,2565,รถยนต์นั่งส่วนบุคคลไม่เกิน 7 คน,AUDI,RS Q8,1
68,2565,รถยนต์นั่งส่วนบุคคลไม่เกิน 7 คน,AUDI,RS Q8 q,2
69,2565,รถยนต์นั่งส่วนบุคคลไม่เกิน 7 คน,AUDI,RS Q8 TFSI QUATTRO,1
70,2565,รถยนต์นั่งส่วนบุคคลไม่เกิน 7 คน,AUDI,RS6 AVANT TFSI QUATTRO,1
71,2565,รถยนต์นั่งส่วนบุคคลไม่เกิน 7 คน,AUDI,S3 Sportback quattro,1
72,2565,รถยนต์นั่งส่วนบุคคลไม่เกิน 7 คน,AUDI,S8 TFSI QUATTRO,1
73,2565,รถยนต์นั่งส่วนบุคคลไม่เกิน 7 คน,AUDI,TT Coupe 45 TFSI q S line,249
74,2565,รถยนต์นั่งส่วนบุคคลไม่เกิน 7 คน,AUDI,TT RD 45 TFSI q 20 years,1
75,2565,รถยนต์นั่งส่วนบุคคลไม่เกิน 7 คน,AUDI,TT RD 45 TFSI q S line,15
76,2565,รถยนต์นั่งส่วนบุคคลไม่เกิน 7 คน,AUDI,TT RS Coupe q,41
77,2565,รถยนต์นั่งส่วนบุคคลไม่เกิน 7 คน,BENTLEY,BENTAYGA,1
78,2565,รถยนต์นั่งส่วนบุคคลไม่เกิน 7 คน,BENTLEY,BENTAYGA HYBRID,114
79,2565,รถยนต์นั่งส่วนบุคคลไม่เกิน 7 คน,BENTLEY,BENTAYGA V8,5
80,2565,รถยนต์นั่งส่วนบุคคลไม่เกิน 7 คน,BENTLEY,BENTAYGA W12,2
81,2565,รถยนต์นั่งส่วนบุคคลไม่เกิน 7 คน,BENTLEY,CONTINENTAL GT,8
82,2565,รถยนต์นั่งส่วนบุคคลไม่เกิน 7 คน,BENTLEY,CONTINENTAL GT COUPE V8,2
83,2565,รถยนต์นั่งส่วนบุคคลไม่เกิน 7 คน,BENTLEY,CONTINENTAL GT SPEED,2
84,2565,รถยนต์นั่งส่วนบุคคลไม่เกิน 7 คน,BENTLEY,CONTINENTAL GT V8,19
85,2565,รถยนต์นั่งส่วนบุคคลไม่เกิน 7 คน,BENTLEY,CONTINENTAL GT V8 AWD,1
86,2565,รถยนต์นั่งส่วนบุคคลไม่เกิน 7 คน,BENTLEY,CONTINENTAL GT V8 CONV.,1
87,2565,รถยนต์นั่งส่วนบุคคลไม่เกิน 7 คน,BENTLEY,CONTINENTAL GT V8 CONVERTIBLE,5
88,2565,รถยนต์นั่งส่วนบุคคลไม่เกิน 7 คน,BENTLEY,CONTINENTAL GT V8 COUPE,1
89,2565,รถยนต์นั่งส่วนบุคคลไม่เกิน 7 คน,BENTLEY,CONTINENTAL GTC V8,3
90,2565,รถยนต์นั่งส่วนบุคคลไม่เกิน 7 คน,BENTLEY,FLYING SPUR,4
91,2565,รถยนต์นั่งส่วนบุคคลไม่เกิน 7 คน,BENTLEY,FLYING SPUR HYBRID,16
92,2565,รถยนต์นั่งส่วนบุคคลไม่เกิน 7 คน,BENTLEY,FLYING SPUR V8,2
93,2565,รถยนต์นั่งส่วนบุคคลไม่เกิน 7 คน,BENTLEY,FLYING SPUR W12,2
94,2565,รถยนต์นั่งส่วนบุคคลไม่เกิน 7 คน,BENTLEY,ROYAL GRAND LIMOUSINE,1
95,2565,รถยนต์นั่งส่วนบุคคลไม่เกิน 7 คน,BMW,118D M SPORT HATCH MANUAL,1
96,2565,รถยนต์นั่งส่วนบุคคลไม่เกิน 7 คน,BMW,118i M Sport,4
97,2565,รถยนต์นั่งส่วนบุคคลไม่เกิน 7 คน,BMW,218i Gran Coupe RHD,12
98,2565,รถยนต์นั่งส่วนบุคคลไม่เกิน 7 คน,BMW,220i Gran Coupe M Sport,1186
99,2565,รถยนต์นั่งส่วนบุคคลไม่เกิน 7 คน,BMW,220i Gran Coupe Sport,123
100,2565,รถยนต์นั่งส่วนบุคคลไม่เกิน 7 คน,BMW,318D M SPORT SALOON MANUAL,1
101,2565,รถยนต์นั่งส่วนบุคคลไม่เกิน 7 คน,BMW,320d,14
102,2565,รถยนต์นั่งส่วนบุคคลไม่เกิน 7 คน,BMW,320d GT Luxury,44
103,2565,รถยนต์นั่งส่วนบุคคลไม่เกิน 7 คน,BMW,320d GT M Sport,13
104,2565,รถยนต์นั่งส่วนบุคคลไม่เกิน 7 คน,BMW,320d GT Sport,30
105,2565,รถยนต์นั่งส่วนบุคคลไม่เกิน 7 คน,BMW,320d Limousine RHD,17
106,2565,รถยนต์นั่งส่วนบุคคลไม่เกิน 7 คน,BMW,320d M Sport,1413
107,2565,รถยนต์นั่งส่วนบุคคลไม่เกิน 7 คน,BMW,320d Sport,73
108,2565,รถยนต์นั่งส่วนบุคคลไม่เกิน 7 คน,BMW,320Li Limousine RHD,204
109,2565,รถยนต์นั่งส่วนบุคคลไม่เกิน 7 คน,BMW,330e,4
110,2565,รถยนต์นั่งส่วนบุคคลไม่เกิน 7 คน,BMW,330e Limousine RHD,1
111,2565,รถยนต์นั่งส่วนบุคคลไม่เกิน 7 คน,BMW,330e Luxury,1
112,2565,รถยนต์นั่งส่วนบุคคลไม่เกิน 7 คน,BMW,330e M Sport,1415
113,2565,รถยนต์นั่งส่วนบุคคลไม่เกิน 7 คน,BMW,330e Sport,2
114,2565,รถยนต์นั่งส่วนบุคคลไม่เกิน 7 คน,BMW,330i Limousine RHD,9
115,2565,รถยนต์นั่งส่วนบุคคลไม่เกิน 7 คน,BMW,330Li Limousine RHD,323
116,2565,รถยนต์นั่งส่วนบุคคลไม่เกิน 7 คน,BMW,420D COUPE RHD,1
117,2565,รถยนต์นั่งส่วนบุคคลไม่เกิน 7 คน,BMW,430i Cabrio RHD,13
118,2565,รถยนต์นั่งส่วนบุคคลไม่เกิน 7 คน,BMW,430i Coupe RHD,181
119,2565,รถยนต์นั่งส่วนบุคคลไม่เกิน 7 คน,BMW,520d,1
120,2565,รถยนต์นั่งส่วนบุคคลไม่เกิน 7 คน,BMW,520d Limousine RHD,1
121,2565,รถยนต์นั่งส่วนบุคคลไม่เกิน 7 คน,BMW,520d M Sport,1097
122,2565,รถยนต์นั่งส่วนบุคคลไม่เกิน 7 คน,BMW,520d Sport,20
123,2565,รถยนต์นั่งส่วนบุคคลไม่เกิน 7 คน,BMW,520D,1
124,2565,รถยนต์นั่งส่วนบุคคลไม่เกิน 7 คน,BMW,520I,1
125,2565,รถยนต์นั่งส่วนบุคคลไม่เกิน 7 คน,BMW,525d M Sport,1
126,2565,รถยนต์นั่งส่วนบุคคลไม่เกิน 7 คน,BMW,528i Luxury,1
127,2565,รถยนต์นั่งส่วนบุคคลไม่เกิน 7 คน,BMW,530e Elite,368
128,2565,รถยนต์นั่งส่วนบุคคลไม่เกิน 7 คน,BMW,530e Highline,18
129,2565,รถยนต์นั่งส่วนบุคคลไม่เกิน 7 คน,BMW,530e Luxury,5
130,2565,รถยนต์นั่งส่วนบุคคลไม่เกิน 7 คน,BMW,530e M Sport,809
131,2565,รถยนต์นั่งส่วนบุคคลไม่เกิน 7 คน,BMW,530i Limousine RHD,2
132,2565,รถยนต์นั่งส่วนบุคคลไม่เกิน 7 คน,BMW,630d Gran Turismo RHD,12
133,2565,รถยนต์นั่งส่วนบุคคลไม่เกิน 7 คน,BMW,630i Gran Turismo RHD,158
134,2565,รถยนต์นั่งส่วนบุคคลไม่เกิน 7 คน,BMW,725Ld,1
135,2565,รถยนต์นั่งส่วนบุคคลไม่เกิน 7 คน,BMW,730Ld M Sport,112
136,2565,รถยนต์นั่งส่วนบุคคลไม่เกิน 7 คน,BMW,730Ld Pure Excellence,7
137,2565,รถยนต์นั่งส่วนบุคคลไม่เกิน 7 คน,BMW,740Le xDrive iPerformance RHD,3
138,2565,รถยนต์นั่งส่วนบุคคลไม่เกิน 7 คน,BMW,740Le xDrive M Sport,3
139,2565,รถยนต์นั่งส่วนบุคคลไม่เกิน 7 คน,BMW,740Le xDrive Pure Excellence,4
140,2565,รถยนต์นั่งส่วนบุคคลไม่เกิน 7 คน,BMW,740Li Limousine RHD,2
141,2565,รถยนต์นั่งส่วนบุคคลไม่เกิน 7 คน,BMW,745Le xDrive M Sport,81
142,2565,รถยนต์นั่งส่วนบุคคลไม่เกิน 7 คน,BMW,840D XDRIVE,1
143,2565,รถยนต์นั่งส่วนบุคคลไม่เกิน 7 คน,BMW,840D XDRIVE M COUPE,1
144,2565,รถยนต์นั่งส่วนบุคคลไม่เกิน 7 คน,BMW,ALPINA D3 S TOURING,2
145,2565,รถยนต์นั่งส่วนบุคคลไม่เกิน 7 คน,BMW,ALPINA D3 S TOURING MILD,1
146,2565,รถยนต์นั่งส่วนบุคคลไม่เกิน 7 คน,BMW,i3s 94Ah RHD,3
147,2565,รถยนต์นั่งส่วนบุคคลไม่เกิน 7 คน,BMW,i4 eDrive40 Gran Coupe RH,8
148,2565,รถยนต์นั่งส่วนบุคคลไม่เกิน 7 คน,BMW,i4 M50 Gran Coupe RHD,14
149,2565,รถยนต์นั่งส่วนบุคคลไม่เกิน 7 คน,BMW,i8 Roadster RHD,2
150,2565,รถยนต์นั่งส่วนบุคคลไม่เกิน 7 คน,BMW,iX xDrive50 RHD,22
151,2565,รถยนต์นั่งส่วนบุคคลไม่เกิน 7 คน,BMW,iX3 M Sport RHD,265
152,2565,รถยนต์นั่งส่วนบุคคลไม่เกิน 7 คน,BMW,I8 ROADSTER,1
153,2565,รถยนต์นั่งส่วนบุคคลไม่เกิน 7 คน,BMW,M2 Comptetition RHD,1
154,2565,รถยนต์นั่งส่วนบุคคลไม่เกิน 7 คน,BMW,M2 Coupe RHD,2
155,2565,รถยนต์นั่งส่วนบุคคลไม่เกิน 7 คน,BMW,M2 CS,2
156,2565,รถยนต์นั่งส่วนบุคคลไม่เกิน 7 คน,BMW,M2 CS Coupe RHD,3
157,2565,รถยนต์นั่งส่วนบุคคลไม่เกิน 7 คน,BMW,M3 COMPETITION,2
158,2565,รถยนต์นั่งส่วนบุคคลไม่เกิน 7 คน,BMW,M340i xDrive,110
159,2565,รถยนต์นั่งส่วนบุคคลไม่เกิน 7 คน,BMW,M340i xDrive Limousine RHD,1
160,2565,รถยนต์นั่งส่วนบุคคลไม่เกิน 7 คน,BMW,M4 Competition Coupe RHD,9
161,2565,รถยนต์นั่งส่วนบุคคลไม่เกิน 7 คน,BMW,M4 Coupe RHD,3
162,2565,รถยนต์นั่งส่วนบุคคลไม่เกิน 7 คน,BMW,M4 COMPETITION COUPE,7
163,2565,รถยนต์นั่งส่วนบุคคลไม่เกิน 7 คน,BMW,M4 GTS Coupe RHD,1
164,2565,รถยนต์นั่งส่วนบุคคลไม่เกิน 7 คน,BMW,M4 GTS COUPE,1
165,2565,รถยนต์นั่งส่วนบุคคลไม่เกิน 7 คน,BMW,M440i xDrive Coupe RHD,4
166,2565,รถยนต์นั่งส่วนบุคคลไม่เกิน 7 คน,BMW,M5 CS,1
167,2565,รถยนต์นั่งส่วนบุคคลไม่เกิน 7 คน,BMW,M5 CS Limousine RHD,1
168,2565,รถยนต์นั่งส่วนบุคคลไม่เกิน 7 คน,BMW,M5 Limousine RHD,1
169,2565,รถยนต์นั่งส่วนบุคคลไม่เกิน 7 คน,BMW,M760Li xDrive Limousine R,1
170,2565,รถยนต์นั่งส่วนบุคคลไม่เกิน 7 คน,BMW,M8 Coupe RHD,1
171,2565,รถยนต์นั่งส่วนบุคคลไม่เกิน 7 คน,BMW,M850i xDrive Coupe RHD,3
172,2565,รถยนต์นั่งส่วนบุคคลไม่เกิน 7 คน,BMW,X1 sDrive 18d,1
173,2565,รถยนต์นั่งส่วนบุคคลไม่เกิน 7 คน,BMW,X1 sDrive18d M Sport,2
174,2565,รถยนต์นั่งส่วนบุคคลไม่เกิน 7 คน,BMW,X1 sDrive18d xLine,53
175,2565,รถยนต์นั่งส่วนบุคคลไม่เกิน 7 คน,BMW,X1 sDrive18i,27
176,2565,รถยนต์นั่งส่วนบุคคลไม่เกิน 7 คน,BMW,X1 sDrive18i Sport,1
177,2565,รถยนต์นั่งส่วนบุคคลไม่เกิน 7 คน,BMW,X1 sDrive20d M Sport,1119
178,2565,รถยนต์นั่งส่วนบุคคลไม่เกิน 7 คน,BMW,X1 sDrive20d xLine,1174
179,2565,รถยนต์นั่งส่วนบุคคลไม่เกิน 7 คน,BMW,X1 SDRIVE18D RHD,1
180,2565,รถยนต์นั่งส่วนบุคคลไม่เกิน 7 คน,BMW,X2 sDrive20i RHD,13
181,2565,รถยนต์นั่งส่วนบุคคลไม่เกิน 7 คน,BMW,X3 xDrive20d M Sport,604
182,2565,รถยนต์นั่งส่วนบุคคลไม่เกิน 7 คน,BMW,X3 xDrive20d RHD,6
183,2565,รถยนต์นั่งส่วนบุคคลไม่เกิน 7 คน,BMW,X3 xDrive20d xLine,20
184,2565,รถยนต์นั่งส่วนบุคคลไม่เกิน 7 คน,BMW,X3 xDrive30e M Sport,424
185,2565,รถยนต์นั่งส่วนบุคคลไม่เกิน 7 คน,BMW,X3 xDrive30e xLine,96
186,2565,รถยนต์นั่งส่วนบุคคลไม่เกิน 7 คน,BMW,X4 M RHD,1
187,2565,รถยนต์นั่งส่วนบุคคลไม่เกิน 7 คน,BMW,X4 xDrive20d M Sport,9
188,2565,รถยนต์นั่งส่วนบุคคลไม่เกิน 7 คน,BMW,X4 xDrive20d RHD,430
189,2565,รถยนต์นั่งส่วนบุคคลไม่เกิน 7 คน,BMW,X5 sDrive25d Celebration Editi,1
190,2565,รถยนต์นั่งส่วนบุคคลไม่เกิน 7 คน,BMW,X5 sDrive25d Pure Experie,9
191,2565,รถยนต์นั่งส่วนบุคคลไม่เกิน 7 คน,BMW,X5 xDrive30d M Sport,340
192,2565,รถยนต์นั่งส่วนบุคคลไม่เกิน 7 คน,BMW,X5 xDrive30d RHD,24
193,2565,รถยนต์นั่งส่วนบุคคลไม่เกิน 7 คน,BMW,X5 xDrive30d xLine,12
194,2565,รถยนต์นั่งส่วนบุคคลไม่เกิน 7 คน,BMW,X5 xDrive40e M Sport,6
195,2565,รถยนต์นั่งส่วนบุคคลไม่เกิน 7 คน,BMW,X5 xDrive40e Pure Experience,1
196,2565,รถยนต์นั่งส่วนบุคคลไม่เกิน 7 คน,BMW,X5 xDrive45e M Sport,445
197,2565,รถยนต์นั่งส่วนบุคคลไม่เกิน 7 คน,BMW,X5 XDRIVE40E RHD,1
198,2565,รถยนต์นั่งส่วนบุคคลไม่เกิน 7 คน,BMW,X6 xDrive30d RHD,9
199,2565,รถยนต์นั่งส่วนบุคคลไม่เกิน 7 คน,BMW,X6 xDrive40i M Sport,102
200,2565,รถยนต์นั่งส่วนบุคคลไม่เกิน 7 คน,BMW,X6 xDrive40i RHD,1
201,2565,รถยนต์นั่งส่วนบุคคลไม่เกิน 7 คน,BMW,X7 M50d RHD,5
202,2565,รถยนต์นั่งส่วนบุคคลไม่เกิน 7 คน,BMW,X7 xDrive30d M Sport,115
203,2565,รถยนต์นั่งส่วนบุคคลไม่เกิน 7 คน,BMW,X7 xDrive40d M Sport,115
204,2565,รถยนต์นั่งส่วนบุคคลไม่เกิน 7 คน,BMW,Z4 M40i RHD,5
205,2565,รถยนต์นั่งส่วนบุคคลไม่เกิน 7 คน,BMW,Z4 M40i Roadster RHD,42
206,2565,รถยนต์นั่งส่วนบุคคลไม่เกิน 7 คน,BMW,Z4 sDrive30i RHD,90
207,2565,รถยนต์นั่งส่วนบุคคลไม่เกิน 7 คน,BMW,Z4 SDRIVE23I RHD,1
208,2565,รถยนต์นั่งส่วนบุคคลไม่เกิน 7 คน,BYD,BYD ATTO 3,312
209,2565,รถยนต์นั่งส่วนบุคคลไม่เกิน 7 คน,BYD,E6,33
210,2565,รถยนต์นั่งส่วนบุคคลไม่เกิน 7 คน,BYD,M3,16
211,2565,รถยนต์นั่งส่วนบุคคลไม่เกิน 7 คน,BYD,T3,10
212,2565,รถยนต์นั่งส่วนบุคคลไม่เกิน 7 คน,CHEVROLET,CAPTIVA,46
213,2565,รถยนต์นั่งส่วนบุคคลไม่เกิน 7 คน,CHEVROLET,COLORADO,2
214,2565,รถยนต์นั่งส่วนบุคคลไม่เกิน 7 คน,CHEVROLET,COLORADO C-CAB,18
215,2565,รถยนต์นั่งส่วนบุคคลไม่เกิน 7 คน,CHEVROLET,COLORADO C-CAB TRAIL BOSS,1
216,2565,รถยนต์นั่งส่วนบุคคลไม่เกิน 7 คน,CHEVROLET,CORVETTE RHD COUPE 2LT,2
217,2565,รถยนต์นั่งส่วนบุคคลไม่เกิน 7 คน,CHEVROLET,CORVETTE RHD COUPE 3LT,1
218,2565,รถยนต์นั่งส่วนบุคคลไม่เกิน 7 คน,CHEVROLET,CORVETTE STINGRAY CONVERTIBLE,4
219,2565,รถยนต์นั่งส่วนบุคคลไม่เกิน 7 คน,CHEVROLET,CORVETTE STINGRAY COUPE,6
220,2565,รถยนต์นั่งส่วนบุคคลไม่เกิน 7 คน,CHEVROLET,CORVETTE STINGRAY COUPE 2LT,1
221,2565,รถยนต์นั่งส่วนบุคคลไม่เกิน 7 คน,CHEVROLET,CORVETTE STINGRAY RWD COUPE,1
222,2565,รถยนต์นั่งส่วนบุคคลไม่เกิน 7 คน,CHEVROLET,CRUZE,2
223,2565,รถยนต์นั่งส่วนบุคคลไม่เกิน 7 คน,CHEVROLET,SONIC,1
224,2565,รถยนต์นั่งส่วนบุคคลไม่เกิน 7 คน,CHEVROLET,TRAILBLAZER,14
225,2565,รถยนต์นั่งส่วนบุคคลไม่เกิน 7 คน,DACIA,SPRING,2
226,2565,รถยนต์นั่งส่วนบุคคลไม่เกิน 7 คน,DAIHATSU,COPEN GR SPORT,1
227,2565,รถยนต์นั่งส่วนบุคคลไม่เกิน 7 คน,DAIHATSU,MOVE CANBUS G MAKEUP LIMITED,5
228,2565,รถยนต์นั่งส่วนบุคคลไม่เกิน 7 คน,DAIHATSU,TAFT G TURBO,3
229,2565,รถยนต์นั่งส่วนบุคคลไม่เกิน 7 คน,DAVID BROWN,MINI REMASTERED,3
230,2565,รถยนต์นั่งส่วนบุคคลไม่เกิน 7 คน,DFSK,GLORY 560,10
231,2565,รถยนต์นั่งส่วนบุคคลไม่เกิน 7 คน,DFSK,GLORY 580 I-AUTO,22
232,2565,รถยนต์นั่งส่วนบุคคลไม่เกิน 7 คน,EAGLE,EC01,1
233,2565,รถยนต์นั่งส่วนบุคคลไม่เกิน 7 คน,FERRARI,348 SPIDER,1
234,2565,รถยนต์นั่งส่วนบุคคลไม่เกิน 7 คน,FERRARI,488 GTB,3
235,2565,รถยนต์นั่งส่วนบุคคลไม่เกิน 7 คน,FERRARI,488 PISTA,5
236,2565,รถยนต์นั่งส่วนบุคคลไม่เกิน 7 คน,FERRARI,488 PISTA PILOTI,1
237,2565,รถยนต์นั่งส่วนบุคคลไม่เกิน 7 คน,FERRARI,488 PISTA SPIDER,1
238,2565,รถยนต์นั่งส่วนบุคคลไม่เกิน 7 คน,FERRARI,488 SPIDER,1
239,2565,รถยนต์นั่งส่วนบุคคลไม่เกิน 7 คน,FERRARI,812 GTS,2
240,2565,รถยนต์นั่งส่วนบุคคลไม่เกิน 7 คน,FERRARI,812 SUPERFAST,2
241,2565,รถยนต์นั่งส่วนบุคคลไม่เกิน 7 คน,FERRARI,F8 SPIDER,14
242,2565,รถยนต์นั่งส่วนบุคคลไม่เกิน 7 คน,FERRARI,F8 TRIBUTO,32
243,2565,รถยนต์นั่งส่วนบุคคลไม่เกิน 7 คน,FERRARI,GTC4LUSSO T,1
244,2565,รถยนต์นั่งส่วนบุคคลไม่เกิน 7 คน,FERRARI,PORTOFINO,2
245,2565,รถยนต์นั่งส่วนบุคคลไม่เกิน 7 คน,FERRARI,PORTOFINO M,2
246,2565,รถยนต์นั่งส่วนบุคคลไม่เกิน 7 คน,FERRARI,ROMA,7
247,2565,รถยนต์นั่งส่วนบุคคลไม่เกิน 7 คน,FERRARI,SF90 SPIDER,2
248,2565,รถยนต์นั่งส่วนบุคคลไม่เกิน 7 คน,FERRARI,SF90 STRADALE,4
249,2565,รถยนต์นั่งส่วนบุคคลไม่เกิน 7 คน,FIAT,500 ABARTH 595 TURISMO MTA,1
250,2565,รถยนต์นั่งส่วนบุคคลไม่เกิน 7 คน,FIAT,500ELECTRIC HATCHBACK LA PRIMA,2
251,2565,รถยนต์นั่งส่วนบุคคลไม่เกิน 7 คน,FIAT,DUCATO 335XL PANEL VAN,1
252,2565,รถยนต์นั่งส่วนบุคคลไม่เกิน 7 คน,FIAT,DUCATO SINGLE CAB,1
253,2565,รถยนต์นั่งส่วนบุคคลไม่เกิน 7 คน,FOMM,FOMM ONE,29
254,2565,รถยนต์นั่งส่วนบุคคลไม่เกิน 7 คน,FORD,EVEREST,6937
255,2565,รถยนต์นั่งส่วนบุคคลไม่เกิน 7 คน,FORD,Fiesta,2
256,2565,รถยนต์นั่งส่วนบุคคลไม่เกิน 7 คน,FORD,Focus,2
257,2565,รถยนต์นั่งส่วนบุคคลไม่เกิน 7 คน,FORD,Ford Ecosport,3
258,2565,รถยนต์นั่งส่วนบุคคลไม่เกิน 7 คน,FORD,Ford Focus,7
259,2565,รถยนต์นั่งส่วนบุคคลไม่เกิน 7 คน,FORD,FORD EVEREST,6
260,2565,รถยนต์นั่งส่วนบุคคลไม่เกิน 7 คน,FORD,FORD EVEREST zFAE9BC,3
261,2565,รถยนต์นั่งส่วนบุคคลไม่เกิน 7 คน,FORD,FORD EVEREST zFAE9GD,3
262,2565,รถยนต์นั่งส่วนบุคคลไม่เกิน 7 คน,FORD,FORD EVEREST zJAE9BC,4
263,2565,รถยนต์นั่งส่วนบุคคลไม่เกิน 7 คน,FORD,FORD EVEREST zJAJ9BC,1
264,2565,รถยนต์นั่งส่วนบุคคลไม่เกิน 7 คน,FORD,FORD RANGER,6
265,2565,รถยนต์นั่งส่วนบุคคลไม่เกิน 7 คน,FORD,FORD RANGER iFBT9AH,2
266,2565,รถยนต์นั่งส่วนบุคคลไม่เกิน 7 คน,FORD,FORD RANGER iFBW9B4,3
267,2565,รถยนต์นั่งส่วนบุคคลไม่เกิน 7 คน,FORD,FORD RANGER iJBT9AH,1
268,2565,รถยนต์นั่งส่วนบุคคลไม่เกิน 7 คน,FORD,FORD RANGER iJBT9AR,5
269,2565,รถยนต์นั่งส่วนบุคคลไม่เกิน 7 คน,FORD,FORD RANGER iJBT9B4,1
270,2565,รถยนต์นั่งส่วนบุคคลไม่เกิน 7 คน,FORD,FORD RANGER iJBW9AH,1
271,2565,รถยนต์นั่งส่วนบุคคลไม่เกิน 7 คน,FORD,FORD RANGER iJBW9AR,2
272,2565,รถยนต์นั่งส่วนบุคคลไม่เกิน 7 คน,FORD,FORD RANGER iJBW9B4,5
273,2565,รถยนต์นั่งส่วนบุคคลไม่เกิน 7 คน,FORD,MUSTANG,59
274,2565,รถยนต์นั่งส่วนบุคคลไม่เกิน 7 คน,FORD,MUSTANG 2.3 ECOBOOST,1
275,2565,รถยนต์นั่งส่วนบุคคลไม่เกิน 7 คน,FORD,MUSTANG 2.3 ECOBOOST FASTBACK,4
276,2565,รถยนต์นั่งส่วนบุคคลไม่เกิน 7 คน,FORD,MUSTANG 2.3 ECOBOOST PREMIUM,13
277,2565,รถยนต์นั่งส่วนบุคคลไม่เกิน 7 คน,FORD,MUSTANG 2.3L CONVERTIBLE,4
278,2565,รถยนต์นั่งส่วนบุคคลไม่เกิน 7 คน,FORD,MUSTANG 2.3L ECOBOOST,5
279,2565,รถยนต์นั่งส่วนบุคคลไม่เกิน 7 คน,FORD,MUSTANG 2.3L ECOBOOST FASTBACK,26
280,2565,รถยนต์นั่งส่วนบุคคลไม่เกิน 7 คน,FORD,MUSTANG 2.3L FASTBACK,1
281,2565,รถยนต์นั่งส่วนบุคคลไม่เกิน 7 คน,FORD,MUSTANG 5.0 GT FASTBACK,1
282,2565,รถยนต์นั่งส่วนบุคคลไม่เกิน 7 คน,FORD,MUSTANG 5.0 GT V8 PREMIUM,1
283,2565,รถยนต์นั่งส่วนบุคคลไม่เกิน 7 คน,FORD,MUSTANG 5.0L V8 GT,4
284,2565,รถยนต์นั่งส่วนบุคคลไม่เกิน 7 คน,FORD,MUSTANG ECOBOOST,1
285,2565,รถยนต์นั่งส่วนบุคคลไม่เกิน 7 คน,FORD,MUSTANG ECOBOOST PREMIUM,13
286,2565,รถยนต์นั่งส่วนบุคคลไม่เกิน 7 คน,FORD,MUSTANG GT FASTBACK 5.0L,2
287,2565,รถยนต์นั่งส่วนบุคคลไม่เกิน 7 คน,FORD,MUSTANG MACH 1,3
288,2565,รถยนต์นั่งส่วนบุคคลไม่เกิน 7 คน,FORD,MUSTANG MACH-E 5 DOOR GT,2
289,2565,รถยนต์นั่งส่วนบุคคลไม่เกิน 7 คน,FORD,MUSTANG MACH-E AWD,11
290,2565,รถยนต์นั่งส่วนบุคคลไม่เกิน 7 คน,FORD,MUSTANG MACH-E EXTENDED RANGE,11
291,2565,รถยนต์นั่งส่วนบุคคลไม่เกิน 7 คน,FORD,MUSTANG MACH-E GT EXTENDED,1
292,2565,รถยนต์นั่งส่วนบุคคลไม่เกิน 7 คน,FORD,MUSTANG MACH-E PREMIUM,1
293,2565,รถยนต์นั่งส่วนบุคคลไม่เกิน 7 คน,FORD,MUSTANG MACH-E RWD,4
294,2565,รถยนต์นั่งส่วนบุคคลไม่เกิน 7 คน,FORD,MUSTANG MACH-E STANDARD,1
295,2565,รถยนต์นั่งส่วนบุคคลไม่เกิน 7 คน,FORD,MUSTANG SHELBY GT500,1
296,2565,รถยนต์นั่งส่วนบุคคลไม่เกิน 7 คน,FORD,RANGER,19134
297,2565,รถยนต์นั่งส่วนบุคคลไม่เกิน 7 คน,FORD,RANGER RAPTOR,1585
298,2565,รถยนต์นั่งส่วนบุคคลไม่เกิน 7 คน,FORD,Territory,1
299,2565,รถยนต์นั่งส่วนบุคคลไม่เกิน 7 คน,FOTON,TUNLAND DC 4X2 S,17
300,2565,รถยนต์นั่งส่วนบุคคลไม่เกิน 7 คน,FOTON,TUNLAND DC 4X2 S PREMIUM,12
301,2565,รถยนต์นั่งส่วนบุคคลไม่เกิน 7 คน,HAVAL,H6 HEV PRO,782
302,2565,รถยนต์นั่งส่วนบุคคลไม่เกิน 7 คน,HAVAL,H6 HEV ULTRA,3633
303,2565,รถยนต์นั่งส่วนบุคคลไม่เกิน 7 คน,HAVAL,H6 PLUG-IN HYBRID,20
304,2565,รถยนต์นั่งส่วนบุคคลไม่เกิน 7 คน,HAVAL,JOLION HYBRID,2609
305,2565,รถยนต์นั่งส่วนบุคคลไม่เกิน 7 คน,HONDA,ACCORD,4191
306,2565,รถยนต์นั่งส่วนบุคคลไม่เกิน 7 คน,HONDA,ACCORD HYBRID,172
307,2565,รถยนต์นั่งส่วนบุคคลไม่เกิน 7 คน,HONDA,ACCORD HYBRID'15,1
308,2565,รถยนต์นั่งส่วนบุคคลไม่เกิน 7 คน,HONDA,ACCORD'13,1
309,2565,รถยนต์นั่งส่วนบุคคลไม่เกิน 7 คน,HONDA,ACCORDHYBRID'14,1
310,2565,รถยนต์นั่งส่วนบุคคลไม่เกิน 7 คน,HONDA,BR-V,975
311,2565,รถยนต์นั่งส่วนบุคคลไม่เกิน 7 คน,HONDA,BRIO,1
312,2565,รถยนต์นั่งส่วนบุคคลไม่เกิน 7 คน,HONDA,BRIO AMAZE,6
313,2565,รถยนต์นั่งส่วนบุคคลไม่เกิน 7 คน,HONDA,CITY,23873
314,2565,รถยนต์นั่งส่วนบุคคลไม่เกิน 7 คน,HONDA,CITY HATCHBACK,22348
315,2565,รถยนต์นั่งส่วนบุคคลไม่เกิน 7 คน,HONDA,CITY'10,1
316,2565,รถยนต์นั่งส่วนบุคคลไม่เกิน 7 คน,HONDA,CIVIC,15542
317,2565,รถยนต์นั่งส่วนบุคคลไม่เกิน 7 คน,HONDA,CIVIC TYPE R,6
318,2565,รถยนต์นั่งส่วนบุคคลไม่เกิน 7 คน,HONDA,CIVIC TYPE R GT,2
319,2565,รถยนต์นั่งส่วนบุคคลไม่เกิน 7 คน,HONDA,CIVIC TYPE R LIMITED EDITION,1
320,2565,รถยนต์นั่งส่วนบุคคลไม่เกิน 7 คน,HONDA,CIVIC'12,1
321,2565,รถยนต์นั่งส่วนบุคคลไม่เกิน 7 คน,HONDA,CR-V,3155
322,2565,รถยนต์นั่งส่วนบุคคลไม่เกิน 7 คน,HONDA,CR-V'07,1
323,2565,รถยนต์นั่งส่วนบุคคลไม่เกิน 7 คน,HONDA,CR-V'13,1
324,2565,รถยนต์นั่งส่วนบุคคลไม่เกิน 7 คน,HONDA,E ADVANCE,4
325,2565,รถยนต์นั่งส่วนบุคคลไม่เกิน 7 คน,HONDA,HR-V,14825
326,2565,รถยนต์นั่งส่วนบุคคลไม่เกิน 7 คน,HONDA,HR-V'15,5
327,2565,รถยนต์นั่งส่วนบุคคลไม่เกิน 7 คน,HONDA,JAZZ,3465
328,2565,รถยนต์นั่งส่วนบุคคลไม่เกิน 7 คน,HONDA,JAZZ'15,4
329,2565,รถยนต์นั่งส่วนบุคคลไม่เกิน 7 คน,HONDA,JAZZ'16,1
330,2565,รถยนต์นั่งส่วนบุคคลไม่เกิน 7 คน,HONDA,MOBILIO,101
331,2565,รถยนต์นั่งส่วนบุคคลไม่เกิน 7 คน,HONDA,MOBILIO'15,2
332,2565,รถยนต์นั่งส่วนบุคคลไม่เกิน 7 คน,HONDA,N BOX CUSTOM G EX TURBO,1
333,2565,รถยนต์นั่งส่วนบุคคลไม่เกิน 7 คน,HONDA,N BOX CUSTOM L TURBO,11
334,2565,รถยนต์นั่งส่วนบุคคลไม่เกิน 7 คน,HONDA,N BOX L TURBO,6
335,2565,รถยนต์นั่งส่วนบุคคลไม่เกิน 7 คน,HONDA,N VAN,1
336,2565,รถยนต์นั่งส่วนบุคคลไม่เกิน 7 คน,HONDA,N-BOX CUSTOM L TURBO,4
337,2565,รถยนต์นั่งส่วนบุคคลไม่เกิน 7 คน,HONDA,N-BOX G EX SENSING,1
338,2565,รถยนต์นั่งส่วนบุคคลไม่เกิน 7 คน,HONDA,N-BOX G-EX TURBO,1
339,2565,รถยนต์นั่งส่วนบุคคลไม่เกิน 7 คน,HONDA,N-BOX L,1
340,2565,รถยนต์นั่งส่วนบุคคลไม่เกิน 7 คน,HONDA,N-ONE,1
341,2565,รถยนต์นั่งส่วนบุคคลไม่เกิน 7 คน,HONDA,NSX,1
342,2565,รถยนต์นั่งส่วนบุคคลไม่เกิน 7 คน,HONDA,NSX HYBRID,1
343,2565,รถยนต์นั่งส่วนบุคคลไม่เกิน 7 คน,HONDA,NSX-R,2
344,2565,รถยนต์นั่งส่วนบุคคลไม่เกิน 7 คน,HONDA,NSX-T,1
345,2565,รถยนต์นั่งส่วนบุคคลไม่เกิน 7 คน,HONDA,ODYSSEY ABSOLUTE EX,10
346,2565,รถยนต์นั่งส่วนบุคคลไม่เกิน 7 คน,HONDA,ODYSSEY ABSOLUTE EX HYBRID,9
347,2565,รถยนต์นั่งส่วนบุคคลไม่เกิน 7 คน,HONDA,ODYSSEY e-HEV ABSOLUTE EX,22
348,2565,รถยนต์นั่งส่วนบุคคลไม่เกิน 7 คน,HONDA,S660,4
349,2565,รถยนต์นั่งส่วนบุคคลไม่เกิน 7 คน,HONDA,S660 6AT,1
350,2565,รถยนต์นั่งส่วนบุคคลไม่เกิน 7 คน,HONDA,S660 6MT,1
351,2565,รถยนต์นั่งส่วนบุคคลไม่เกิน 7 คน,HONDA,S660 ALPHA,3
352,2565,รถยนต์นั่งส่วนบุคคลไม่เกิน 7 คน,HONDA,S660 MODULO X 6AT,1
353,2565,รถยนต์นั่งส่วนบุคคลไม่เกิน 7 คน,HONDA,S660 MODULO X SPECIAL VER.Z,4
354,2565,รถยนต์นั่งส่วนบุคคลไม่เกิน 7 คน,HONDA,S660 MUGEN RA,1
355,2565,รถยนต์นั่งส่วนบุคคลไม่เกิน 7 คน,HONDA,S660 SPOON 6MT,1
356,2565,รถยนต์นั่งส่วนบุคคลไม่เกิน 7 คน,HONDA,STEP WGN e-HEV SPADA G,2
357,2565,รถยนต์นั่งส่วนบุคคลไม่เกิน 7 คน,HONDA,STEP WGN e-HEV SPADA G EX,6
358,2565,รถยนต์นั่งส่วนบุคคลไม่เกิน 7 คน,HONDA,STEP WGN e-HEV SPADA PREMIUM,6
359,2565,รถยนต์นั่งส่วนบุคคลไม่เกิน 7 คน,HONDA,STEP WGN E HEV SPADA G EX,20
360,2565,รถยนต์นั่งส่วนบุคคลไม่เกิน 7 คน,HONDA,STEP WGN SPADA HYBRID G,2
361,2565,รถยนต์นั่งส่วนบุคคลไม่เกิน 7 คน,HONDA,STEP WGN SPADA HYBRID PREMIUM,1
362,2565,รถยนต์นั่งส่วนบุคคลไม่เกิน 7 คน,HONDA,STEP WGN SPADA PREMIUM LINE,2
363,2565,รถยนต์นั่งส่วนบุคคลไม่เกิน 7 คน,HONDA,STEPWAGON e:HEV PREMIUM LINE,1
364,2565,รถยนต์นั่งส่วนบุคคลไม่เกิน 7 คน,HONDA,STEPWAGON e:HEV SPADA,1
365,2565,รถยนต์นั่งส่วนบุคคลไม่เกิน 7 คน,HONDA,STEPWAGON SPADA 2.0 HYBRID,1
366,2565,รถยนต์นั่งส่วนบุคคลไม่เกิน 7 คน,HONDA,STEPWAGON SPADA HYBRID eHEV G,17
367,2565,รถยนต์นั่งส่วนบุคคลไม่เกิน 7 คน,HONDA,STEPWAGON SPADA2.0 HYBRID,2
368,2565,รถยนต์นั่งส่วนบุคคลไม่เกิน 7 คน,HONDA,STEPWGN e:HEV AIR,1
369,2565,รถยนต์นั่งส่วนบุคคลไม่เกิน 7 คน,HONDA,STEPWGN e:HEV SPADA,6
370,2565,รถยนต์นั่งส่วนบุคคลไม่เกิน 7 คน,HONDA,STEPWGN e:HEV SPADA G EX,19
371,2565,รถยนต์นั่งส่วนบุคคลไม่เกิน 7 คน,HONDA,STEPWGN SPADA HYBRID G,1
372,2565,รถยนต์นั่งส่วนบุคคลไม่เกิน 7 คน,HONGQI,H9,1
373,2565,รถยนต์นั่งส่วนบุคคลไม่เกิน 7 คน,HYUNDAI,COUNTY,1
374,2565,รถยนต์นั่งส่วนบุคคลไม่เกิน 7 คน,HYUNDAI,CRETA,199
375,2565,รถยนต์นั่งส่วนบุคคลไม่เกิน 7 คน,HYUNDAI,GRAND STAREX,21
376,2565,รถยนต์นั่งส่วนบุคคลไม่เกิน 7 คน,HYUNDAI,IONIQ EV,2
377,2565,รถยนต์นั่งส่วนบุคคลไม่เกิน 7 คน,HYUNDAI,KONA EV,3
378,2565,รถยนต์นั่งส่วนบุคคลไม่เกิน 7 คน,HYUNDAI,PALISADE,1
379,2565,รถยนต์นั่งส่วนบุคคลไม่เกิน 7 คน,HYUNDAI,TUCSON,1
380,2565,รถยนต์นั่งส่วนบุคคลไม่เกิน 7 คน,ISUZU,CAB4 SX 2.5,1
381,2565,รถยนต์นั่งส่วนบุคคลไม่เกิน 7 คน,ISUZU,D-MAX,93108
382,2565,รถยนต์นั่งส่วนบุคคลไม่เกิน 7 คน,ISUZU,D-MAX New Style,1
383,2565,รถยนต์นั่งส่วนบุคคลไม่เกิน 7 คน,ISUZU,ISUZU,1
384,2565,รถยนต์นั่งส่วนบุคคลไม่เกิน 7 คน,ISUZU,MU-X,19373
385,2565,รถยนต์นั่งส่วนบุคคลไม่เกิน 7 คน,ISUZU,TFR86GWRH5 (P),1
386,2565,รถยนต์นั่งส่วนบุคคลไม่เกิน 7 คน,ISUZU,TFR86JCQN4 (M),1
387,2565,รถยนต์นั่งส่วนบุคคลไม่เกิน 7 คน,ISUZU,TFS86JCQH3 (M),2
388,2565,รถยนต์นั่งส่วนบุคคลไม่เกิน 7 คน,ISUZU,,19
389,2565,รถยนต์นั่งส่วนบุคคลไม่เกิน 7 คน,JAGUAR,F-PACE 2.0L T/C AWD AUTO,2
390,2565,รถยนต์นั่งส่วนบุคคลไม่เกิน 7 คน,JAGUAR,F-TYPE 2.0 LITRE T/C PETROL,1
391,2565,รถยนต์นั่งส่วนบุคคลไม่เกิน 7 คน,JAGUAR,F-TYPE 2.0 LITRE T/C RWD,1
392,2565,รถยนต์นั่งส่วนบุคคลไม่เกิน 7 คน,JAGUAR,I-PACE AWD HSE,1
393,2565,รถยนต์นั่งส่วนบุคคลไม่เกิน 7 คน,JAGUAR,I-PACE AWD S,1
394,2565,รถยนต์นั่งส่วนบุคคลไม่เกิน 7 คน,JAGUAR,XF 2.0L T/C RWD AUTO PORTFOLIO,1
395,2565,รถยนต์นั่งส่วนบุคคลไม่เกิน 7 คน,JEEP,CHEROKEE 2.0,1
396,2565,รถยนต์นั่งส่วนบุคคลไม่เกิน 7 คน,JEEP,GLADIATOR RUBICON,10
397,2565,รถยนต์นั่งส่วนบุคคลไม่เกิน 7 คน,JEEP,GLADIATOR RUBICON 4dr,7
398,2565,รถยนต์นั่งส่วนบุคคลไม่เกิน 7 คน,JEEP,RENEGADE TRAILHAWK 2.0,1
399,2565,รถยนต์นั่งส่วนบุคคลไม่เกิน 7 คน,JEEP,WRANGLER 80TH ANNIVERSARY,4
400,2565,รถยนต์นั่งส่วนบุคคลไม่เกิน 7 คน,JEEP,WRANGLER RUBICON,25
401,2565,รถยนต์นั่งส่วนบุคคลไม่เกิน 7 คน,JEEP,WRANGLER RUBICON 2.2D,1
402,2565,รถยนต์นั่งส่วนบุคคลไม่เกิน 7 คน,JEEP,WRANGLER RUBICON 2dr,1
403,2565,รถยนต์นั่งส่วนบุคคลไม่เกิน 7 คน,JEEP,WRANGLER RUBICON 2dr 2.0,1
404,2565,รถยนต์นั่งส่วนบุคคลไม่เกิน 7 คน,JEEP,WRANGLER RUBICON 4dr,2
405,2565,รถยนต์นั่งส่วนบุคคลไม่เกิน 7 คน,JEEP,WRANGLER RUBICON 4dr 2.0,4
406,2565,รถยนต์นั่งส่วนบุคคลไม่เกิน 7 คน,JEEP,WRANGLER SAHARA,2
407,2565,รถยนต์นั่งส่วนบุคคลไม่เกิน 7 คน,JEEP,WRANGLER SAHARA 4dr,1
408,2565,รถยนต์นั่งส่วนบุคคลไม่เกิน 7 คน,JEEP,WRANGLER SAHARA 4DR,2
409,2565,รถยนต์นั่งส่วนบุคคลไม่เกิน 7 คน,JEEP,,1
410,2565,รถยนต์นั่งส่วนบุคคลไม่เกิน 7 คน,KIA,GRAND CARNIVAL 2.9L LX,1
411,2565,รถยนต์นั่งส่วนบุคคลไม่เกิน 7 คน,KIA,SOUL,1
412,2565,รถยนต์นั่งส่วนบุคคลไม่เกิน 7 คน,LAMBORGHINI,AVENTADOR S,1
413,2565,รถยนต์นั่งส่วนบุคคลไม่เกิน 7 คน,LAMBORGHINI,AVENTADOR SVJ,2
414,2565,รถยนต์นั่งส่วนบุคคลไม่เกิน 7 คน,LAMBORGHINI,AVENTADOR SVJ ROADSTER,1
415,2565,รถยนต์นั่งส่วนบุคคลไม่เกิน 7 คน,LAMBORGHINI,AVENTADOR ULTIMAE,2
416,2565,รถยนต์นั่งส่วนบุคคลไม่เกิน 7 คน,LAMBORGHINI,AVENTADOR ULTIMAE ROADSTER,1
417,2565,รถยนต์นั่งส่วนบุคคลไม่เกิน 7 คน,LAMBORGHINI,HURACAN EVO,8
418,2565,รถยนต์นั่งส่วนบุคคลไม่เกิน 7 คน,LAMBORGHINI,HURACAN EVO RWD,12
419,2565,รถยนต์นั่งส่วนบุคคลไม่เกิน 7 คน,LAMBORGHINI,HURACAN EVO RWD SPYDER,6
420,2565,รถยนต์นั่งส่วนบุคคลไม่เกิน 7 คน,LAMBORGHINI,HURACAN EVO SPYDER,1
421,2565,รถยนต์นั่งส่วนบุคคลไม่เกิน 7 คน,LAMBORGHINI,HURACAN STO,5
422,2565,รถยนต์นั่งส่วนบุคคลไม่เกิน 7 คน,LAMBORGHINI,URUS,15
423,2565,รถยนต์นั่งส่วนบุคคลไม่เกิน 7 คน,LAMBORGHINI,URUS V8 4.0 AUTO,1
424,2565,รถยนต์นั่งส่วนบุคคลไม่เกิน 7 คน,LAND ROVER,DEFENDER 110 DOUBLE CAB PICKUP,1
425,2565,รถยนต์นั่งส่วนบุคคลไม่เกิน 7 คน,LAND ROVER,DEFENDER 110 HERITAGE STATION,2
426,2565,รถยนต์นั่งส่วนบุคคลไม่เกิน 7 คน,LAND ROVER,DEFENDER 110 X 3.0 MHEV,1
427,2565,รถยนต์นั่งส่วนบุคคลไม่เกิน 7 คน,LAND ROVER,DEFENDER 2.0L T/C AWD,1
428,2565,รถยนต์นั่งส่วนบุคคลไม่เกิน 7 คน,LAND ROVER,DEFENDER 2.0L T/C AWD AUTO SE,23
429,2565,รถยนต์นั่งส่วนบุคคลไม่เกิน 7 คน,LAND ROVER,DEFENDER 2.0L T/C PETROL,1
430,2565,รถยนต์นั่งส่วนบุคคลไม่เกิน 7 คน,LAND ROVER,DEFENDER 2.0L T/C PETROL PHEV,24
431,2565,รถยนต์นั่งส่วนบุคคลไม่เกิน 7 คน,LAND ROVER,DEFENDER 3.0L T/C AWD AUTO SE,1
432,2565,รถยนต์นั่งส่วนบุคคลไม่เกิน 7 คน,LAND ROVER,DEFENDER 5.0 LITRE S/C PETROL,1
433,2565,รถยนต์นั่งส่วนบุคคลไม่เกิน 7 คน,LAND ROVER,DEFENDER 90 HERITAGE STATION,1
434,2565,รถยนต์นั่งส่วนบุคคลไม่เกิน 7 คน,LAND ROVER,DEFENDER V8 BOND EDITION,1
435,2565,รถยนต์นั่งส่วนบุคคลไม่เกิน 7 คน,LAND ROVER,DEFENDER WORKS V8 70TH EDITION,1
436,2565,รถยนต์นั่งส่วนบุคคลไม่เกิน 7 คน,LAND ROVER,DEFENDER3.0LITRE T/C AWD AUTO,2
437,2565,รถยนต์นั่งส่วนบุคคลไม่เกิน 7 คน,LAND ROVER,DISCOVERY SPORT 1.5L T/C,1
438,2565,รถยนต์นั่งส่วนบุคคลไม่เกิน 7 คน,LAND ROVER,RANGE ROVER 2.0L T/C PETROL,5
439,2565,รถยนต์นั่งส่วนบุคคลไม่เกิน 7 คน,LAND ROVER,RANGE ROVER 2.0L T/C PHEV,6
440,2565,รถยนต์นั่งส่วนบุคคลไม่เกิน 7 คน,LAND ROVER,RANGE ROVER 3.0 LITRE T/C AWD,4
441,2565,รถยนต์นั่งส่วนบุคคลไม่เกิน 7 คน,LAND ROVER,RANGE ROVER EVOQUE 1.5LITRE,12
442,2565,รถยนต์นั่งส่วนบุคคลไม่เกิน 7 คน,LAND ROVER,RANGE ROVER SPORT 2.0L,1
443,2565,รถยนต์นั่งส่วนบุคคลไม่เกิน 7 คน,LAND ROVER,RANGE ROVER SPORT 2.0L T/C,30
444,2565,รถยนต์นั่งส่วนบุคคลไม่เกิน 7 คน,LAND ROVER,RANGE ROVER SPORT3.0LSDV6,1
445,2565,รถยนต์นั่งส่วนบุคคลไม่เกิน 7 คน,LAND ROVER,RANGE ROVER VELAR 2.0L,1
446,2565,รถยนต์นั่งส่วนบุคคลไม่เกิน 7 คน,LAND ROVER,RANGEROVER EVOQUE1.5LITRE T/C,8
447,2565,รถยนต์นั่งส่วนบุคคลไม่เกิน 7 คน,LAND ROVER,RANGEROVER2.0L T/C PETROL,2
448,2565,รถยนต์นั่งส่วนบุคคลไม่เกิน 7 คน,LAND ROVER,RANGEROVER2.0L T/C PETROL PHEV,1
449,2565,รถยนต์นั่งส่วนบุคคลไม่เกิน 7 คน,LEXUS,ES300H,102
450,2565,รถยนต์นั่งส่วนบุคคลไม่เกิน 7 คน,LEXUS,GS250,1
451,2565,รถยนต์นั่งส่วนบุคคลไม่เกิน 7 คน,LEXUS,IS300H,89
452,2565,รถยนต์นั่งส่วนบุคคลไม่เกิน 7 คน,LEXUS,LC500 5.0 V8,1
453,2565,รถยนต์นั่งส่วนบุคคลไม่เกิน 7 คน,LEXUS,LC500 SPORT PACK,1
454,2565,รถยนต์นั่งส่วนบุคคลไม่เกิน 7 คน,LEXUS,LM300h,229
455,2565,รถยนต์นั่งส่วนบุคคลไม่เกิน 7 คน,LEXUS,LS350,1
456,2565,รถยนต์นั่งส่วนบุคคลไม่เกิน 7 คน,LEXUS,LS500H,4
457,2565,รถยนต์นั่งส่วนบุคคลไม่เกิน 7 คน,LEXUS,LX 600,4
458,2565,รถยนต์นั่งส่วนบุคคลไม่เกิน 7 คน,LEXUS,NX300h,10
459,2565,รถยนต์นั่งส่วนบุคคลไม่เกิน 7 คน,LEXUS,NX350H,44
460,2565,รถยนต์นั่งส่วนบุคคลไม่เกิน 7 คน,LEXUS,NX450H+,62
461,2565,รถยนต์นั่งส่วนบุคคลไม่เกิน 7 คน,LEXUS,RX200t,1
462,2565,รถยนต์นั่งส่วนบุคคลไม่เกิน 7 คน,LEXUS,RX300,60
463,2565,รถยนต์นั่งส่วนบุคคลไม่เกิน 7 คน,LEXUS,RX350,1
464,2565,รถยนต์นั่งส่วนบุคคลไม่เกิน 7 คน,LEXUS,UX250H,35
465,2565,รถยนต์นั่งส่วนบุคคลไม่เกิน 7 คน,LEXUS,UX300E,4
466,2565,รถยนต์นั่งส่วนบุคคลไม่เกิน 7 คน,LOTUS,ELISE SPORT 220,1
467,2565,รถยนต์นั่งส่วนบุคคลไม่เกิน 7 คน,MASERATI,GHIBLI DIESEL,2
468,2565,รถยนต์นั่งส่วนบุคคลไม่เกิน 7 คน,MASERATI,GHIBLI DIESEL GRANLUSSO,4
469,2565,รถยนต์นั่งส่วนบุคคลไม่เกิน 7 คน,MASERATI,GHIBLI GRANLUSSO,1
470,2565,รถยนต์นั่งส่วนบุคคลไม่เกิน 7 คน,MASERATI,GHIBLI GT HYBRID,3
471,2565,รถยนต์นั่งส่วนบุคคลไม่เกิน 7 คน,MASERATI,GHIBLI GT HYBRID MY22,1
472,2565,รถยนต์นั่งส่วนบุคคลไม่เกิน 7 คน,MASERATI,GHIBLI MILD HYBRID GRANLUSSO,5
473,2565,รถยนต์นั่งส่วนบุคคลไม่เกิน 7 คน,MASERATI,GHIBLI MILD HYBRID GRANSPORT,6
474,2565,รถยนต์นั่งส่วนบุคคลไม่เกิน 7 คน,MASERATI,GRANCABRIO SPORT,1
475,2565,รถยนต์นั่งส่วนบุคคลไม่เกิน 7 คน,MASERATI,LEVANTE DIESEL,1
476,2565,รถยนต์นั่งส่วนบุคคลไม่เกิน 7 คน,MASERATI,LEVANTE DIESEL GRANLUSSO,4
477,2565,รถยนต์นั่งส่วนบุคคลไม่เกิน 7 คน,MASERATI,LEVANTE DIESEL GRANSPORT,7
478,2565,รถยนต์นั่งส่วนบุคคลไม่เกิน 7 คน,MASERATI,LEVANTE DIESEL MY 20,1
479,2565,รถยนต์นั่งส่วนบุคคลไม่เกิน 7 คน,MASERATI,LEVANTE GRANSPORT,3
480,2565,รถยนต์นั่งส่วนบุคคลไม่เกิน 7 คน,MASERATI,LEVANTE HYBRID GT,1
481,2565,รถยนต์นั่งส่วนบุคคลไม่เกิน 7 คน,MASERATI,MC20,7
482,2565,รถยนต์นั่งส่วนบุคคลไม่เกิน 7 คน,MASERATI,MC20 COUPE,1
483,2565,รถยนต์นั่งส่วนบุคคลไม่เกิน 7 คน,MASERATI,QUATTROPORTE DIESEL GRANL,2
484,2565,รถยนต์นั่งส่วนบุคคลไม่เกิน 7 คน,MAZDA,MAZDA 2,18662
485,2565,รถยนต์นั่งส่วนบุคคลไม่เกิน 7 คน,MAZDA,MAZDA 3,1754
486,2565,รถยนต์นั่งส่วนบุคคลไม่เกิน 7 คน,MAZDA,MAZDA BT-50,713
487,2565,รถยนต์นั่งส่วนบุคคลไม่เกิน 7 คน,MAZDA,MAZDA CX-3,5272
488,2565,รถยนต์นั่งส่วนบุคคลไม่เกิน 7 คน,MAZDA,MAZDA CX-30,7283
489,2565,รถยนต์นั่งส่วนบุคคลไม่เกิน 7 คน,MAZDA,MAZDA CX-5,1005
490,2565,รถยนต์นั่งส่วนบุคคลไม่เกิน 7 คน,MAZDA,MAZDA CX-8,1210
491,2565,รถยนต์นั่งส่วนบุคคลไม่เกิน 7 คน,MAZDA,MAZDA MX-5,7
492,2565,รถยนต์นั่งส่วนบุคคลไม่เกิน 7 คน,MAZDA,MX-5 ROADSTER 30TH ANNIVERSARY,1
493,2565,รถยนต์นั่งส่วนบุคคลไม่เกิน 7 คน,MAZDA,MX-5 ROADSTER 990S,1
494,2565,รถยนต์นั่งส่วนบุคคลไม่เกิน 7 คน,MAZDA,MX-5 ROADSTER NR-A,2
495,2565,รถยนต์นั่งส่วนบุคคลไม่เกิน 7 คน,MAZDA,MX-5 ROADSTER RF 100TH,1
496,2565,รถยนต์นั่งส่วนบุคคลไม่เกิน 7 คน,MCLAREN,720S COUPE,9
497,2565,รถยนต์นั่งส่วนบุคคลไม่เกิน 7 คน,MCLAREN,720S COUPE V8,1
498,2565,รถยนต์นั่งส่วนบุคคลไม่เกิน 7 คน,MCLAREN,720S LE MANS COUPE,2
499,2565,รถยนต์นั่งส่วนบุคคลไม่เกิน 7 คน,MCLAREN,720S SPIDER,4
500,2565,รถยนต์นั่งส่วนบุคคลไม่เกิน 7 คน,MCLAREN,765L T COUPE,4
501,2565,รถยนต์นั่งส่วนบุคคลไม่เกิน 7 คน,MCLAREN,765LT,1
502,2565,รถยนต์นั่งส่วนบุคคลไม่เกิน 7 คน,MCLAREN,765LT SPIDER,2
503,2565,รถยนต์นั่งส่วนบุคคลไม่เกิน 7 คน,MCLAREN,GT,6
504,2565,รถยนต์นั่งส่วนบุคคลไม่เกิน 7 คน,MERCEDES,G63 AMG BRABUS 800,1
505,2565,รถยนต์นั่งส่วนบุคคลไม่เกิน 7 คน,MERCEDES BENZ,A 200,1012
506,2565,รถยนต์นั่งส่วนบุคคลไม่เกิน 7 คน,MERCEDES BENZ,A 250 SPORT,2
507,2565,รถยนต์นั่งส่วนบุคคลไม่เกิน 7 คน,MERCEDES BENZ,AMG A 45 S 4MATIC+,4
508,2565,รถยนต์นั่งส่วนบุคคลไม่เกิน 7 คน,MERCEDES BENZ,AMG C 43 4MATIC,19
509,2565,รถยนต์นั่งส่วนบุคคลไม่เกิน 7 คน,MERCEDES BENZ,AMG C43 4MATIC Coupe,174
510,2565,รถยนต์นั่งส่วนบุคคลไม่เกิน 7 คน,MERCEDES BENZ,AMG CLA 35 4MATIC Coupe,17
511,2565,รถยนต์นั่งส่วนบุคคลไม่เกิน 7 คน,MERCEDES BENZ,AMG CLA 45 S 4MATIC+,3
512,2565,รถยนต์นั่งส่วนบุคคลไม่เกิน 7 คน,MERCEDES BENZ,AMG CLS 53 4MATIC,271
513,2565,รถยนต์นั่งส่วนบุคคลไม่เกิน 7 คน,MERCEDES BENZ,AMG E 53 4MATIC+,19
514,2565,รถยนต์นั่งส่วนบุคคลไม่เกิน 7 คน,MERCEDES BENZ,AMG E 53 4MATIC+ Coupe,4
515,2565,รถยนต์นั่งส่วนบุคคลไม่เกิน 7 คน,MERCEDES BENZ,AMG E53 CABRIOLET,1
516,2565,รถยนต์นั่งส่วนบุคคลไม่เกิน 7 คน,MERCEDES BENZ,AMG G 63,48
517,2565,รถยนต์นั่งส่วนบุคคลไม่เกิน 7 คน,MERCEDES BENZ,AMG G400D LINE PREMIUM PLUS,2
518,2565,รถยนต์นั่งส่วนบุคคลไม่เกิน 7 คน,MERCEDES BENZ,AMG G63 BRABUS,1
519,2565,รถยนต์นั่งส่วนบุคคลไม่เกิน 7 คน,MERCEDES BENZ,AMG GLA 35 4MATIC,98
520,2565,รถยนต์นั่งส่วนบุคคลไม่เกิน 7 คน,MERCEDES BENZ,AMG GLC 43 4MATIC Coupe,149
521,2565,รถยนต์นั่งส่วนบุคคลไม่เกิน 7 คน,MERCEDES BENZ,AMG GLE 43 4MATIC Coupe,1
522,2565,รถยนต์นั่งส่วนบุคคลไม่เกิน 7 คน,MERCEDES BENZ,AMG GLE 53 4MATIC+,62
523,2565,รถยนต์นั่งส่วนบุคคลไม่เกิน 7 คน,MERCEDES BENZ,AMG GT 53 4MATIC+,6
524,2565,รถยนต์นั่งส่วนบุคคลไม่เกิน 7 คน,MERCEDES BENZ,AMG GT Black Series,3
525,2565,รถยนต์นั่งส่วนบุคคลไม่เกิน 7 คน,MERCEDES BENZ,AMG GT C,3
526,2565,รถยนต์นั่งส่วนบุคคลไม่เกิน 7 คน,MERCEDES BENZ,AMG GT R,1
527,2565,รถยนต์นั่งส่วนบุคคลไม่เกิน 7 คน,MERCEDES BENZ,AMG SLC 43,3
528,2565,รถยนต์นั่งส่วนบุคคลไม่เกิน 7 คน,MERCEDES BENZ,C 200 CGI BE,1
529,2565,รถยนต์นั่งส่วนบุคคลไม่เกิน 7 คน,MERCEDES BENZ,C 200 Coupe,347
530,2565,รถยนต์นั่งส่วนบุคคลไม่เกิน 7 คน,MERCEDES BENZ,C 220 d,1595
531,2565,รถยนต์นั่งส่วนบุคคลไม่เกิน 7 คน,MERCEDES BENZ,C 300 BLUETEC HYBRID,1
532,2565,รถยนต์นั่งส่วนบุคคลไม่เกิน 7 คน,MERCEDES BENZ,C 300 e,687
533,2565,รถยนต์นั่งส่วนบุคคลไม่เกิน 7 คน,MERCEDES BENZ,C 350 e,32
534,2565,รถยนต์นั่งส่วนบุคคลไม่เกิน 7 คน,MERCEDES BENZ,C180 SPORT COUPE,1
535,2565,รถยนต์นั่งส่วนบุคคลไม่เกิน 7 คน,MERCEDES BENZ,C250 COUPE,15
536,2565,รถยนต์นั่งส่วนบุคคลไม่เกิน 7 คน,MERCEDES BENZ,C300 Cabriolet,4
537,2565,รถยนต์นั่งส่วนบุคคลไม่เกิน 7 คน,MERCEDES BENZ,CLA 180,1
538,2565,รถยนต์นั่งส่วนบุคคลไม่เกิน 7 คน,MERCEDES BENZ,CLA 250 COUPE,1
539,2565,รถยนต์นั่งส่วนบุคคลไม่เกิน 7 คน,MERCEDES BENZ,CLA200,12
540,2565,รถยนต์นั่งส่วนบุคคลไม่เกิน 7 คน,MERCEDES BENZ,CLA250,28
541,2565,รถยนต์นั่งส่วนบุคคลไม่เกิน 7 คน,MERCEDES BENZ,CLS 220 d,483
542,2565,รถยนต์นั่งส่วนบุคคลไม่เกิน 7 คน,MERCEDES BENZ,CLS 300 d,156
543,2565,รถยนต์นั่งส่วนบุคคลไม่เกิน 7 คน,MERCEDES BENZ,CLS 300 d Coupe,12
544,2565,รถยนต์นั่งส่วนบุคคลไม่เกิน 7 คน,MERCEDES BENZ,E 200 Cabriolet,4
545,2565,รถยนต์นั่งส่วนบุคคลไม่เกิน 7 คน,MERCEDES BENZ,E 200 CABRIOLET,1
546,2565,รถยนต์นั่งส่วนบุคคลไม่เกิน 7 คน,MERCEDES BENZ,E 200 Coupe,185
547,2565,รถยนต์นั่งส่วนบุคคลไม่เกิน 7 คน,MERCEDES BENZ,E 200 SEDAN,3
548,2565,รถยนต์นั่งส่วนบุคคลไม่เกิน 7 คน,MERCEDES BENZ,E 220 d,783
549,2565,รถยนต์นั่งส่วนบุคคลไม่เกิน 7 คน,MERCEDES BENZ,E 220 d Sedan,3
550,2565,รถยนต์นั่งส่วนบุคคลไม่เกิน 7 คน,MERCEDES BENZ,E 300 BLUETEC HYBRID,2
551,2565,รถยนต์นั่งส่วนบุคคลไม่เกิน 7 คน,MERCEDES BENZ,E 300 Cabriolet,1
552,2565,รถยนต์นั่งส่วนบุคคลไม่เกิน 7 คน,MERCEDES BENZ,E 300 e,1385
553,2565,รถยนต์นั่งส่วนบุคคลไม่เกิน 7 คน,MERCEDES BENZ,E 350 e,120
554,2565,รถยนต์นั่งส่วนบุคคลไม่เกิน 7 คน,MERCEDES BENZ,E200 CGI SALOON,2
555,2565,รถยนต์นั่งส่วนบุคคลไม่เกิน 7 คน,MERCEDES BENZ,E250 CDI,1
556,2565,รถยนต์นั่งส่วนบุคคลไม่เกิน 7 คน,MERCEDES BENZ,E300 Coupe,3
557,2565,รถยนต์นั่งส่วนบุคคลไม่เกิน 7 คน,MERCEDES BENZ,E400d CABRIOLET,1
558,2565,รถยนต์นั่งส่วนบุคคลไม่เกิน 7 คน,MERCEDES BENZ,EQS 450+,6
559,2565,รถยนต์นั่งส่วนบุคคลไม่เกิน 7 คน,MERCEDES BENZ,G 350 d,21
560,2565,รถยนต์นั่งส่วนบุคคลไม่เกิน 7 คน,MERCEDES BENZ,G 350 d AMG,1
561,2565,รถยนต์นั่งส่วนบุคคลไม่เกิน 7 คน,MERCEDES BENZ,G350 D HERITAGE EDITION,1
562,2565,รถยนต์นั่งส่วนบุคคลไม่เกิน 7 คน,MERCEDES BENZ,G400 D,53
563,2565,รถยนต์นั่งส่วนบุคคลไม่เกิน 7 คน,MERCEDES BENZ,G400 D AMG LINE,1
564,2565,รถยนต์นั่งส่วนบุคคลไม่เกิน 7 คน,MERCEDES BENZ,GLA 200,1747
565,2565,รถยนต์นั่งส่วนบุคคลไม่เกิน 7 คน,MERCEDES BENZ,GLA 250,27
566,2565,รถยนต์นั่งส่วนบุคคลไม่เกิน 7 คน,MERCEDES BENZ,GLB 200,130
567,2565,รถยนต์นั่งส่วนบุคคลไม่เกิน 7 คน,MERCEDES BENZ,GLC 220 d,908
568,2565,รถยนต์นั่งส่วนบุคคลไม่เกิน 7 คน,MERCEDES BENZ,GLC 220 d 4MATIC,6
569,2565,รถยนต์นั่งส่วนบุคคลไม่เกิน 7 คน,MERCEDES BENZ,GLC 220 d 4MATIC Coupe,392
570,2565,รถยนต์นั่งส่วนบุคคลไม่เกิน 7 คน,MERCEDES BENZ,GLC 250 4MATIC Coupe,23
571,2565,รถยนต์นั่งส่วนบุคคลไม่เกิน 7 คน,MERCEDES BENZ,GLC 250 d 4MATIC,43
572,2565,รถยนต์นั่งส่วนบุคคลไม่เกิน 7 คน,MERCEDES BENZ,GLC 250 d 4MATIC Coupe,8
573,2565,รถยนต์นั่งส่วนบุคคลไม่เกิน 7 คน,MERCEDES BENZ,GLC 300 e 4MATIC,509
574,2565,รถยนต์นั่งส่วนบุคคลไม่เกิน 7 คน,MERCEDES BENZ,GLC 300 e 4MATIC Coupe,277
575,2565,รถยนต์นั่งส่วนบุคคลไม่เกิน 7 คน,MERCEDES BENZ,GLE 250 d 4MATIC,1
576,2565,รถยนต์นั่งส่วนบุคคลไม่เกิน 7 คน,MERCEDES BENZ,GLE 300 d 4MATIC,231
577,2565,รถยนต์นั่งส่วนบุคคลไม่เกิน 7 คน,MERCEDES BENZ,GLE 350 d 4MATIC Coupe,9
578,2565,รถยนต์นั่งส่วนบุคคลไม่เกิน 7 คน,MERCEDES BENZ,GLE 350 de 4MATIC,172
579,2565,รถยนต์นั่งส่วนบุคคลไม่เกิน 7 คน,MERCEDES BENZ,GLE 500 e 4MATIC,1
580,2565,รถยนต์นั่งส่วนบุคคลไม่เกิน 7 คน,MERCEDES BENZ,GLS 350 d 4MATIC,144
581,2565,รถยนต์นั่งส่วนบุคคลไม่เกิน 7 คน,MERCEDES BENZ,Maybach GLS 600 4MATIC,7
582,2565,รถยนต์นั่งส่วนบุคคลไม่เกิน 7 คน,MERCEDES BENZ,Maybach S 580 4MATIC,4
583,2565,รถยนต์นั่งส่วนบุคคลไม่เกิน 7 คน,MERCEDES BENZ,MAYBACH S650,2
584,2565,รถยนต์นั่งส่วนบุคคลไม่เกิน 7 คน,MERCEDES BENZ,ML 250 BLUETEC 4MATIC,2
585,2565,รถยนต์นั่งส่วนบุคคลไม่เกิน 7 คน,MERCEDES BENZ,R35HP1CZAA04E2,7
586,2565,รถยนต์นั่งส่วนบุคคลไม่เกิน 7 คน,MERCEDES BENZ,S 300 BLUETEC HYBRID,1
587,2565,รถยนต์นั่งส่วนบุคคลไม่เกิน 7 คน,MERCEDES BENZ,S 350 d,146
588,2565,รถยนต์นั่งส่วนบุคคลไม่เกิน 7 คน,MERCEDES BENZ,S 500 e,11
589,2565,รถยนต์นั่งส่วนบุคคลไม่เกิน 7 คน,MERCEDES BENZ,S 500L MILD HYBRID,7
590,2565,รถยนต์นั่งส่วนบุคคลไม่เกิน 7 คน,MERCEDES BENZ,S 560 Coupe,1
591,2565,รถยนต์นั่งส่วนบุคคลไม่เกิน 7 คน,MERCEDES BENZ,S 560 e,99
592,2565,รถยนต์นั่งส่วนบุคคลไม่เกิน 7 คน,MERCEDES BENZ,S 580 e,182
593,2565,รถยนต์นั่งส่วนบุคคลไม่เกิน 7 คน,MERCEDES BENZ,S500 4MATIC L AMG LINE,2
594,2565,รถยนต์นั่งส่วนบุคคลไม่เกิน 7 คน,MERCEDES BENZ,S500 LWB AMG LINE Premium,1
595,2565,รถยนต์นั่งส่วนบุคคลไม่เกิน 7 คน,MERCEDES BENZ,S500L AMG SALOON,1
596,2565,รถยนต์นั่งส่วนบุคคลไม่เกิน 7 คน,MERCEDES BENZ,S580E L AMG,1
597,2565,รถยนต์นั่งส่วนบุคคลไม่เกิน 7 คน,MERCEDES BENZ,SLC 300,1
598,2565,รถยนต์นั่งส่วนบุคคลไม่เกิน 7 คน,MERCEDES BENZ,SLC300,4
599,2565,รถยนต์นั่งส่วนบุคคลไม่เกิน 7 คน,MERCEDES BENZ,SLK 200 BE ROADSTER,2
600,2565,รถยนต์นั่งส่วนบุคคลไม่เกิน 7 คน,MERCEDES BENZ,SPRINTER 319 CDI,1
601,2565,รถยนต์นั่งส่วนบุคคลไม่เกิน 7 คน,MERCEDES BENZ,SPRINTER 319 CDI EURO,1
602,2565,รถยนต์นั่งส่วนบุคคลไม่เกิน 7 คน,MERCEDES BENZ,SPRINTER 319 CDI VAN,1
603,2565,รถยนต์นั่งส่วนบุคคลไม่เกิน 7 คน,MERCEDES BENZ,SPRINTER 388 SINGLE,4
604,2565,รถยนต์นั่งส่วนบุคคลไม่เกิน 7 คน,MERCEDES BENZ,SPRINTER 419 CDI (907),1
605,2565,รถยนต์นั่งส่วนบุคคลไม่เกิน 7 คน,MERCEDES BENZ,TYPE S 580 4MATIC,1
606,2565,รถยนต์นั่งส่วนบุคคลไม่เกิน 7 คน,MERCEDES BENZ,V 220 d,4
607,2565,รถยนต์นั่งส่วนบุคคลไม่เกิน 7 คน,MERCEDES BENZ,V 250 d,126
608,2565,รถยนต์นั่งส่วนบุคคลไม่เกิน 7 คน,MERCEDES BENZ,,28
609,2565,รถยนต์นั่งส่วนบุคคลไม่เกิน 7 คน,MERCEDESBENZ-MAYBACH,S680 4 M,2
610,2565,รถยนต์นั่งส่วนบุคคลไม่เกิน 7 คน,MG,EP,2361
611,2565,รถยนต์นั่งส่วนบุคคลไม่เกิน 7 คน,MG,HS,2091
612,2565,รถยนต์นั่งส่วนบุคคลไม่เกิน 7 คน,MG,HS PHEV,1594
613,2565,รถยนต์นั่งส่วนบุคคลไม่เกิน 7 คน,MG,MG EXTENDER,2374
614,2565,รถยนต์นั่งส่วนบุคคลไม่เกิน 7 คน,MG,MG GS,4
615,2565,รถยนต์นั่งส่วนบุคคลไม่เกิน 7 คน,MG,MG5,10986
616,2565,รถยนต์นั่งส่วนบุคคลไม่เกิน 7 คน,MG,MG6,3
617,2565,รถยนต์นั่งส่วนบุคคลไม่เกิน 7 คน,MG,NEW MG3,887
618,2565,รถยนต์นั่งส่วนบุคคลไม่เกิน 7 คน,MG,VS HEV,325
619,2565,รถยนต์นั่งส่วนบุคคลไม่เกิน 7 คน,MG,ZS,8096
620,2565,รถยนต์นั่งส่วนบุคคลไม่เกิน 7 คน,MG,ZS EV,805
621,2565,รถยนต์นั่งส่วนบุคคลไม่เกิน 7 คน,MINI,Cooper 5-Turer RHD,4
622,2565,รถยนต์นั่งส่วนบุคคลไม่เกิน 7 คน,MINI,Cooper Clubman RHD,23
623,2565,รถยนต์นั่งส่วนบุคคลไม่เกิน 7 คน,MINI,Cooper D 5-Turer RHD,3
624,2565,รถยนต์นั่งส่วนบุคคลไม่เกิน 7 คน,MINI,Cooper D Clubman RHD,1
625,2565,รถยนต์นั่งส่วนบุคคลไม่เกิน 7 คน,MINI,Cooper D RHD,6
626,2565,รถยนต์นั่งส่วนบุคคลไม่เกิน 7 คน,MINI,Cooper Hatch RHD,24
627,2565,รถยนต์นั่งส่วนบุคคลไม่เกิน 7 คน,MINI,Cooper S 5-Turer RHD,13
628,2565,รถยนต์นั่งส่วนบุคคลไม่เกิน 7 คน,MINI,Cooper S Cabrio RHD,29
629,2565,รถยนต์นั่งส่วนบุคคลไม่เกิน 7 คน,MINI,Cooper S Clubman RHD,34
630,2565,รถยนต์นั่งส่วนบุคคลไม่เกิน 7 คน,MINI,Cooper S Countryman RHD,822
631,2565,รถยนต์นั่งส่วนบุคคลไม่เกิน 7 คน,MINI,Cooper S Hatch RHD,106
632,2565,รถยนต์นั่งส่วนบุคคลไม่เกิน 7 คน,MINI,Cooper S RHD,3
633,2565,รถยนต์นั่งส่วนบุคคลไม่เกิน 7 คน,MINI,Cooper SE Hatch RHD,220
634,2565,รถยนต์นั่งส่วนบุคคลไม่เกิน 7 คน,MINI,COOPER COUNTRYMAN HIGHTRI,1
635,2565,รถยนต์นั่งส่วนบุคคลไม่เกิน 7 คน,MINI,COOPER ELECTRIC,1
636,2565,รถยนต์นั่งส่วนบุคคลไม่เกิน 7 คน,MINI,COOPER ELECTRIC LEVEL 3,2
637,2565,รถยนต์นั่งส่วนบุคคลไม่เกิน 7 คน,MINI,COOPER S 3-DOOR HATCH,1
638,2565,รถยนต์นั่งส่วนบุคคลไม่เกิน 7 คน,MINI,COOPER S RHD,1
639,2565,รถยนต์นั่งส่วนบุคคลไม่เกิน 7 คน,MINI,John Cooper Works All4 RH,3
640,2565,รถยนต์นั่งส่วนบุคคลไม่เกิน 7 คน,MINI,John Cooper Works ALL4 Cl,15
641,2565,รถยนต์นั่งส่วนบุคคลไม่เกิน 7 คน,MINI,John Cooper Works ALL4 Clubman,3
642,2565,รถยนต์นั่งส่วนบุคคลไม่เกิน 7 คน,MINI,John Cooper Works ALL4 Co,11
643,2565,รถยนต์นั่งส่วนบุคคลไม่เกิน 7 คน,MINI,John Cooper Works cabrio,25
644,2565,รถยนต์นั่งส่วนบุคคลไม่เกิน 7 คน,MINI,John Cooper Works GP RHD,4
645,2565,รถยนต์นั่งส่วนบุคคลไม่เกิน 7 คน,MINI,John Cooper Works Hatch R,57
646,2565,รถยนต์นั่งส่วนบุคคลไม่เกิน 7 คน,MINI,JOHN COOPER WORKS GP,13
647,2565,รถยนต์นั่งส่วนบุคคลไม่เกิน 7 คน,MINI,JOHN COOPER WORKS GP III,1
648,2565,รถยนต์นั่งส่วนบุคคลไม่เกิน 7 คน,MINI,JOHN COOPER WORKS GP3,10
649,2565,รถยนต์นั่งส่วนบุคคลไม่เกิน 7 คน,MINI,JOHN COOPER WORKS HATCH,1
650,2565,รถยนต์นั่งส่วนบุคคลไม่เกิน 7 คน,MINI,,1
651,2565,รถยนต์นั่งส่วนบุคคลไม่เกิน 7 คน,MITSUBISHI,ATTRAGE,4950
652,2565,รถยนต์นั่งส่วนบุคคลไม่เกิน 7 คน,MITSUBISHI,KA4TXJNHZPRU,1
653,2565,รถยนต์นั่งส่วนบุคคลไม่เกิน 7 คน,MITSUBISHI,KG4WGYPSRU,1
654,2565,รถยนต์นั่งส่วนบุคคลไม่เกิน 7 คน,MITSUBISHI,KH4WGYPZRU,1
655,2565,รถยนต์นั่งส่วนบุคคลไม่เกิน 7 คน,MITSUBISHI,KR1WGUMFPRU,1
656,2565,รถยนต์นั่งส่วนบุคคลไม่เกิน 7 คน,MITSUBISHI,L200 P 2.5 S-CAB LOW,6
657,2565,รถยนต์นั่งส่วนบุคคลไม่เกิน 7 คน,MITSUBISHI,MIRAGE,4345
658,2565,รถยนต์นั่งส่วนบุคคลไม่เกิน 7 คน,MITSUBISHI,OUTLANDER PHEV,320
659,2565,รถยนต์นั่งส่วนบุคคลไม่เกิน 7 คน,MITSUBISHI,PAJERO SPORT,7874
660,2565,รถยนต์นั่งส่วนบุคคลไม่เกิน 7 คน,MITSUBISHI,TRITON,9608
661,2565,รถยนต์นั่งส่วนบุคคลไม่เกิน 7 คน,MITSUBISHI,XPANDER,12202
662,2565,รถยนต์นั่งส่วนบุคคลไม่เกิน 7 คน,MITSUBISHI,,353
663,2565,รถยนต์นั่งส่วนบุคคลไม่เกิน 7 คน,NETA,NETA V,71
664,2565,รถยนต์นั่งส่วนบุคคลไม่เกิน 7 คน,NISSAN,ALMERA,11972
665,2565,รถยนต์นั่งส่วนบุคคลไม่เกิน 7 คน,NISSAN,AVPGRDFD22NXN,1
666,2565,รถยนต์นั่งส่วนบุคคลไม่เกิน 7 คน,NISSAN,BDBARGZL33MHA---A-,1
667,2565,รถยนต์นั่งส่วนบุคคลไม่เกิน 7 คน,NISSAN,BDSARGZB172HA---A-,1
668,2565,รถยนต์นั่งส่วนบุคคลไม่เกิน 7 คน,NISSAN,BDTARCFB172HA-----,1
669,2565,รถยนต์นั่งส่วนบุคคลไม่เกิน 7 คน,NISSAN,BDTARCZB172HAA---A,1
670,2565,รถยนต์นั่งส่วนบุคคลไม่เกิน 7 คน,NISSAN,BDTARGAC11MHA----2,1
671,2565,รถยนต์นั่งส่วนบุคคลไม่เกิน 7 คน,NISSAN,BDTARGZB172HA----B,1
672,2565,รถยนต์นั่งส่วนบุคคลไม่เกิน 7 คน,NISSAN,BDWARGZN17XHA-----,1
673,2565,รถยนต์นั่งส่วนบุคคลไม่เกิน 7 คน,NISSAN,BDWARGZN17XHAG----,2
674,2565,รถยนต์นั่งส่วนบุคคลไม่เกิน 7 คน,NISSAN,CVL2RZYD23IHP-----,2
675,2565,รถยนต์นั่งส่วนบุคคลไม่เกิน 7 คน,NISSAN,CVLGRVYD40UHGCAGLC,2
676,2565,รถยนต์นั่งส่วนบุคคลไม่เกิน 7 คน,NISSAN,ELGRAND 250 HIGHWAY STAR,1
677,2565,รถยนต์นั่งส่วนบุคคลไม่เกิน 7 คน,NISSAN,ELGRAND 350 HIGHWAY STAR,1
678,2565,รถยนต์นั่งส่วนบุคคลไม่เกิน 7 คน,NISSAN,FDTARRZC12MHAA----,1
679,2565,รถยนต์นั่งส่วนบุคคลไม่เกิน 7 คน,NISSAN,FDTARUZF15EHA2---1,1
680,2565,รถยนต์นั่งส่วนบุคคลไม่เกิน 7 คน,NISSAN,FDWURTZK13EH5--BA-,2
681,2565,รถยนต์นั่งส่วนบุคคลไม่เกิน 7 คน,NISSAN,FDWURTZK13EH5A----,1
682,2565,รถยนต์นั่งส่วนบุคคลไม่เกิน 7 คน,NISSAN,GT-R,8
683,2565,รถยนต์นั่งส่วนบุคคลไม่เกิน 7 คน,NISSAN,GT-R NISMO,3
684,2565,รถยนต์นั่งส่วนบุคคลไม่เกิน 7 คน,NISSAN,GT-R NISMO SPECIAL EDITION,1
685,2565,รถยนต์นั่งส่วนบุคคลไม่เกิน 7 คน,NISSAN,GT-R PURE EDITION,1
686,2565,รถยนต์นั่งส่วนบุคคลไม่เกิน 7 คน,NISSAN,GT-R RECARO,2
687,2565,รถยนต์นั่งส่วนบุคคลไม่เกิน 7 คน,NISSAN,GT-R RECARO 3.8L,1
688,2565,รถยนต์นั่งส่วนบุคคลไม่เกิน 7 คน,NISSAN,GT-R RECARO 3.8L V6,3
689,2565,รถยนต์นั่งส่วนบุคคลไม่เกิน 7 คน,NISSAN,GT-R T-SPEC,1
690,2565,รถยนต์นั่งส่วนบุคคลไม่เกิน 7 คน,NISSAN,GTR TRACK EDITION,5
691,2565,รถยนต์นั่งส่วนบุคคลไม่เกิน 7 คน,NISSAN,KICKS,3159
692,2565,รถยนต์นั่งส่วนบุคคลไม่เกิน 7 คน,NISSAN,LEAF,130
693,2565,รถยนต์นั่งส่วนบุคคลไม่เกิน 7 คน,NISSAN,MARCH,1316
694,2565,รถยนต์นั่งส่วนบุคคลไม่เกิน 7 คน,NISSAN,NAVARA,2010
695,2565,รถยนต์นั่งส่วนบุคคลไม่เกิน 7 คน,NISSAN,NOTE,1154
696,2565,รถยนต์นั่งส่วนบุคคลไม่เกิน 7 คน,NISSAN,NOTE X E-POWER,1
697,2565,รถยนต์นั่งส่วนบุคคลไม่เกิน 7 คน,NISSAN,SERENA HYBRID 2.0 HIGHWAY STAR,3
698,2565,รถยนต์นั่งส่วนบุคคลไม่เกิน 7 คน,NISSAN,SERENA HYBRID 2.0 X,5
699,2565,รถยนต์นั่งส่วนบุคคลไม่เกิน 7 คน,NISSAN,SERENA HYBRID E-POWER HIGHWAY,1
700,2565,รถยนต์นั่งส่วนบุคคลไม่เกิน 7 คน,NISSAN,SERENA HYBRID E-POWER X,2
701,2565,รถยนต์นั่งส่วนบุคคลไม่เกิน 7 คน,NISSAN,SKYLINE GT-R V SPEC,1
702,2565,รถยนต์นั่งส่วนบุคคลไม่เกิน 7 คน,NISSAN,SKYLINE GT-R V SPEC II NUR,1
703,2565,รถยนต์นั่งส่วนบุคคลไม่เกิน 7 คน,NISSAN,SYLPHY,7
704,2565,รถยนต์นั่งส่วนบุคคลไม่เกิน 7 คน,NISSAN,SYLPHY 1.6 E CVT,13
705,2565,รถยนต์นั่งส่วนบุคคลไม่เกิน 7 คน,NISSAN,SYLPHY 1.6 V CVT,1
706,2565,รถยนต์นั่งส่วนบุคคลไม่เกิน 7 คน,NISSAN,TDWAREZE12EHA-----,2
707,2565,รถยนต์นั่งส่วนบุคคลไม่เกิน 7 คน,NISSAN,TDWARFZE12EHA-----,5
708,2565,รถยนต์นั่งส่วนบุคคลไม่เกิน 7 คน,NISSAN,TEANA,13
709,2565,รถยนต์นั่งส่วนบุคคลไม่เกิน 7 คน,NISSAN,TERRA,1530
710,2565,รถยนต์นั่งส่วนบุคคลไม่เกิน 7 คน,NISSAN,UVL4RDRE26KHE-----,2
711,2565,รถยนต์นั่งส่วนบุคคลไม่เกิน 7 คน,NISSAN,VVLGRVYD40UHGLD-HT,1
712,2565,รถยนต์นั่งส่วนบุคคลไม่เกิน 7 คน,NISSAN,X-TRAIL,22
713,2565,รถยนต์นั่งส่วนบุคคลไม่เกิน 7 คน,NISSAN,,15
714,2565,รถยนต์นั่งส่วนบุคคลไม่เกิน 7 คน,ORA,GOOD CAT,3828
715,2565,รถยนต์นั่งส่วนบุคคลไม่เกิน 7 คน,PEUGEOT,2008 P24 BG,196
716,2565,รถยนต์นั่งส่วนบุคคลไม่เกิน 7 คน,PEUGEOT,3008 P84 AG,45
717,2565,รถยนต์นั่งส่วนบุคคลไม่เกิน 7 คน,PEUGEOT,3008 P84 BG,283
718,2565,รถยนต์นั่งส่วนบุคคลไม่เกิน 7 คน,PEUGEOT,5008 P87 AG,10
719,2565,รถยนต์นั่งส่วนบุคคลไม่เกิน 7 คน,PEUGEOT,5008 P87 BG,69
720,2565,รถยนต์นั่งส่วนบุคคลไม่เกิน 7 คน,PORSCHE,718 BOXSTER,13
721,2565,รถยนต์นั่งส่วนบุคคลไม่เกิน 7 คน,PORSCHE,718 BOXSTER GTS 4.0,1
722,2565,รถยนต์นั่งส่วนบุคคลไม่เกิน 7 คน,PORSCHE,718 BOXSTER PDK,2
723,2565,รถยนต์นั่งส่วนบุคคลไม่เกิน 7 คน,PORSCHE,718 BOXSTER T,10
724,2565,รถยนต์นั่งส่วนบุคคลไม่เกิน 7 คน,PORSCHE,718 CAYMAN,19
725,2565,รถยนต์นั่งส่วนบุคคลไม่เกิน 7 คน,PORSCHE,718 CAYMAN GT4,2
726,2565,รถยนต์นั่งส่วนบุคคลไม่เกิน 7 คน,PORSCHE,718 CAYMAN GT4 RS,1
727,2565,รถยนต์นั่งส่วนบุคคลไม่เกิน 7 คน,PORSCHE,718 CAYMAN PDK,2
728,2565,รถยนต์นั่งส่วนบุคคลไม่เกิน 7 คน,PORSCHE,718 CAYMAN T,12
729,2565,รถยนต์นั่งส่วนบุคคลไม่เกิน 7 คน,PORSCHE,718 CAYMAN T PDK,1
730,2565,รถยนต์นั่งส่วนบุคคลไม่เกิน 7 คน,PORSCHE,718 SPYDER,6
731,2565,รถยนต์นั่งส่วนบุคคลไม่เกิน 7 คน,PORSCHE,718 SPYDER MANTHEY RACING,1
732,2565,รถยนต์นั่งส่วนบุคคลไม่เกิน 7 คน,PORSCHE,911 CARRERA,33
733,2565,รถยนต์นั่งส่วนบุคคลไม่เกิน 7 คน,PORSCHE,911 CARRERA 4,1
734,2565,รถยนต์นั่งส่วนบุคคลไม่เกิน 7 คน,PORSCHE,911 CARRERA 4 GTS,3
735,2565,รถยนต์นั่งส่วนบุคคลไม่เกิน 7 คน,PORSCHE,911 CARRERA 4S,14
736,2565,รถยนต์นั่งส่วนบุคคลไม่เกิน 7 คน,PORSCHE,911 CARRERA 4S CABRIOLET,2
737,2565,รถยนต์นั่งส่วนบุคคลไม่เกิน 7 คน,PORSCHE,911 CARRERA CABRIOLET,4
738,2565,รถยนต์นั่งส่วนบุคคลไม่เกิน 7 คน,PORSCHE,911 CARRERA COUPE,1
739,2565,รถยนต์นั่งส่วนบุคคลไม่เกิน 7 คน,PORSCHE,911 CARRERA COUPE PDK,3
740,2565,รถยนต์นั่งส่วนบุคคลไม่เกิน 7 คน,PORSCHE,911 CARRERA GTS,10
741,2565,รถยนต์นั่งส่วนบุคคลไม่เกิน 7 คน,PORSCHE,911 CARRERA GTS COUPE PDK,1
742,2565,รถยนต์นั่งส่วนบุคคลไม่เกิน 7 คน,PORSCHE,911 CARRERA S,32
743,2565,รถยนต์นั่งส่วนบุคคลไม่เกิน 7 คน,PORSCHE,911 CARRERA S CABRIOLET,3
744,2565,รถยนต์นั่งส่วนบุคคลไม่เกิน 7 คน,PORSCHE,911 CARRERA S COUPE,2
745,2565,รถยนต์นั่งส่วนบุคคลไม่เกิน 7 คน,PORSCHE,911 CARRERA S COUPE PDK,12
746,2565,รถยนต์นั่งส่วนบุคคลไม่เกิน 7 คน,PORSCHE,911 GT2 RS,7
747,2565,รถยนต์นั่งส่วนบุคคลไม่เกิน 7 คน,PORSCHE,911 GT3,16
748,2565,รถยนต์นั่งส่วนบุคคลไม่เกิน 7 คน,PORSCHE,911 GT3 PDK,1
749,2565,รถยนต์นั่งส่วนบุคคลไม่เกิน 7 คน,PORSCHE,911 GT3 RS,4
750,2565,รถยนต์นั่งส่วนบุคคลไม่เกิน 7 คน,PORSCHE,911 GT3 WITH T.P.,5
751,2565,รถยนต์นั่งส่วนบุคคลไม่เกิน 7 คน,PORSCHE,911 R,3
752,2565,รถยนต์นั่งส่วนบุคคลไม่เกิน 7 คน,PORSCHE,911 SPEEDSTER,2
753,2565,รถยนต์นั่งส่วนบุคคลไม่เกิน 7 คน,PORSCHE,911 TARGA 4,5
754,2565,รถยนต์นั่งส่วนบุคคลไม่เกิน 7 คน,PORSCHE,911 TARGA 4 GTS,9
755,2565,รถยนต์นั่งส่วนบุคคลไม่เกิน 7 คน,PORSCHE,911 TARGA 4S,23
756,2565,รถยนต์นั่งส่วนบุคคลไม่เกิน 7 คน,PORSCHE,911 TARGA 4S HERITAGE,2
757,2565,รถยนต์นั่งส่วนบุคคลไม่เกิน 7 คน,PORSCHE,911 TARGA 4S HERITAGE DESIGN,2
758,2565,รถยนต์นั่งส่วนบุคคลไม่เกิน 7 คน,PORSCHE,911 TARGA 4S PDK,5
759,2565,รถยนต์นั่งส่วนบุคคลไม่เกิน 7 คน,PORSCHE,911 TURBO,1
760,2565,รถยนต์นั่งส่วนบุคคลไม่เกิน 7 คน,PORSCHE,911 TURBO CABRIOLET,1
761,2565,รถยนต์นั่งส่วนบุคคลไม่เกิน 7 คน,PORSCHE,911 TURBO S,7
762,2565,รถยนต์นั่งส่วนบุคคลไม่เกิน 7 คน,PORSCHE,911 TURBO S CABRIOLET,1
763,2565,รถยนต์นั่งส่วนบุคคลไม่เกิน 7 คน,PORSCHE,911 TURBO S EXC. SERIES,1
764,2565,รถยนต์นั่งส่วนบุคคลไม่เกิน 7 คน,PORSCHE,BOXSTER 25 YEARS,2
765,2565,รถยนต์นั่งส่วนบุคคลไม่เกิน 7 คน,PORSCHE,CAYENNE,1
766,2565,รถยนต์นั่งส่วนบุคคลไม่เกิน 7 คน,PORSCHE,CAYENNE COUPE,4
767,2565,รถยนต์นั่งส่วนบุคคลไม่เกิน 7 คน,PORSCHE,CAYENNE E-HYBRID,257
768,2565,รถยนต์นั่งส่วนบุคคลไม่เกิน 7 คน,PORSCHE,CAYENNE E-HYBRID COUPE,430
769,2565,รถยนต์นั่งส่วนบุคคลไม่เกิน 7 คน,PORSCHE,CAYENNE E-HYBRID COUPE P.,9
770,2565,รถยนต์นั่งส่วนบุคคลไม่เกิน 7 คน,PORSCHE,CAYENNE E-HYBRID P.E.,9
771,2565,รถยนต์นั่งส่วนบุคคลไม่เกิน 7 คน,PORSCHE,CAYENNE E-HYBRID PLATINUM,6
772,2565,รถยนต์นั่งส่วนบุคคลไม่เกิน 7 คน,PORSCHE,CAYENNE E-HYBRID SUV,1
773,2565,รถยนต์นั่งส่วนบุคคลไม่เกิน 7 คน,PORSCHE,CAYENNE GTS COUPE,1
774,2565,รถยนต์นั่งส่วนบุคคลไม่เกิน 7 คน,PORSCHE,CAYENNE S COUPE,1
775,2565,รถยนต์นั่งส่วนบุคคลไม่เกิน 7 คน,PORSCHE,CAYENNE TURBO,1
776,2565,รถยนต์นั่งส่วนบุคคลไม่เกิน 7 คน,PORSCHE,CAYENNE TURBO COUPE,2
777,2565,รถยนต์นั่งส่วนบุคคลไม่เกิน 7 คน,PORSCHE,CAYENNE TURBO GT,4
778,2565,รถยนต์นั่งส่วนบุคคลไม่เกิน 7 คน,PORSCHE,CAYMAN PDK,1
779,2565,รถยนต์นั่งส่วนบุคคลไม่เกิน 7 คน,PORSCHE,MACAN,114
780,2565,รถยนต์นั่งส่วนบุคคลไม่เกิน 7 คน,PORSCHE,MACAN 2.0,16
781,2565,รถยนต์นั่งส่วนบุคคลไม่เกิน 7 คน,PORSCHE,MACAN 2.0 PDK,17
782,2565,รถยนต์นั่งส่วนบุคคลไม่เกิน 7 คน,PORSCHE,MACAN 2.0L,3
783,2565,รถยนต์นั่งส่วนบุคคลไม่เกิน 7 คน,PORSCHE,MACAN GTS,1
784,2565,รถยนต์นั่งส่วนบุคคลไม่เกิน 7 คน,PORSCHE,MACAN S,15
785,2565,รถยนต์นั่งส่วนบุคคลไม่เกิน 7 คน,PORSCHE,MACAN T,1
786,2565,รถยนต์นั่งส่วนบุคคลไม่เกิน 7 คน,PORSCHE,PANAMERA 4 E-HYBRID,122
787,2565,รถยนต์นั่งส่วนบุคคลไม่เกิน 7 คน,PORSCHE,PANAMERA 4 E-HYBRID 10YR,5
788,2565,รถยนต์นั่งส่วนบุคคลไม่เกิน 7 คน,PORSCHE,PANAMERA 4 E-HYBRID EXEC.,47
789,2565,รถยนต์นั่งส่วนบุคคลไม่เกิน 7 คน,PORSCHE,PANAMERA 4 E-HYBRID EXECUTIVE,9
790,2565,รถยนต์นั่งส่วนบุคคลไม่เกิน 7 คน,PORSCHE,PANAMERA 4 E-HYBRID P.E.,18
791,2565,รถยนต์นั่งส่วนบุคคลไม่เกิน 7 คน,PORSCHE,PANAMERA 4 E-HYBRID PLATINUM,2
792,2565,รถยนต์นั่งส่วนบุคคลไม่เกิน 7 คน,PORSCHE,PANAMERA 4 E-HYBRID S.T.,7
793,2565,รถยนต์นั่งส่วนบุคคลไม่เกิน 7 คน,PORSCHE,PANAMERA 4 E-HYBRID SPORT,5
794,2565,รถยนต์นั่งส่วนบุคคลไม่เกิน 7 คน,PORSCHE,PANAMERA 4S E-HYBRID,7
795,2565,รถยนต์นั่งส่วนบุคคลไม่เกิน 7 คน,PORSCHE,PANAMERA GTS SPORT TURIS,1
796,2565,รถยนต์นั่งส่วนบุคคลไม่เกิน 7 คน,PORSCHE,PANAMERA TURBO S,1
797,2565,รถยนต์นั่งส่วนบุคคลไม่เกิน 7 คน,PORSCHE,TAYCAN,89
798,2565,รถยนต์นั่งส่วนบุคคลไม่เกิน 7 คน,PORSCHE,TAYCAN 4 CROSS TURISMO,17
799,2565,รถยนต์นั่งส่วนบุคคลไม่เกิน 7 คน,PORSCHE,TAYCAN 4S,130
800,2565,รถยนต์นั่งส่วนบุคคลไม่เกิน 7 คน,PORSCHE,TAYCAN 4S CROSS TURISMO,14
801,2565,รถยนต์นั่งส่วนบุคคลไม่เกิน 7 คน,PORSCHE,TAYCAN 4S SPORT TURISMO,1
802,2565,รถยนต์นั่งส่วนบุคคลไม่เกิน 7 คน,PORSCHE,TAYCAN GTS,3
803,2565,รถยนต์นั่งส่วนบุคคลไม่เกิน 7 คน,PORSCHE,TAYCAN GTS SPORT TURISMO,1
804,2565,รถยนต์นั่งส่วนบุคคลไม่เกิน 7 คน,PORSCHE,TAYCAN SPORT TURISMO,1
805,2565,รถยนต์นั่งส่วนบุคคลไม่เกิน 7 คน,PORSCHE,TAYCAN TURBO,18
806,2565,รถยนต์นั่งส่วนบุคคลไม่เกิน 7 คน,PORSCHE,TAYCAN TURBO S,14
807,2565,รถยนต์นั่งส่วนบุคคลไม่เกิน 7 คน,PORSCHE,TAYCAN TURBO S CROSS TURISMO,1
808,2565,รถยนต์นั่งส่วนบุคคลไม่เกิน 7 คน,PROTON,PREVE,1
809,2565,รถยนต์นั่งส่วนบุคคลไม่เกิน 7 คน,ROLLS-ROYCE,Cullinan,1
810,2565,รถยนต์นั่งส่วนบุคคลไม่เกิน 7 คน,ROLLS-ROYCE,Cullinan Black Badge,2
811,2565,รถยนต์นั่งส่วนบุคคลไม่เกิน 7 คน,ROLLS-ROYCE,CULLINAN,2
812,2565,รถยนต์นั่งส่วนบุคคลไม่เกิน 7 คน,ROLLS-ROYCE,CULLINAN BLACK BADGE,2
813,2565,รถยนต์นั่งส่วนบุคคลไม่เกิน 7 คน,ROLLS-ROYCE,CULLINAN RIGHT HAND DRIVE,1
814,2565,รถยนต์นั่งส่วนบุคคลไม่เกิน 7 คน,ROLLS-ROYCE,Dawn,1
815,2565,รถยนต์นั่งส่วนบุคคลไม่เกิน 7 คน,ROLLS-ROYCE,Ghost,3
816,2565,รถยนต์นั่งส่วนบุคคลไม่เกิน 7 คน,ROLLS-ROYCE,Ghost Extended Wheelbase,3
817,2565,รถยนต์นั่งส่วนบุคคลไม่เกิน 7 คน,ROLLS-ROYCE,GHOST,1
818,2565,รถยนต์นั่งส่วนบุคคลไม่เกิน 7 คน,ROLLS-ROYCE,GHOST EWB,1
819,2565,รถยนต์นั่งส่วนบุคคลไม่เกิน 7 คน,ROLLS-ROYCE,PHANTOM SWB,1
820,2565,รถยนต์นั่งส่วนบุคคลไม่เกิน 7 คน,ROLLS-ROYCE,PHANTOM VIII,1
821,2565,รถยนต์นั่งส่วนบุคคลไม่เกิน 7 คน,ROLLS-ROYCE,SILVER CLOUD,1
822,2565,รถยนต์นั่งส่วนบุคคลไม่เกิน 7 คน,ROLLS-ROYCE,Wraith,4
823,2565,รถยนต์นั่งส่วนบุคคลไม่เกิน 7 คน,SHINERAY,T22,1
824,2565,รถยนต์นั่งส่วนบุคคลไม่เกิน 7 คน,SMART,FORTWO EQ BLUEDAWN COUPE,1
825,2565,รถยนต์นั่งส่วนบุคคลไม่เกิน 7 คน,SMART,FORTWO EQ COUPE,1
826,2565,รถยนต์นั่งส่วนบุคคลไม่เกิน 7 คน,SMART,FORTWO EQ EXCLUSIVE CABRIO,1
827,2565,รถยนต์นั่งส่วนบุคคลไม่เกิน 7 คน,SOKON,CRC5021CLS,4
828,2565,รถยนต์นั่งส่วนบุคคลไม่เกิน 7 คน,SOKON,CRC5021XXY,6
829,2565,รถยนต์นั่งส่วนบุคคลไม่เกิน 7 คน,SOKON,CRC5026XXYQ1,2
830,2565,รถยนต์นั่งส่วนบุคคลไม่เกิน 7 คน,SUBARU,BRZ,1
831,2565,รถยนต์นั่งส่วนบุคคลไม่เกิน 7 คน,SUBARU,BRZ 2.0 RWD 6AT,6
832,2565,รถยนต์นั่งส่วนบุคคลไม่เกิน 7 คน,SUBARU,BRZ 2.0 RWD 6MT,2
833,2565,รถยนต์นั่งส่วนบุคคลไม่เกิน 7 คน,SUBARU,BRZ 2.4 RWD 6MT,4
834,2565,รถยนต์นั่งส่วนบุคคลไม่เกิน 7 คน,SUBARU,BRZ 2.4 RWD EyeSight 6AT,6
835,2565,รถยนต์นั่งส่วนบุคคลไม่เกิน 7 คน,SUBARU,FORESTER 2.0i-P,1
836,2565,รถยนต์นั่งส่วนบุคคลไม่เกิน 7 คน,SUBARU,FORESTER 2.0i-S,66
837,2565,รถยนต์นั่งส่วนบุคคลไม่เกิน 7 คน,SUBARU,FORESTER 2.0i-S ES,1597
838,2565,รถยนต์นั่งส่วนบุคคลไม่เกิน 7 คน,SUBARU,LEVORG 1.6GT-S AWD CVT,1
839,2565,รถยนต์นั่งส่วนบุคคลไม่เกิน 7 คน,SUBARU,NBR CHALLENGE S208 WRX STI,2
840,2565,รถยนต์นั่งส่วนบุคคลไม่เกิน 7 คน,SUBARU,OUTBACK 2.5i-T EyeSight,55
841,2565,รถยนต์นั่งส่วนบุคคลไม่เกิน 7 คน,SUBARU,WRX + L 2.0 AWD CVT,2
842,2565,รถยนต์นั่งส่วนบุคคลไม่เกิน 7 คน,SUBARU,WRX 4D 2.0 AWD CVT,1
843,2565,รถยนต์นั่งส่วนบุคคลไม่เกิน 7 คน,SUBARU,WRX 4D 2.4 AWD 6MT,3
844,2565,รถยนต์นั่งส่วนบุคคลไม่เกิน 7 คน,SUBARU,WRX 4D 2.4 EyeSight AWD CVT,1
845,2565,รถยนต์นั่งส่วนบุคคลไม่เกิน 7 คน,SUBARU,WRX STI + W2.5 AWD 6MT,1
846,2565,รถยนต์นั่งส่วนบุคคลไม่เกิน 7 คน,SUBARU,WRX STI FINAL EDITION,3
847,2565,รถยนต์นั่งส่วนบุคคลไม่เกิน 7 คน,SUBARU,WRX STI RA-R,1
848,2565,รถยนต์นั่งส่วนบุคคลไม่เกิน 7 คน,SUBARU,WRX+L 2.0 AWD CVT,2
849,2565,รถยนต์นั่งส่วนบุคคลไม่เกิน 7 คน,SUBARU,XV 2.0i,1
850,2565,รถยนต์นั่งส่วนบุคคลไม่เกิน 7 คน,SUBARU,XV 2.0i-P,150
851,2565,รถยนต์นั่งส่วนบุคคลไม่เกิน 7 คน,SUBARU,XV 2.0i-P ES,223
852,2565,รถยนต์นั่งส่วนบุคคลไม่เกิน 7 คน,SUBARU,XV 2.0I AWD CVT,2
853,2565,รถยนต์นั่งส่วนบุคคลไม่เกิน 7 คน,SUZUKI,CARRY 1.5L MT,2
854,2565,รถยนต์นั่งส่วนบุคคลไม่เกิน 7 คน,SUZUKI,CELERIO GA 1.0L,836
855,2565,รถยนต์นั่งส่วนบุคคลไม่เกิน 7 คน,SUZUKI,CELERIO GL 1.0L,2626
856,2565,รถยนต์นั่งส่วนบุคคลไม่เกิน 7 คน,SUZUKI,CELERIO GLX 1.0L,1
857,2565,รถยนต์นั่งส่วนบุคคลไม่เกิน 7 คน,SUZUKI,CELERIO GX 1.0L,817
858,2565,รถยนต์นั่งส่วนบุคคลไม่เกิน 7 คน,SUZUKI,CIAZ GA MT,1
859,2565,รถยนต์นั่งส่วนบุคคลไม่เกิน 7 คน,SUZUKI,CIAZ GL CVT,1474
860,2565,รถยนต์นั่งส่วนบุคคลไม่เกิน 7 คน,SUZUKI,CIAZ GL MT,81
861,2565,รถยนต์นั่งส่วนบุคคลไม่เกิน 7 คน,SUZUKI,CIAZ GL PLUS CVT,2
862,2565,รถยนต์นั่งส่วนบุคคลไม่เกิน 7 คน,SUZUKI,CIAZ GLX 1.25L CVT,3
863,2565,รถยนต์นั่งส่วนบุคคลไม่เกิน 7 คน,SUZUKI,CIAZ GLX CVT,72
864,2565,รถยนต์นั่งส่วนบุคคลไม่เกิน 7 คน,SUZUKI,CIAZ RS 1.25L,2
865,2565,รถยนต์นั่งส่วนบุคคลไม่เกิน 7 คน,SUZUKI,CIAZ RS CVT,89
866,2565,รถยนต์นั่งส่วนบุคคลไม่เกิน 7 คน,SUZUKI,ERTIGA DREZA 1.4L,1
867,2565,รถยนต์นั่งส่วนบุคคลไม่เกิน 7 คน,SUZUKI,ERTIGA GL 1.4L,2
868,2565,รถยนต์นั่งส่วนบุคคลไม่เกิน 7 คน,SUZUKI,ERTIGA GL 1.5L,140
869,2565,รถยนต์นั่งส่วนบุคคลไม่เกิน 7 คน,SUZUKI,ERTIGA GX 1.4L,1
870,2565,รถยนต์นั่งส่วนบุคคลไม่เกิน 7 คน,SUZUKI,ERTIGA GX 1.5L,521
871,2565,รถยนต์นั่งส่วนบุคคลไม่เกิน 7 คน,SUZUKI,HUSTLER HYBRID X TURBO,7
872,2565,รถยนต์นั่งส่วนบุคคลไม่เกิน 7 คน,SUZUKI,JIMNY 1.5L 4AT,56
873,2565,รถยนต์นั่งส่วนบุคคลไม่เกิน 7 คน,SUZUKI,JIMNY SIERRA,9
874,2565,รถยนต์นั่งส่วนบุคคลไม่เกิน 7 คน,SUZUKI,JIMNY SIERRA JC,8
875,2565,รถยนต์นั่งส่วนบุคคลไม่เกิน 7 คน,SUZUKI,JIMNY XC,2
876,2565,รถยนต์นั่งส่วนบุคคลไม่เกิน 7 คน,SUZUKI,SPACIA CUSTOM HYBRID XS,1
877,2565,รถยนต์นั่งส่วนบุคคลไม่เกิน 7 คน,SUZUKI,SPACIA GEAR HYBRID XZ TURBO,7
878,2565,รถยนต์นั่งส่วนบุคคลไม่เกิน 7 คน,SUZUKI,SPACIA GEAR MY STYLE HYBRID,3
879,2565,รถยนต์นั่งส่วนบุคคลไม่เกิน 7 คน,SUZUKI,SWIFT GA 1.25L MT,1
880,2565,รถยนต์นั่งส่วนบุคคลไม่เกิน 7 คน,SUZUKI,SWIFT GL 1.25L,2
881,2565,รถยนต์นั่งส่วนบุคคลไม่เกิน 7 คน,SUZUKI,SWIFT GL 1.25L CVT,1
882,2565,รถยนต์นั่งส่วนบุคคลไม่เกิน 7 คน,SUZUKI,SWIFT GL 1.2L CVT,4010
883,2565,รถยนต์นั่งส่วนบุคคลไม่เกิน 7 คน,SUZUKI,SWIFT GL MAX EDITION,49
884,2565,รถยนต์นั่งส่วนบุคคลไม่เกิน 7 คน,SUZUKI,SWIFT GL PLUS 1.2L CVT,2472
885,2565,รถยนต์นั่งส่วนบุคคลไม่เกิน 7 คน,SUZUKI,SWIFT GL SPORTS EDITION,9
886,2565,รถยนต์นั่งส่วนบุคคลไม่เกิน 7 คน,SUZUKI,SWIFT GLX 1.25L CVT,1
887,2565,รถยนต์นั่งส่วนบุคคลไม่เกิน 7 คน,SUZUKI,SWIFT GLX 1.2L CVT,3026
888,2565,รถยนต์นั่งส่วนบุคคลไม่เกิน 7 คน,SUZUKI,SWIFT GLX-Navi 1.2L CVT,35
889,2565,รถยนต์นั่งส่วนบุคคลไม่เกิน 7 คน,SUZUKI,XL7 1.5L,2720
890,2565,รถยนต์นั่งส่วนบุคคลไม่เกิน 7 คน,SUZUKI,,3
891,2565,รถยนต์นั่งส่วนบุคคลไม่เกิน 7 คน,TATA,XENON,4
892,2565,รถยนต์นั่งส่วนบุคคลไม่เกิน 7 คน,TATA,XENON 2.2L EVDC 4X4 X2 AU,1
893,2565,รถยนต์นั่งส่วนบุคคลไม่เกิน 7 คน,TESLA,Model Y Rear-Wheel Drive,29
894,2565,รถยนต์นั่งส่วนบุคคลไม่เกิน 7 คน,TESLA,MODEL 3,4
895,2565,รถยนต์นั่งส่วนบุคคลไม่เกิน 7 คน,TESLA,MODEL 3 LONG RANGE,69
896,2565,รถยนต์นั่งส่วนบุคคลไม่เกิน 7 คน,TESLA,MODEL 3 LONG RANGE PLUS,22
897,2565,รถยนต์นั่งส่วนบุคคลไม่เกิน 7 คน,TESLA,MODEL 3 PERFORMANCE,45
898,2565,รถยนต์นั่งส่วนบุคคลไม่เกิน 7 คน,TESLA,MODEL 3 REAR WHEEL DRIVE,6
899,2565,รถยนต์นั่งส่วนบุคคลไม่เกิน 7 คน,TESLA,MODEL 3 STANDARD,1
900,2565,รถยนต์นั่งส่วนบุคคลไม่เกิน 7 คน,TESLA,MODEL 3 STANDARD PLUS,27
901,2565,รถยนต์นั่งส่วนบุคคลไม่เกิน 7 คน,TESLA,MODEL 3 STANDARD PLUS RWD,1
902,2565,รถยนต์นั่งส่วนบุคคลไม่เกิน 7 คน,TESLA,MODEL 3 STANDARD RANGE PLUS,11
903,2565,รถยนต์นั่งส่วนบุคคลไม่เกิน 7 คน,TESLA,MODEL S LONG RANGE,1
904,2565,รถยนต์นั่งส่วนบุคคลไม่เกิน 7 คน,TESLA,MODEL X LONG RANGE,3
905,2565,รถยนต์นั่งส่วนบุคคลไม่เกิน 7 คน,TESLA,MODEL Y LONG RANGE,128
906,2565,รถยนต์นั่งส่วนบุคคลไม่เกิน 7 คน,TESLA,MODEL Y LONG RANGE DUAL MOTOR,2
907,2565,รถยนต์นั่งส่วนบุคคลไม่เกิน 7 คน,TESLA,MODEL Y PERFORMANCE,10
908,2565,รถยนต์นั่งส่วนบุคคลไม่เกิน 7 คน,TESLA,MODEL Y RWD,1
909,2565,รถยนต์นั่งส่วนบุคคลไม่เกิน 7 คน,TESLA,MODEL Y STANDARD,14
910,2565,รถยนต์นั่งส่วนบุคคลไม่เกิน 7 คน,TESLA,MODEL Y STANDARD RANGE,48
911,2565,รถยนต์นั่งส่วนบุคคลไม่เกิน 7 คน,TOYOTA,1.8E,1
912,2565,รถยนต์นั่งส่วนบุคคลไม่เกิน 7 คน,TOYOTA,1.8V Navi,2
913,2565,รถยนต์นั่งส่วนบุคคลไม่เกิน 7 คน,TOYOTA,2.5 HV CD,1
914,2565,รถยนต์นั่งส่วนบุคคลไม่เกิน 7 คน,TOYOTA,2.5HV,1
915,2565,รถยนต์นั่งส่วนบุคคลไม่เกิน 7 คน,TOYOTA,ACV40R-JEAGKT  A1,1
916,2565,รถยนต์นั่งส่วนบุคคลไม่เกิน 7 คน,TOYOTA,ACV41R-JEPNKT  AB,1
917,2565,รถยนต์นั่งส่วนบุคคลไม่เกิน 7 คน,TOYOTA,ALPHARD,218
918,2565,รถยนต์นั่งส่วนบุคคลไม่เกิน 7 คน,TOYOTA,ALPHARD 2.5 HYBRID EXECUTIVE,9
919,2565,รถยนต์นั่งส่วนบุคคลไม่เกิน 7 คน,TOYOTA,ALPHARD 2.5 HYBRID G E-FOUR,1
920,2565,รถยนต์นั่งส่วนบุคคลไม่เกิน 7 คน,TOYOTA,ALPHARD 2.5 HYBRID G F,20
921,2565,รถยนต์นั่งส่วนบุคคลไม่เกิน 7 คน,TOYOTA,ALPHARD 2.5 HYBRID G F PACKAGE,113
922,2565,รถยนต์นั่งส่วนบุคคลไม่เกิน 7 คน,TOYOTA,ALPHARD 2.5 HYBRID S,5
923,2565,รถยนต์นั่งส่วนบุคคลไม่เกิน 7 คน,TOYOTA,ALPHARD 2.5 HYBRID S E-FOUR,64
924,2565,รถยนต์นั่งส่วนบุคคลไม่เกิน 7 คน,TOYOTA,ALPHARD 2.5 HYBRID S TYPE GOLD,21
925,2565,รถยนต์นั่งส่วนบุคคลไม่เกิน 7 คน,TOYOTA,ALPHARD 2.5 HYBRID SR C,34
926,2565,รถยนต์นั่งส่วนบุคคลไม่เกิน 7 คน,TOYOTA,ALPHARD 2.5 HYBRID SR C PACKAG,18
927,2565,รถยนต์นั่งส่วนบุคคลไม่เกิน 7 คน,TOYOTA,ALPHARD 2.5 HYBRID SRC PACKAGE,205
928,2565,รถยนต์นั่งส่วนบุคคลไม่เกิน 7 คน,TOYOTA,ALPHARD 2.5 HYBRID X,20
929,2565,รถยนต์นั่งส่วนบุคคลไม่เกิน 7 คน,TOYOTA,ALPHARD 2.5 HYBRID X E-FOUR,197
930,2565,รถยนต์นั่งส่วนบุคคลไม่เกิน 7 คน,TOYOTA,ALPHARD 2.5 S C,3
931,2565,รถยนต์นั่งส่วนบุคคลไม่เกิน 7 คน,TOYOTA,ALPHARD 2.5 SC PACKAGE,930
932,2565,รถยนต์นั่งส่วนบุคคลไม่เกิน 7 คน,TOYOTA,ALPHARD 2.5L S TYPE GOLD III,1
933,2565,รถยนต์นั่งส่วนบุคคลไม่เกิน 7 คน,TOYOTA,ALPHARD 2.5L S WELCAB,1
934,2565,รถยนต์นั่งส่วนบุคคลไม่เกิน 7 คน,TOYOTA,ALPHARD 2.5L SC PACKAGE,240
935,2565,รถยนต์นั่งส่วนบุคคลไม่เกิน 7 คน,TOYOTA,"ALPHARD 2.5S ""TYPE GOLD II""",10
936,2565,รถยนต์นั่งส่วนบุคคลไม่เกิน 7 คน,TOYOTA,"ALPHARD 2.5S ""TYPE GOLD III""",1
937,2565,รถยนต์นั่งส่วนบุคคลไม่เกิน 7 คน,TOYOTA,"ALPHARD 2.5S ""TYPE GOLD""",1
938,2565,รถยนต์นั่งส่วนบุคคลไม่เกิน 7 คน,TOYOTA,ALPHARD 2.5X,2
939,2565,รถยนต์นั่งส่วนบุคคลไม่เกิน 7 คน,TOYOTA,ALPHARD 2.5X SIDE LIFT UP SEAT,7
940,2565,รถยนต์นั่งส่วนบุคคลไม่เกิน 7 คน,TOYOTA,ALPHARD 3.5 GF,1
941,2565,รถยนต์นั่งส่วนบุคคลไม่เกิน 7 คน,TOYOTA,ALPHARD 3.5 VIP,2
942,2565,รถยนต์นั่งส่วนบุคคลไม่เกิน 7 คน,TOYOTA,ALPHARD GF HYBRID 2.5L,7
943,2565,รถยนต์นั่งส่วนบุคคลไม่เกิน 7 คน,TOYOTA,ALPHARD GRADE HV X HYBRID,1
944,2565,รถยนต์นั่งส่วนบุคคลไม่เกิน 7 คน,TOYOTA,ALPHARD HYBRID 2.5 GF,1
945,2565,รถยนต์นั่งส่วนบุคคลไม่เกิน 7 คน,TOYOTA,ALPHARD HYBRID 2.5 S TYPE GOLD,2
946,2565,รถยนต์นั่งส่วนบุคคลไม่เกิน 7 คน,TOYOTA,ALPHARD HYBRID 2.5 SR C,1
947,2565,รถยนต์นั่งส่วนบุคคลไม่เกิน 7 คน,TOYOTA,ALPHARD HYBRID GF,3
948,2565,รถยนต์นั่งส่วนบุคคลไม่เกิน 7 คน,TOYOTA,ALPHARD HYBRID GF 2.5L,39
949,2565,รถยนต์นั่งส่วนบุคคลไม่เกิน 7 คน,TOYOTA,ALPHARD HYBRID GF PACKAGE,40
950,2565,รถยนต์นั่งส่วนบุคคลไม่เกิน 7 คน,TOYOTA,ALPHARD HYBRID GF PACKAGE 2.5L,4
951,2565,รถยนต์นั่งส่วนบุคคลไม่เกิน 7 คน,TOYOTA,ALPHARD HYBRID S,6
952,2565,รถยนต์นั่งส่วนบุคคลไม่เกิน 7 คน,TOYOTA,ALPHARD HYBRID S 2.5L,17
953,2565,รถยนต์นั่งส่วนบุคคลไม่เกิน 7 คน,TOYOTA,ALPHARD HYBRID S 2.5L E-FOUR,2
954,2565,รถยนต์นั่งส่วนบุคคลไม่เกิน 7 คน,TOYOTA,ALPHARD HYBRID S E-FOUR,3
955,2565,รถยนต์นั่งส่วนบุคคลไม่เกิน 7 คน,TOYOTA,ALPHARD HYBRID S TYPE GOLD,25
956,2565,รถยนต์นั่งส่วนบุคคลไม่เกิน 7 คน,TOYOTA,ALPHARD HYBRID S TYPE GOLD II,2
957,2565,รถยนต์นั่งส่วนบุคคลไม่เกิน 7 คน,TOYOTA,ALPHARD HYBRID S TYPE GOLD III,2
958,2565,รถยนต์นั่งส่วนบุคคลไม่เกิน 7 คน,TOYOTA,ALPHARD HYBRID SR C,14
959,2565,รถยนต์นั่งส่วนบุคคลไม่เกิน 7 คน,TOYOTA,ALPHARD HYBRID SRC,6
960,2565,รถยนต์นั่งส่วนบุคคลไม่เกิน 7 คน,TOYOTA,ALPHARD HYBRID SRC 2.5L,132
961,2565,รถยนต์นั่งส่วนบุคคลไม่เกิน 7 คน,TOYOTA,ALPHARD HYBRID SRC PACKAGE,316
962,2565,รถยนต์นั่งส่วนบุคคลไม่เกิน 7 คน,TOYOTA,ALPHARD HYBRID X,47
963,2565,รถยนต์นั่งส่วนบุคคลไม่เกิน 7 คน,TOYOTA,ALPHARD HYBRID X 2.5 WELCAB,2
964,2565,รถยนต์นั่งส่วนบุคคลไม่เกิน 7 คน,TOYOTA,ALPHARD HYBRID X 2.5L,62
965,2565,รถยนต์นั่งส่วนบุคคลไม่เกิน 7 คน,TOYOTA,ALPHARD HYBRID X 2.5L WELCAB,1
966,2565,รถยนต์นั่งส่วนบุคคลไม่เกิน 7 คน,TOYOTA,ALPHARD HYBRID X E-FOUR,67
967,2565,รถยนต์นั่งส่วนบุคคลไม่เกิน 7 คน,TOYOTA,ALPHARD S,1
968,2565,รถยนต์นั่งส่วนบุคคลไม่เกิน 7 คน,TOYOTA,"ALPHARD S ""TYPE GOLD III""",1
969,2565,รถยนต์นั่งส่วนบุคคลไม่เกิน 7 คน,TOYOTA,ALPHARD S TYPE GOLD 2.5L,1
970,2565,รถยนต์นั่งส่วนบุคคลไม่เกิน 7 คน,TOYOTA,ALPHARD SC PACKAGE,1042
971,2565,รถยนต์นั่งส่วนบุคคลไม่เกิน 7 คน,TOYOTA,ALPHARD SC PACKAGE 2.5L,477
972,2565,รถยนต์นั่งส่วนบุคคลไม่เกิน 7 คน,TOYOTA,ALPHARD SC PACKAGE 3.5L,2
973,2565,รถยนต์นั่งส่วนบุคคลไม่เกิน 7 คน,TOYOTA,ALPHARD SR C PACKAGE,1
974,2565,รถยนต์นั่งส่วนบุคคลไม่เกิน 7 คน,TOYOTA,ALPHARD SRC HYBRID 2.5L,42
975,2565,รถยนต์นั่งส่วนบุคคลไม่เกิน 7 คน,TOYOTA,ALPHARD X,1
976,2565,รถยนต์นั่งส่วนบุคคลไม่เกิน 7 คน,TOYOTA,ALPHARD X HYBRID 2.5L,22
977,2565,รถยนต์นั่งส่วนบุคคลไม่เกิน 7 คน,TOYOTA,ALPHARD X SIDE LIFT UP,1
978,2565,รถยนต์นั่งส่วนบุคคลไม่เกิน 7 คน,TOYOTA,ASV50R-JETEKT  A1,4
979,2565,รถยนต์นั่งส่วนบุคคลไม่เกิน 7 คน,TOYOTA,AVANZA,40
980,2565,รถยนต์นั่งส่วนบุคคลไม่เกิน 7 คน,TOYOTA,C-HR,1634
981,2565,รถยนต์นั่งส่วนบุคคลไม่เกิน 7 คน,TOYOTA,Camry HV,1
982,2565,รถยนต์นั่งส่วนบุคคลไม่เกิน 7 คน,TOYOTA,CAMRY,6173
983,2565,รถยนต์นั่งส่วนบุคคลไม่เกิน 7 คน,TOYOTA,COASTER,1
984,2565,รถยนต์นั่งส่วนบุคคลไม่เกิน 7 คน,TOYOTA,COMMUTER,575
985,2565,รถยนต์นั่งส่วนบุคคลไม่เกิน 7 คน,TOYOTA,COROLLA,6440
986,2565,รถยนต์นั่งส่วนบุคคลไม่เกิน 7 คน,TOYOTA,COROLLA CROSS,21443
987,2565,รถยนต์นั่งส่วนบุคคลไม่เกิน 7 คน,TOYOTA,D-Cab 2x4 2.4E,1
988,2565,รถยนต์นั่งส่วนบุคคลไม่เกิน 7 คน,TOYOTA,D-Cab 4x4 2.8G,1
989,2565,รถยนต์นั่งส่วนบุคคลไม่เกิน 7 คน,TOYOTA,D-Cab 4x4 2.8G A/T,1
990,2565,รถยนต์นั่งส่วนบุคคลไม่เกิน 7 คน,TOYOTA,D-Cab 4X2 2.5 J W PS-M/T,3
991,2565,รถยนต์นั่งส่วนบุคคลไม่เกิน 7 คน,TOYOTA,ESQUIRE GI 7 SEATS,1
992,2565,รถยนต์นั่งส่วนบุคคลไม่เกิน 7 คน,TOYOTA,ESQUIRE HYBRID GI 7 SEATS,3
993,2565,รถยนต์นั่งส่วนบุคคลไม่เกิน 7 คน,TOYOTA,ESTIMA AERAS PREMIUM,1
994,2565,รถยนต์นั่งส่วนบุคคลไม่เกิน 7 คน,TOYOTA,FJ CRUISER,6
995,2565,รถยนต์นั่งส่วนบุคคลไม่เกิน 7 คน,TOYOTA,FJ CRUISER 4.0 V6,3
996,2565,รถยนต์นั่งส่วนบุคคลไม่เกิน 7 คน,TOYOTA,FJ CRUISER 4.0L,1
997,2565,รถยนต์นั่งส่วนบุคคลไม่เกิน 7 คน,TOYOTA,FORTUNER,27130
998,2565,รถยนต์นั่งส่วนบุคคลไม่เกิน 7 คน,TOYOTA,GR 86 RZ,4
999,2565,รถยนต์นั่งส่วนบุคคลไม่เกิน 7 คน,TOYOTA,GR 86 RZ 2.5L,1
1000,2565,รถยนต์นั่งส่วนบุคคลไม่เกิน 7 คน,TOYOTA,GR SUPRA RZ,1
1001,2565,รถยนต์นั่งส่วนบุคคลไม่เกิน 7 คน,TOYOTA,GR YARIS,36
1002,2565,รถยนต์นั่งส่วนบุคคลไม่เกิน 7 คน,TOYOTA,GR YARIS RALLYE EDITION,1
1003,2565,รถยนต์นั่งส่วนบุคคลไม่เกิน 7 คน,TOYOTA,GR YARIS RZ HIGH PERFORMANCE,7
1004,2565,รถยนต์นั่งส่วนบุคคลไม่เกิน 7 คน,TOYOTA,GR86,1
1005,2565,รถยนต์นั่งส่วนบุคคลไม่เกิน 7 คน,TOYOTA,GR86 RZ 2WD,6
1006,2565,รถยนต์นั่งส่วนบุคคลไม่เกิน 7 คน,TOYOTA,HARRIER 2.0 G,2
1007,2565,รถยนต์นั่งส่วนบุคคลไม่เกิน 7 คน,TOYOTA,HARRIER 2.0 G LEATHER PACKAGE,1
1008,2565,รถยนต์นั่งส่วนบุคคลไม่เกิน 7 คน,TOYOTA,HARRIER 2.0 Z,1
1009,2565,รถยนต์นั่งส่วนบุคคลไม่เกิน 7 คน,TOYOTA,HARRIER 2.5 HYBRID G,6
1010,2565,รถยนต์นั่งส่วนบุคคลไม่เกิน 7 คน,TOYOTA,HARRIER 2.5 HYBRID Z,1
1011,2565,รถยนต์นั่งส่วนบุคคลไม่เกิน 7 คน,TOYOTA,HARRIER 2.5 HYBRID Z LEATHER,7
1012,2565,รถยนต์นั่งส่วนบุคคลไม่เกิน 7 คน,TOYOTA,HARRIER G 2WD,2
1013,2565,รถยนต์นั่งส่วนบุคคลไม่เกิน 7 คน,TOYOTA,HARRIER HYBRID G,20
1014,2565,รถยนต์นั่งส่วนบุคคลไม่เกิน 7 คน,TOYOTA,HARRIER HYBRID S,4
1015,2565,รถยนต์นั่งส่วนบุคคลไม่เกิน 7 คน,TOYOTA,HARRIER HYBRID Z,8
1016,2565,รถยนต์นั่งส่วนบุคคลไม่เกิน 7 คน,TOYOTA,HARRIER HYBRID Z 2.5L,1
1017,2565,รถยนต์นั่งส่วนบุคคลไม่เกิน 7 คน,TOYOTA,HARRIER HYBRID Z LEATHER,5
1018,2565,รถยนต์นั่งส่วนบุคคลไม่เกิน 7 คน,TOYOTA,HILUX REVO,50119
1019,2565,รถยนต์นั่งส่วนบุคคลไม่เกิน 7 คน,TOYOTA,INNOVA,386
1020,2565,รถยนต์นั่งส่วนบุคคลไม่เกิน 7 คน,TOYOTA,KUN15R-PRMDYT  A3,1
1021,2565,รถยนต์นั่งส่วนบุคคลไม่เกิน 7 คน,TOYOTA,KUN15R-TRMDYT3 A3,1
1022,2565,รถยนต์นั่งส่วนบุคคลไม่เกิน 7 คน,TOYOTA,KUN26R-PRPSYT  A7,1
1023,2565,รถยนต์นั่งส่วนบุคคลไม่เกิน 7 คน,TOYOTA,KUN35R-PRMSHT  A5,1
1024,2565,รถยนต์นั่งส่วนบุคคลไม่เกิน 7 คน,TOYOTA,KUN35R-PRMSHT  A8,1
1025,2565,รถยนต์นั่งส่วนบุคคลไม่เกิน 7 คน,TOYOTA,KUN51R-NKASYT  A8,1
1026,2565,รถยนต์นั่งส่วนบุคคลไม่เกิน 7 คน,TOYOTA,KUN51R-NKASYT  AK,1
1027,2565,รถยนต์นั่งส่วนบุคคลไม่เกิน 7 คน,TOYOTA,LAND CRUISER 300 GR SPORT,4
1028,2565,รถยนต์นั่งส่วนบุคคลไม่เกิน 7 คน,TOYOTA,LAND CRUISER 300 ZX,5
1029,2565,รถยนต์นั่งส่วนบุคคลไม่เกิน 7 คน,TOYOTA,LAND CRUISER 300 ZX 3.3L,2
1030,2565,รถยนต์นั่งส่วนบุคคลไม่เกิน 7 คน,TOYOTA,LAND CRUISER 300 ZX DIESEL,2
1031,2565,รถยนต์นั่งส่วนบุคคลไม่เกิน 7 คน,TOYOTA,LAND CRUISER 70 30TH,1
1032,2565,รถยนต์นั่งส่วนบุคคลไม่เกิน 7 คน,TOYOTA,LAND CRUISER 70 PICKUP 30TH,1
1033,2565,รถยนต์นั่งส่วนบุคคลไม่เกิน 7 คน,TOYOTA,LAND CRUISER ACTIVE 2.8,3
1034,2565,รถยนต์นั่งส่วนบุคคลไม่เกิน 7 คน,TOYOTA,LAND CRUISER ACTIVE 2.8D,1
1035,2565,รถยนต์นั่งส่วนบุคคลไม่เกิน 7 คน,TOYOTA,LAND CRUISER AX G SELECTION,1
1036,2565,รถยนต์นั่งส่วนบุคคลไม่เกิน 7 คน,TOYOTA,LAND CRUISER GR SPORT,3
1037,2565,รถยนต์นั่งส่วนบุคคลไม่เกิน 7 คน,TOYOTA,LAND CRUISER PRADO 2.7 TX-L,1
1038,2565,รถยนต์นั่งส่วนบุคคลไม่เกิน 7 คน,TOYOTA,LAND CRUISER PRADO TX L,1
1039,2565,รถยนต์นั่งส่วนบุคคลไม่เกิน 7 คน,TOYOTA,LAND CRUISER PRADO TX L 70TH,1
1040,2565,รถยนต์นั่งส่วนบุคคลไม่เกิน 7 คน,TOYOTA,LAND CRUISER PRADO TZ G 2.8L,6
1041,2565,รถยนต์นั่งส่วนบุคคลไม่เกิน 7 คน,TOYOTA,LAND CRUISER ZX,2
1042,2565,รถยนต์นั่งส่วนบุคคลไม่เกิน 7 คน,TOYOTA,LANDCRUISER LC300 GR SPORT,4
1043,2565,รถยนต์นั่งส่วนบุคคลไม่เกิน 7 คน,TOYOTA,LANDCRUISER LC300 SAHARA,2
1044,2565,รถยนต์นั่งส่วนบุคคลไม่เกิน 7 คน,TOYOTA,LANDCRUISER LC300 SAHARA ZX,2
1045,2565,รถยนต์นั่งส่วนบุคคลไม่เกิน 7 คน,TOYOTA,LANDCRUISER PRADO 2.7 TXL,1
1046,2565,รถยนต์นั่งส่วนบุคคลไม่เกิน 7 คน,TOYOTA,LANDCRUISER PRADO 2.8,2
1047,2565,รถยนต์นั่งส่วนบุคคลไม่เกิน 7 คน,TOYOTA,LANDCRUISER PRADO 2.8 DIESEL,1
1048,2565,รถยนต์นั่งส่วนบุคคลไม่เกิน 7 คน,TOYOTA,LANDCRUISER PRADO 2.8 TXL,4
1049,2565,รถยนต์นั่งส่วนบุคคลไม่เกิน 7 คน,TOYOTA,LANDCRUISER PRADO 2.8 TZG,4
1050,2565,รถยนต์นั่งส่วนบุคคลไม่เกิน 7 คน,TOYOTA,LANDCRUISER PRADO TXL PACKAGE,2
1051,2565,รถยนต์นั่งส่วนบุคคลไม่เกิน 7 คน,TOYOTA,LANDCRUISER PRADO TZ-G,1
1052,2565,รถยนต์นั่งส่วนบุคคลไม่เกิน 7 คน,TOYOTA,LANDCRUISER300SAHARA3.3L V6,1
1053,2565,รถยนต์นั่งส่วนบุคคลไม่เกิน 7 คน,TOYOTA,NOAH HYBRID S-Z,2
1054,2565,รถยนต์นั่งส่วนบุคคลไม่เกิน 7 คน,TOYOTA,NOAH HYBRID X,3
1055,2565,รถยนต์นั่งส่วนบุคคลไม่เกิน 7 คน,TOYOTA,NOAH S-G,1
1056,2565,รถยนต์นั่งส่วนบุคคลไม่เกิน 7 คน,TOYOTA,NOAH SZ,1
1057,2565,รถยนต์นั่งส่วนบุคคลไม่เกิน 7 คน,TOYOTA,NOAH SZ 2.0L,2
1058,2565,รถยนต์นั่งส่วนบุคคลไม่เกิน 7 คน,TOYOTA,NOAH X,1
1059,2565,รถยนต์นั่งส่วนบุคคลไม่เกิน 7 คน,TOYOTA,NOAH X 2WD,2
1060,2565,รถยนต์นั่งส่วนบุคคลไม่เกิน 7 คน,TOYOTA,SIENTA,915
1061,2565,รถยนต์นั่งส่วนบุคคลไม่เกิน 7 คน,TOYOTA,SUPRA,6
1062,2565,รถยนต์นั่งส่วนบุคคลไม่เกิน 7 คน,TOYOTA,SUPRA RZ 3.0L,1
1063,2565,รถยนต์นั่งส่วนบุคคลไม่เกิน 7 คน,TOYOTA,SUPRA SZ-R 2.0,1
1064,2565,รถยนต์นั่งส่วนบุคคลไม่เกิน 7 คน,TOYOTA,SUPRA SZ-R 2.0L,1
1065,2565,รถยนต์นั่งส่วนบุคคลไม่เกิน 7 คน,TOYOTA,TGN16R-PRMSKT  A7,1
1066,2565,รถยนต์นั่งส่วนบุคคลไม่เกิน 7 คน,TOYOTA,TR TRANSFORMER,45
1067,2565,รถยนต์นั่งส่วนบุคคลไม่เกิน 7 คน,TOYOTA,TR-TRANSFORTMER,1
1068,2565,รถยนต์นั่งส่วนบุคคลไม่เกิน 7 คน,TOYOTA,VELLFIRE,29
1069,2565,รถยนต์นั่งส่วนบุคคลไม่เกิน 7 คน,TOYOTA,VELLFIRE 2.5 HYBRID V,1
1070,2565,รถยนต์นั่งส่วนบุคคลไม่เกิน 7 คน,TOYOTA,VELLFIRE 2.5 HYBRID V-L,6
1071,2565,รถยนต์นั่งส่วนบุคคลไม่เกิน 7 คน,TOYOTA,VELLFIRE 2.5 HYBRID X,1
1072,2565,รถยนต์นั่งส่วนบุคคลไม่เกิน 7 คน,TOYOTA,VELLFIRE 2.5 HYBRID X E-FOUR,8
1073,2565,รถยนต์นั่งส่วนบุคคลไม่เกิน 7 คน,TOYOTA,VELLFIRE 2.5 HYBRID Z E-FOUR,10
1074,2565,รถยนต์นั่งส่วนบุคคลไม่เกิน 7 คน,TOYOTA,VELLFIRE 2.5 HYBRID ZR G,21
1075,2565,รถยนต์นั่งส่วนบุคคลไม่เกิน 7 คน,TOYOTA,VELLFIRE 2.5 Z G,2
1076,2565,รถยนต์นั่งส่วนบุคคลไม่เกิน 7 คน,TOYOTA,VELLFIRE 2.5L Z G EDITION,6
1077,2565,รถยนต์นั่งส่วนบุคคลไม่เกิน 7 คน,TOYOTA,VELLFIRE 2.5Z 2WD,1
1078,2565,รถยนต์นั่งส่วนบุคคลไม่เกิน 7 คน,TOYOTA,VELLFIRE 2.5Z G EDITION,99
1079,2565,รถยนต์นั่งส่วนบุคคลไม่เกิน 7 คน,TOYOTA,VELLFIRE HYBRID E-FOUR,4
1080,2565,รถยนต์นั่งส่วนบุคคลไม่เกิน 7 คน,TOYOTA,VELLFIRE HYBRID V L EDITION,10
1081,2565,รถยนต์นั่งส่วนบุคคลไม่เกิน 7 คน,TOYOTA,VELLFIRE HYBRID X,1
1082,2565,รถยนต์นั่งส่วนบุคคลไม่เกิน 7 คน,TOYOTA,VELLFIRE HYBRID X 2.5L,7
1083,2565,รถยนต์นั่งส่วนบุคคลไม่เกิน 7 คน,TOYOTA,VELLFIRE HYBRID X E-FOUR,1
1084,2565,รถยนต์นั่งส่วนบุคคลไม่เกิน 7 คน,TOYOTA,VELLFIRE HYBRID Z,1
1085,2565,รถยนต์นั่งส่วนบุคคลไม่เกิน 7 คน,TOYOTA,VELLFIRE HYBRID ZRG EDITION,19
1086,2565,รถยนต์นั่งส่วนบุคคลไม่เกิน 7 คน,TOYOTA,VELLFIRE V 2.5L,2
1087,2565,รถยนต์นั่งส่วนบุคคลไม่เกิน 7 คน,TOYOTA,VELLFIRE Z G EDITION,22
1088,2565,รถยนต์นั่งส่วนบุคคลไม่เกิน 7 คน,TOYOTA,VELLFIRE Z G EDITION 2.5L,6
1089,2565,รถยนต์นั่งส่วนบุคคลไม่เกิน 7 คน,TOYOTA,VELLFIRE Z GOLDEN EYES 2.5L,1
1090,2565,รถยนต์นั่งส่วนบุคคลไม่เกิน 7 คน,TOYOTA,VELLFIRE ZG EDITION 2.5L,1
1091,2565,รถยนต์นั่งส่วนบุคคลไม่เกิน 7 คน,TOYOTA,VELOZ,7611
1092,2565,รถยนต์นั่งส่วนบุคคลไม่เกิน 7 คน,TOYOTA,VIOS,2602
1093,2565,รถยนต์นั่งส่วนบุคคลไม่เกิน 7 คน,TOYOTA,VIOS 1.5E A/T,1
1094,2565,รถยนต์นั่งส่วนบุคคลไม่เกิน 7 คน,TOYOTA,VIOS 1.5J M/T,1
1095,2565,รถยนต์นั่งส่วนบุคคลไม่เกิน 7 คน,TOYOTA,VOXY 1.8 HYBRID ZS,2
1096,2565,รถยนต์นั่งส่วนบุคคลไม่เกิน 7 คน,TOYOTA,VOXY HYBRID S-Z,13
1097,2565,รถยนต์นั่งส่วนบุคคลไม่เกิน 7 คน,TOYOTA,VOXY HYBRID SZ 1.8L,1
1098,2565,รถยนต์นั่งส่วนบุคคลไม่เกิน 7 คน,TOYOTA,"VOXY HYBRID ZS ""GLITTER III""",1
1099,2565,รถยนต์นั่งส่วนบุคคลไม่เกิน 7 คน,TOYOTA,VOXY S-Z 2.0L,1
1100,2565,รถยนต์นั่งส่วนบุคคลไม่เกิน 7 คน,TOYOTA,VOXY S-Z 2WD,8
1101,2565,รถยนต์นั่งส่วนบุคคลไม่เกิน 7 คน,TOYOTA,VOXY SZ,5
1102,2565,รถยนต์นั่งส่วนบุคคลไม่เกิน 7 คน,TOYOTA,VOXY SZ 2.0L,5
1103,2565,รถยนต์นั่งส่วนบุคคลไม่เกิน 7 คน,TOYOTA,VOXY SZ HYBRID,2
1104,2565,รถยนต์นั่งส่วนบุคคลไม่เกิน 7 คน,TOYOTA,VOXY ZS,3
1105,2565,รถยนต์นั่งส่วนบุคคลไม่เกิน 7 คน,TOYOTA,Yaris 1.2E CVT,1
1106,2565,รถยนต์นั่งส่วนบุคคลไม่เกิน 7 คน,TOYOTA,Yaris 1.2G CVT,2
1107,2565,รถยนต์นั่งส่วนบุคคลไม่เกิน 7 คน,TOYOTA,Yaris 1.2J CVT,2
1108,2565,รถยนต์นั่งส่วนบุคคลไม่เกิน 7 คน,TOYOTA,YARIS,28472
1109,2565,รถยนต์นั่งส่วนบุคคลไม่เกิน 7 คน,TOYOTA,YARIS ATIV,26403
1110,2565,รถยนต์นั่งส่วนบุคคลไม่เกิน 7 คน,TOYOTA,YARIS RZ HIGH PERFORMANCE,1
1111,2565,รถยนต์นั่งส่วนบุคคลไม่เกิน 7 คน,TOYOTA,ZRE141R-GEPEKT A1,1
1112,2565,รถยนต์นั่งส่วนบุคคลไม่เกิน 7 คน,TOYOTA,ZRE171R-GEXEMT A1,1
1113,2565,รถยนต์นั่งส่วนบุคคลไม่เกิน 7 คน,TOYOTA,ZRE172R-GEXEGT B1,1
1114,2565,รถยนต์นั่งส่วนบุคคลไม่เกิน 7 คน,TOYOTA,ZRE172R-GEXGGT A1,1
1115,2565,รถยนต์นั่งส่วนบุคคลไม่เกิน 7 คน,TOYOTA,ZVW30R-AHXEBT  CB,1
1116,2565,รถยนต์นั่งส่วนบุคคลไม่เกิน 7 คน,TOYOTA,ZZE141R-GEPEKT C1,1
1117,2565,รถยนต์นั่งส่วนบุคคลไม่เกิน 7 คน,TOYOTA,ZZE141R-GEPEKT D1,1
1118,2565,รถยนต์นั่งส่วนบุคคลไม่เกิน 7 คน,TOYOTA,,17
1119,2565,รถยนต์นั่งส่วนบุคคลไม่เกิน 7 คน,VOLKSWAGEN,BEETLE 1.4 TSI DSG COUPE,1
1120,2565,รถยนต์นั่งส่วนบุคคลไม่เกิน 7 คน,VOLKSWAGEN,BEETLE CABRIOLET DSG,1
1121,2565,รถยนต์นั่งส่วนบุคคลไม่เกิน 7 คน,VOLKSWAGEN,GOLF GTI,1
1122,2565,รถยนต์นั่งส่วนบุคคลไม่เกิน 7 คน,VOLKSWAGEN,GOLF GTI CLUBSPORT,1
1123,2565,รถยนต์นั่งส่วนบุคคลไม่เกิน 7 คน,VOLKSWAGEN,GOLF R,1
1124,2565,รถยนต์นั่งส่วนบุคคลไม่เกิน 7 คน,VOLKSWAGEN,GOLF R 2.0 TSI,2
1125,2565,รถยนต์นั่งส่วนบุคคลไม่เกิน 7 คน,VOLKSWAGEN,ID 3 PRO S,1
1126,2565,รถยนต์นั่งส่วนบุคคลไม่เกิน 7 คน,VOLKSWAGEN,ID.3 TOURER PRO S,1
1127,2565,รถยนต์นั่งส่วนบุคคลไม่เกิน 7 คน,VOLKSWAGEN,MULTIVAN 2.0 BI TDI,1
1128,2565,รถยนต์นั่งส่วนบุคคลไม่เกิน 7 คน,VOLKSWAGEN,TOUAREG R 3.0 E-HYBRID,1
1129,2565,รถยนต์นั่งส่วนบุคคลไม่เกิน 7 คน,VOLVO,C40,32
1130,2565,รถยนต์นั่งส่วนบุคคลไม่เกิน 7 คน,VOLVO,S60,223
1131,2565,รถยนต์นั่งส่วนบุคคลไม่เกิน 7 คน,VOLVO,S90,117
1132,2565,รถยนต์นั่งส่วนบุคคลไม่เกิน 7 คน,VOLVO,V40,1
1133,2565,รถยนต์นั่งส่วนบุคคลไม่เกิน 7 คน,VOLVO,V60,303
1134,2565,รถยนต์นั่งส่วนบุคคลไม่เกิน 7 คน,VOLVO,V90,1
1135,2565,รถยนต์นั่งส่วนบุคคลไม่เกิน 7 คน,VOLVO,XC40,1229
1136,2565,รถยนต์นั่งส่วนบุคคลไม่เกิน 7 คน,VOLVO,XC60,599
1137,2565,รถยนต์นั่งส่วนบุคคลไม่เกิน 7 คน,VOLVO,XC90,231
1138,2565,รถยนต์นั่งส่วนบุคคลไม่เกิน 7 คน,VOLVO,,6
1139,2565,รถยนต์นั่งส่วนบุคคลไม่เกิน 7 คน,WULING,MULIN MINI,9
1140,2565,รถยนต์นั่งส่วนบุคคลไม่เกิน 7 คน,WULING,WULING MINI,1
1141,2565,รถยนต์นั่งส่วนบุคคลเกิน 7 คน,FORD,RANGER,63
1142,2565,รถยนต์นั่งส่วนบุคคลเกิน 7 คน,FORD,RANGER RAPTOR,28
1143,2565,รถยนต์นั่งส่วนบุคคลเกิน 7 คน,FOTON,BJ6536B1DWA - R VIEW,1
1144,2565,รถยนต์นั่งส่วนบุคคลเกิน 7 คน,FOTON,BJ6549B1PDA-RA,6
1145,2565,รถยนต์นั่งส่วนบุคคลเกิน 7 คน,FOTON,,1
1146,2565,รถยนต์นั่งส่วนบุคคลเกิน 7 คน,HINO,XZB70R-ZEMHY,5
1147,2565,รถยนต์นั่งส่วนบุคคลเกิน 7 คน,HINO,XZU720R-HKTQL3,2
1148,2565,รถยนต์นั่งส่วนบุคคลเกิน 7 คน,HYUNDAI,H-1,1186
1149,2565,รถยนต์นั่งส่วนบุคคลเกิน 7 คน,HYUNDAI,KMJWTQA,1
1150,2565,รถยนต์นั่งส่วนบุคคลเกิน 7 คน,HYUNDAI,STARIA,2863
1151,2565,รถยนต์นั่งส่วนบุคคลเกิน 7 คน,HYUNDAI,,3
1152,2565,รถยนต์นั่งส่วนบุคคลเกิน 7 คน,ISUZU,D-MAX,609
1153,2565,รถยนต์นั่งส่วนบุคคลเกิน 7 คน,ISUZU,QFR54E,1
1154,2565,รถยนต์นั่งส่วนบุคคลเกิน 7 คน,KIA,CARNIVAL,1432
1155,2565,รถยนต์นั่งส่วนบุคคลเกิน 7 คน,KIA,GRAND CARNIVAL,151
1156,2565,รถยนต์นั่งส่วนบุคคลเกิน 7 คน,KIA,,8
1157,2565,รถยนต์นั่งส่วนบุคคลเกิน 7 คน,MAXUS,V80,3
1158,2565,รถยนต์นั่งส่วนบุคคลเกิน 7 คน,MAZDA,MAZDA BT-50,1
1159,2565,รถยนต์นั่งส่วนบุคคลเกิน 7 คน,MERCEDES BENZ,OF917 4250 RHD,1
1160,2565,รถยนต์นั่งส่วนบุคคลเกิน 7 คน,MERCEDES BENZ,SPRINTER 2.2 DIESEL,1
1161,2565,รถยนต์นั่งส่วนบุคคลเกิน 7 คน,MERCEDES BENZ,SPRINTER 319 CDI,5
1162,2565,รถยนต์นั่งส่วนบุคคลเกิน 7 คน,MERCEDES BENZ,SPRINTER 319 CDI VAN,1
1163,2565,รถยนต์นั่งส่วนบุคคลเกิน 7 คน,MERCEDES BENZ,SPRINTER 416 CDI VAN,11
1164,2565,รถยนต์นั่งส่วนบุคคลเกิน 7 คน,MERCEDES BENZ,SPRINTER 419 CDI (907),45
1165,2565,รถยนต์นั่งส่วนบุคคลเกิน 7 คน,MERCEDES BENZ,SPRINTER 419 CDI VAN,1
1166,2565,รถยนต์นั่งส่วนบุคคลเกิน 7 คน,MERCEDES BENZ,VITO 119 CDI PANEL VAN,3
1167,2565,รถยนต์นั่งส่วนบุคคลเกิน 7 คน,MERCEDES BENZ,,2
1168,2565,รถยนต์นั่งส่วนบุคคลเกิน 7 คน,MG,MG EXTENDER,103
1169,2565,รถยนต์นั่งส่วนบุคคลเกิน 7 คน,MG,V80,15
1170,2565,รถยนต์นั่งส่วนบุคคลเกิน 7 คน,MITSUBISHI,TRITON,60
1171,2565,รถยนต์นั่งส่วนบุคคลเกิน 7 คน,NISSAN,NAVARA,107
1172,2565,รถยนต์นั่งส่วนบุคคลเกิน 7 คน,NISSAN,NissanUrvan,1
1173,2565,รถยนต์นั่งส่วนบุคคลเกิน 7 คน,NISSAN,UDB4RDRE26EWDDER-C,1
1174,2565,รถยนต์นั่งส่วนบุคคลเกิน 7 คน,NISSAN,UVL4RDRE26KHE-----,146
1175,2565,รถยนต์นั่งส่วนบุคคลเกิน 7 คน,NISSAN,UVL4RDRE26KWDMER-E,4
1176,2565,รถยนต์นั่งส่วนบุคคลเกิน 7 คน,NISSAN,UVL4RDRE26KWDMER9E,111
1177,2565,รถยนต์นั่งส่วนบุคคลเกิน 7 คน,NISSAN,UVL4RDRE26KWDMERCE,6
1178,2565,รถยนต์นั่งส่วนบุคคลเกิน 7 คน,NISSAN,,1
1179,2565,รถยนต์นั่งส่วนบุคคลเกิน 7 คน,SSANGYONG,RODIUS,1
1180,2565,รถยนต์นั่งส่วนบุคคลเกิน 7 คน,SUZUKI,CARRY 1.5L MT,74
1181,2565,รถยนต์นั่งส่วนบุคคลเกิน 7 คน,TOYOTA,COMMUTER,5805
1182,2565,รถยนต์นั่งส่วนบุคคลเกิน 7 คน,TOYOTA,HIACE,179
1183,2565,รถยนต์นั่งส่วนบุคคลเกิน 7 คน,TOYOTA,HIACE DIESEL GL. SOLID,1
1184,2565,รถยนต์นั่งส่วนบุคคลเกิน 7 คน,TOYOTA,HIACE MAJESTY,271
1185,2565,รถยนต์นั่งส่วนบุคคลเกิน 7 คน,TOYOTA,HILUX REVO,2941
1186,2565,รถยนต์นั่งส่วนบุคคลเกิน 7 คน,TOYOTA,KDH213R-KDPNYT D1,1
1187,2565,รถยนต์นั่งส่วนบุคคลเกิน 7 คน,TOYOTA,KDH222R-LEMDYT A1,1
1188,2565,รถยนต์นั่งส่วนบุคคลเกิน 7 คน,TOYOTA,KDH222R-LEMDYT A4,3
1189,2565,รถยนต์นั่งส่วนบุคคลเกิน 7 คน,TOYOTA,KDH222R-LEMDYT A5,2
1190,2565,รถยนต์นั่งส่วนบุคคลเกิน 7 คน,TOYOTA,KDH222R-LEMDYT B4,2
1191,2565,รถยนต์นั่งส่วนบุคคลเกิน 7 คน,TOYOTA,KDH223R-LEMDYT A2,10
1192,2565,รถยนต์นั่งส่วนบุคคลเกิน 7 คน,TOYOTA,KDH223R-LEMDYT B2,8
1193,2565,รถยนต์นั่งส่วนบุคคลเกิน 7 คน,TOYOTA,KDH223R-LEPDYT A1,4
1194,2565,รถยนต์นั่งส่วนบุคคลเกิน 7 คน,TOYOTA,KDH223R-LEPDYT B1,3
1195,2565,รถยนต์นั่งส่วนบุคคลเกิน 7 คน,TOYOTA,TR TRANSFORMER,21
1196,2565,รถยนต์นั่งส่วนบุคคลเกิน 7 คน,TOYOTA,TRH223R-LEMDKT C2,2
1197,2565,รถยนต์นั่งส่วนบุคคลเกิน 7 คน,VOLKSWAGEN,CARAVELLE 2.0 BI TDI,2
1198,2565,รถยนต์นั่งส่วนบุคคลเกิน 7 คน,VOLKSWAGEN,CARAVELLE COMFORTLINE 2,1
1199,2565,รถยนต์นั่งส่วนบุคคลเกิน 7 คน,VOLKSWAGEN,CARAVELLE MINORCHANGE 2,3
1200,2565,รถยนต์นั่งส่วนบุคคลเกิน 7 คน,VOLKSWAGEN,CARAVELLE T69 2.0 L,192
1201,2565,รถยนต์บรรทุกส่วนบุคคล,BYD,T3,8
1202,2565,รถยนต์บรรทุกส่วนบุคคล,CHEVROLET,COLORADO,2
1203,2565,รถยนต์บรรทุกส่วนบุคคล,CHEVROLET,COLORADO X-CAB,29
1204,2565,รถยนต์บรรทุกส่วนบุคคล,DAIHATSU,HIJET CARGO,55
1205,2565,รถยนต์บรรทุกส่วนบุคคล,DAIHATSU,HIJET VAN,1
1206,2565,รถยนต์บรรทุกส่วนบุคคล,DFSK,EC35,2
1207,2565,รถยนต์บรรทุกส่วนบุคคล,DFSK,EQ1020TF,2
1208,2565,รถยนต์บรรทุกส่วนบุคคล,DFSK,EQ1021GF24Q7,1
1209,2565,รถยนต์บรรทุกส่วนบุคคล,FORD,FORD RANGER,2
1210,2565,รถยนต์บรรทุกส่วนบุคคล,FORD,FORD RANGER iFCS9AR,1
1211,2565,รถยนต์บรรทุกส่วนบุคคล,FORD,FORD RANGER iFCT9AR,1
1212,2565,รถยนต์บรรทุกส่วนบุคคล,FORD,FORD RANGER iFCX9DH,1
1213,2565,รถยนต์บรรทุกส่วนบุคคล,FORD,FORD RANGER iJCT9AH,1
1214,2565,รถยนต์บรรทุกส่วนบุคคล,FORD,FORD RANGER iJCX9D5,1
1215,2565,รถยนต์บรรทุกส่วนบุคคล,FORD,FORD RANGER iJCX9DH,1
1216,2565,รถยนต์บรรทุกส่วนบุคคล,FORD,RANGER,8407
1217,2565,รถยนต์บรรทุกส่วนบุคคล,FORD,RANGER SWB,59
1218,2565,รถยนต์บรรทุกส่วนบุคคล,FORD,,3
1219,2565,รถยนต์บรรทุกส่วนบุคคล,FOTON,BJ1041V8JD3-RF,39
1220,2565,รถยนต์บรรทุกส่วนบุคคล,FOTON,BJ1045V8JD3-FA,29
1221,2565,รถยนต์บรรทุกส่วนบุคคล,FOTON,TUNLAND SC FLAT BED,1
1222,2565,รถยนต์บรรทุกส่วนบุคคล,FOTON,TUNLAND SC STANDARD,1
1223,2565,รถยนต์บรรทุกส่วนบุคคล,HIGER,H5C EV CARGO,1
1224,2565,รถยนต์บรรทุกส่วนบุคคล,HINO,FG8JF1D-JJT,23
1225,2565,รถยนต์บรรทุกส่วนบุคคล,HINO,FG8JJ1A-JGT,1
1226,2565,รถยนต์บรรทุกส่วนบุคคล,HINO,FG8JJ1A-JJT,10
1227,2565,รถยนต์บรรทุกส่วนบุคคล,HINO,FM1AN1D-SHT,1
1228,2565,รถยนต์บรรทุกส่วนบุคคล,HINO,FM2PN1D-XHT,4
1229,2565,รถยนต์บรรทุกส่วนบุคคล,HINO,FM8JN1D-SGT,18
1230,2565,รถยนต์บรรทุกส่วนบุคคล,HINO,GY2PS1A-XHT,1
1231,2565,รถยนต์บรรทุกส่วนบุคคล,HINO,WU,1
1232,2565,รถยนต์บรรทุกส่วนบุคคล,HINO,XZU600R-HKMLKT3,556
1233,2565,รถยนต์บรรทุกส่วนบุคคล,HINO,XZU710R-HKFTLT3,1
1234,2565,รถยนต์บรรทุกส่วนบุคคล,HINO,,1
1235,2565,รถยนต์บรรทุกส่วนบุคคล,HONDA,ACTY TRUCK,3
1236,2565,รถยนต์บรรทุกส่วนบุคคล,ISUZU,D-MAX,87655
1237,2565,รถยนต์บรรทุกส่วนบุคคล,ISUZU,FRR90HSXFU,1
1238,2565,รถยนต์บรรทุกส่วนบุคคล,ISUZU,FTR34JXXXU,55
1239,2565,รถยนต์บรรทุกส่วนบุคคล,ISUZU,FTR34LXXXU,59
1240,2565,รถยนต์บรรทุกส่วนบุคคล,ISUZU,FVM34QNXXU,2
1241,2565,รถยนต์บรรทุกส่วนบุคคล,ISUZU,FVZ34QNDXU,34
1242,2565,รถยนต์บรรทุกส่วนบุคคล,ISUZU,FVZ34QSDFU,6
1243,2565,รถยนต์บรรทุกส่วนบุคคล,ISUZU,FVZ34QSDTU,2
1244,2565,รถยนต์บรรทุกส่วนบุคคล,ISUZU,FXZ77QXDTV,1
1245,2565,รถยนต์บรรทุกส่วนบุคคล,ISUZU,FYH77SXDFV,1
1246,2565,รถยนต์บรรทุกส่วนบุคคล,ISUZU,ISUZU,1
1247,2565,รถยนต์บรรทุกส่วนบุคคล,ISUZU,MU-X,3
1248,2565,รถยนต์บรรทุกส่วนบุคคล,ISUZU,NLR77EXXXW,174
1249,2565,รถยนต์บรรทุกส่วนบุคคล,ISUZU,NLR85EXSXY,35
1250,2565,รถยนต์บรรทุกส่วนบุคคล,ISUZU,NLR85EXXXU,2263
1251,2565,รถยนต์บรรทุกส่วนบุคคล,ISUZU,NMR85EXXXU,6
1252,2565,รถยนต์บรรทุกส่วนบุคคล,ISUZU,NPR75HXXXU,3
1253,2565,รถยนต์บรรทุกส่วนบุคคล,ISUZU,NQR75HXXXU,8
1254,2565,รถยนต์บรรทุกส่วนบุคคล,ISUZU,RODEO S 3.0,2
1255,2565,รถยนต์บรรทุกส่วนบุคคล,ISUZU,SX 2.5,1
1256,2565,รถยนต์บรรทุกส่วนบุคคล,ISUZU,TFR86JEMN2 (M),1
1257,2565,รถยนต์บรรทุกส่วนบุคคล,ISUZU,TFS55HPY,1
1258,2565,รถยนต์บรรทุกส่วนบุคคล,ISUZU,TFS86JEQH3 (M),1
1259,2565,รถยนต์บรรทุกส่วนบุคคล,ISUZU,,11
1260,2565,รถยนต์บรรทุกส่วนบุคคล,JMC,JX5033XXYXAR,2
1261,2565,รถยนต์บรรทุกส่วนบุคคล,KIA,K2500,6
1262,2565,รถยนต์บรรทุกส่วนบุคคล,KIA,K2500(DRY BOX),8
1263,2565,รถยนต์บรรทุกส่วนบุคคล,MAZDA,MAZDA BT-50,864
1264,2565,รถยนต์บรรทุกส่วนบุคคล,MAZDA,MAZDA BT50,1
1265,2565,รถยนต์บรรทุกส่วนบุคคล,MERCEDES BENZ,UGE-232 (UNIMOG U218),1
1266,2565,รถยนต์บรรทุกส่วนบุคคล,MERCEDES BENZ,VITO 116 CDI VAN EX.LONG,1
1267,2565,รถยนต์บรรทุกส่วนบุคคล,MG,MG EXTENDER,858
1268,2565,รถยนต์บรรทุกส่วนบุคคล,MITSUBISHI,L200 2.5 M-CAB GLX (STRADA 2WD,1
1269,2565,รถยนต์บรรทุกส่วนบุคคล,MITSUBISHI,L200 SUPER 2.8 GLX 4WD (STRADA,1
1270,2565,รถยนต์บรรทุกส่วนบุคคล,MITSUBISHI,MINICAB MIEV,3
1271,2565,รถยนต์บรรทุกส่วนบุคคล,MITSUBISHI,TRITON,13393
1272,2565,รถยนต์บรรทุกส่วนบุคคล,MITSUBISHI,XPANDER,1
1273,2565,รถยนต์บรรทุกส่วนบุคคล,MITSUBISHI,,1
1274,2565,รถยนต์บรรทุกส่วนบุคคล,NISSAN,BVL2RDYD23FHN---CA,2
1275,2565,รถยนต์บรรทุกส่วนบุคคล,NISSAN,BVL2RSYD23FHP--AAA,1
1276,2565,รถยนต์บรรทุกส่วนบุคคล,NISSAN,BVL2RWLD23FHP-----,1
1277,2565,รถยนต์บรรทุกส่วนบุคคล,NISSAN,BVL2RWLD23FHP----A,2
1278,2565,รถยนต์บรรทุกส่วนบุคคล,NISSAN,NAVARA,4575
1279,2565,รถยนต์บรรทุกส่วนบุคคล,NISSAN,UVL4RDRE26KHE-----,1
1280,2565,รถยนต์บรรทุกส่วนบุคคล,NISSAN,,2
1281,2565,รถยนต์บรรทุกส่วนบุคคล,SCANIA,P 460 B10x4*6NA,1
1282,2565,รถยนต์บรรทุกส่วนบุคคล,SCANIA,R560 B8x4NZ,1
1283,2565,รถยนต์บรรทุกส่วนบุคคล,SINOTRUK HOWO,,2
1284,2565,รถยนต์บรรทุกส่วนบุคคล,SOKON,CRC5020CLS,47
1285,2565,รถยนต์บรรทุกส่วนบุคคล,SOKON,CRC5021CLS,1
1286,2565,รถยนต์บรรทุกส่วนบุคคล,SOKON,CRC5023XXY,12
1287,2565,รถยนต์บรรทุกส่วนบุคคล,SUZUKI,AF416PUM14060,3
1288,2565,รถยนต์บรรทุกส่วนบุคคล,SUZUKI,AP416PUM14058,1
1289,2565,รถยนต์บรรทุกส่วนบุคคล,SUZUKI,AQ416PUM14058,1
1290,2565,รถยนต์บรรทุกส่วนบุคคล,SUZUKI,CARRY 1.5L MT,3181
1291,2565,รถยนต์บรรทุกส่วนบุคคล,SUZUKI,SUPER CARRY X PICK UP,1
1292,2565,รถยนต์บรรทุกส่วนบุคคล,TAKANO,TTE-500,13
1293,2565,รถยนต์บรรทุกส่วนบุคคล,TAKANO,TTE-500L,1
1294,2565,รถยนต์บรรทุกส่วนบุคคล,TATA,SUPER ACE 1.4 L,6
1295,2565,รถยนต์บรรทุกส่วนบุคคล,TATA,XENON,9
1296,2565,รถยนต์บรรทุกส่วนบุคคล,TOYOTA,A-Cab 4x2 2.7J CNG,1
1297,2565,รถยนต์บรรทุกส่วนบุคคล,TOYOTA,B-Cab 4x2 2.4J,5
1298,2565,รถยนต์บรรทุกส่วนบุคคล,TOYOTA,B-Cab 4x4 2.8J,1
1299,2565,รถยนต์บรรทุกส่วนบุคคล,TOYOTA,B-Cab 4X2 2.5J no-PS,1
1300,2565,รถยนต์บรรทุกส่วนบุคคล,TOYOTA,B-Cab 4X2 2.5J VNT,1
1301,2565,รถยนต์บรรทุกส่วนบุคคล,TOYOTA,C-Cab 2x4 2.4E A/T,2
1302,2565,รถยนต์บรรทุกส่วนบุคคล,TOYOTA,C-Cab 4x4 2.8G,1
1303,2565,รถยนต์บรรทุกส่วนบุคคล,TOYOTA,COMMUTER,21
1304,2565,รถยนต์บรรทุกส่วนบุคคล,TOYOTA,FORTUNER,1
1305,2565,รถยนต์บรรทุกส่วนบุคคล,TOYOTA,HIACE,248
1306,2565,รถยนต์บรรทุกส่วนบุคคล,TOYOTA,HILUX REVO,92348
1307,2565,รถยนต์บรรทุกส่วนบุคคล,TOYOTA,HILUX TIGER ECO 5 M/T (B-CAB),1
1308,2565,รถยนต์บรรทุกส่วนบุคคล,TOYOTA,KDH222R-LEMDY  A1,1
1309,2565,รถยนต์บรรทุกส่วนบุคคล,TOYOTA,KDH222R-LEMDYT A1,1
1310,2565,รถยนต์บรรทุกส่วนบุคคล,TOYOTA,KUN15R-CRMSHT  A3,1
1311,2565,รถยนต์บรรทุกส่วนบุคคล,TOYOTA,LAND  CRUISER,2
1312,2565,รถยนต์บรรทุกส่วนบุคคล,TOYOTA,LAND CRUISER 79 PICK UP 4.2,13
1313,2565,รถยนต์บรรทุกส่วนบุคคล,TOYOTA,LAND CRUISER PICK UP 70TH,1
1314,2565,รถยนต์บรรทุกส่วนบุคคล,TOYOTA,TGN16R-TRMDKT  A7,1
1315,2565,รถยนต์บรรทุกส่วนบุคคล,TOYOTA,YARIS ATIV,1
1316,2565,รถยนต์บรรทุกส่วนบุคคล,TOYOTA,,7
1317,2565,รถยนต์บรรทุกส่วนบุคคล,UD TRUCKS,PKE250ELRM,2
1318,2565,รถยนต์บรรทุกส่วนบุคคล,VOLKAN,M32K,1
1319,2565,รถยนต์บรรทุกส่วนบุคคล,VOLKSWAGEN,TRANSPORTER 6.1 PANEL VAN,1
1320,2565,รถยนต์บรรทุกส่วนบุคคล,WULING,GXA5032XXYEV,1
1321,2565,รถยนต์สามล้อส่วนบุคคล,ASM,ATT6,1
1322,2565,รถยนต์สามล้อส่วนบุคคล,BIZ NEX,NEX2.0,1
1323,2565,รถยนต์สามล้อส่วนบุคคล,BIZ NEX,P2,1
1324,2565,รถยนต์สามล้อส่วนบุคคล,CEC,S6,1
1325,2565,รถยนต์สามล้อส่วนบุคคล,KYBURZ,DXP 5.0 TH,1
1326,2565,รถยนต์สามล้อส่วนบุคคล,MESSERSCHMITT,KABINENROLLER,1
1327,2565,รถยนต์สามล้อส่วนบุคคล,MUV,NEX1,12
1328,2565,รถยนต์สามล้อส่วนบุคคล,PANTHERA,Classic II,1
1329,2565,รถยนต์สามล้อส่วนบุคคล,S.T.TUK TUK,ST,2
1330,2565,รถยนต์สามล้อส่วนบุคคล,S.T.TUK TUK,,1
1331,2565,รถยนต์สามล้อส่วนบุคคล,SUMOTA,,41
1332,2565,รถยนต์สามล้อส่วนบุคคล,THAI TUK TUK,TT 550 ESD,6
1333,2565,รถยนต์สามล้อส่วนบุคคล,THAI TUK TUK,TT 550 SD,1
1334,2565,รถยนต์สามล้อส่วนบุคคล,TKI,002EV TUK TUK,7
1335,2565,รถยนต์สามล้อส่วนบุคคล,TKI,003EV TUK TUK,1
1336,2565,รถยนต์สามล้อส่วนบุคคล,TKI,EV TUK TUK KMITL1,1
1337,2565,รถยนต์สามล้อส่วนบุคคล,TO TUK TUK,TO,1
1338,2565,รถยนต์รับจ้างบรรทุกคนโดยสารไม่เกิน 7 คน,ASIA CAB,ASIACAB-AS4L,50
1339,2565,รถยนต์รับจ้างบรรทุกคนโดยสารไม่เกิน 7 คน,BYD,E6,20
1340,2565,รถยนต์รับจ้างบรรทุกคนโดยสารไม่เกิน 7 คน,ISUZU,MU-X,1
1341,2565,รถยนต์รับจ้างบรรทุกคนโดยสารไม่เกิน 7 คน,MG,EP,34
1342,2565,รถยนต์รับจ้างบรรทุกคนโดยสารไม่เกิน 7 คน,TOYOTA,COROLLA,565
1343,2565,รถยนต์รับจ้างบรรทุกคนโดยสารไม่เกิน 7 คน,TOYOTA,FORTUNER,3
1344,2565,รถยนต์รับจ้างบรรทุกคนโดยสารไม่เกิน 7 คน,TOYOTA,INNOVA,16
1345,2565,รถยนต์รับจ้างบรรทุกคนโดยสารไม่เกิน 7 คน,TOYOTA,ZRE171R-GEFDKT A1,1
1346,2565,รถยนต์รับจ้างบรรทุกคนโดยสารไม่เกิน 7 คน,TOYOTA,ZRE172R-GEXEGT BB,1
1347,2565,รถยนต์รับจ้างสามล้อ,BIZ NEX,NEX2.0,147
1348,2565,รถยนต์รับจ้างสามล้อ,MUV,NEX1,2
1349,2565,รถยนต์รับจ้างสามล้อ,MUV,NEX1.5,42
1350,2565,รถยนต์รับจ้างสามล้อ,SRTT TUK TUK,SRTT,2
1351,2565,รถยนต์บริการธุรกิจ,BYD,E6,5
1352,2565,รถยนต์บริการธุรกิจ,ISUZU,MU-X,6
1353,2565,รถยนต์บริการธุรกิจ,MERCEDES BENZ,E 220 d,4
1354,2565,รถยนต์บริการธุรกิจ,MERCEDES BENZ,GLE 350 de 4MATIC,1
1355,2565,รถยนต์บริการธุรกิจ,MERCEDES BENZ,S 350 d,10
1356,2565,รถยนต์บริการธุรกิจ,MERCEDES BENZ,V 220 d,3
1357,2565,รถยนต์บริการธุรกิจ,MG,EP,1
1358,2565,รถยนต์บริการธุรกิจ,TOYOTA,CAMRY,22
1359,2565,รถยนต์บริการธุรกิจ,TOYOTA,COROLLA,7
1360,2565,รถยนต์บริการธุรกิจ,TOYOTA,FORTUNER,11
1361,2565,รถยนต์บริการทัศนาจร,BMW,520d M Sport,2
1362,2565,รถยนต์บริการทัศนาจร,BMW,530e Highline,1
1363,2565,รถยนต์บริการทัศนาจร,ISUZU,MU-X,99
1364,2565,รถยนต์บริการทัศนาจร,MERCEDES BENZ,C 220 d,1
1365,2565,รถยนต์บริการทัศนาจร,MERCEDES BENZ,E 220 d,17
1366,2565,รถยนต์บริการทัศนาจร,MERCEDES BENZ,GLC 220 d,4
1367,2565,รถยนต์บริการทัศนาจร,MERCEDES BENZ,S 350 d,5
1368,2565,รถยนต์บริการทัศนาจร,MITSUBISHI,PAJERO SPORT,2
1369,2565,รถยนต์บริการทัศนาจร,NISSAN,TERRA,1
1370,2565,รถยนต์บริการทัศนาจร,TOYOTA,ALPHARD HYBRID SRC 2.5L,1
1371,2565,รถยนต์บริการทัศนาจร,TOYOTA,CAMRY,40
1372,2565,รถยนต์บริการทัศนาจร,TOYOTA,COROLLA,11
1373,2565,รถยนต์บริการทัศนาจร,TOYOTA,COROLLA CROSS,2
1374,2565,รถยนต์บริการทัศนาจร,TOYOTA,FORTUNER,33
1375,2565,รถยนต์บริการให้เช่า,MERCEDES BENZ,E 300 e,1
1376,2565,รถยนต์บริการให้เช่า,MERCEDES BENZ,S 350 d,1
1377,2565,รถยนต์บริการให้เช่า,TOYOTA,ALPHARD,1
1378,2565,รถยนต์บริการให้เช่า,TOYOTA,CAMRY,3
1379,2565,รถยนต์บริการให้เช่า,TOYOTA,FORTUNER,3
1380,2565,รถจักรยานยนต์,AIMA,A500,104
1381,2565,รถจักรยานยนต์,AIMA,IN MINE,1
1382,2565,รถจักรยานยนต์,AIMA,MAKARON,8
1383,2565,รถจักรยานยนต์,AIMA,TIGER X6,1
1384,2565,รถจักรยานยนต์,AJ,C-LIKE,139
1385,2565,รถจักรยานยนต์,AJ,C-LION,59
1386,2565,รถจักรยานยนต์,AJ,Q5,77
1387,2565,รถจักรยานยนต์,AJ,RAYMAN,6
1388,2565,รถจักรยานยนต์,AJ,SABER TIGER,11
1389,2565,รถจักรยานยนต์,AJ,Z3,70
1390,2565,รถจักรยานยนต์,ALENDA-DARKON,ALENDA DARKON AMANO i,1
1391,2565,รถจักรยานยนต์,ALENDA-DARKON,ALENDA DARKON JAZZY,10
1392,2565,รถจักรยานยนต์,ALENDA-DARKON,ALENDA DARKON MONKEE,3
1393,2565,รถจักรยานยนต์,ALENDA-DARKON,ALENDA DARKON NOVA,1
1394,2565,รถจักรยานยนต์,ALENDA-DARKON,ALENDA DARKON POPPY,1
1395,2565,รถจักรยานยนต์,APRILIA,RS 660,4
1396,2565,รถจักรยานยนต์,APRILIA,RSV4 1100 FACTORY,1
1397,2565,รถจักรยานยนต์,APRILIA,SR GT 200,69
1398,2565,รถจักรยานยนต์,APRILIA,SR GT 200 SPORT,193
1399,2565,รถจักรยานยนต์,APRILIA,TUONO 660,1
1400,2565,รถจักรยานยนต์,ARIEL,SQUARE 4,1
1401,2565,รถจักรยานยนต์,BAJAJ,Dominar D 400,196
1402,2565,รถจักรยานยนต์,BAJAJ,DOMINAR D250,20
1403,2565,รถจักรยานยนต์,BAJAJ,Pulsar NS 160,127
1404,2565,รถจักรยานยนต์,BAJAJ,Pulsar NS 200,77
1405,2565,รถจักรยานยนต์,BAJAJ,Pulsar RS 200,69
1406,2565,รถจักรยานยนต์,BCM,BS1,1
1407,2565,รถจักรยานยนต์,BCM,BS2S,1
1408,2565,รถจักรยานยนต์,BELLA,BELLA,1
1409,2565,รถจักรยานยนต์,BENELLI,302R,3
1410,2565,รถจักรยานยนต์,BENELLI,502C,8
1411,2565,รถจักรยานยนต์,BENELLI,IMPERIALE 400,204
1412,2565,รถจักรยานยนต์,BENELLI,LEONCINO 250,30
1413,2565,รถจักรยานยนต์,BENELLI,LEONCINO 500,3
1414,2565,รถจักรยานยนต์,BENELLI,LEONCINO TRAIL,19
1415,2565,รถจักรยานยนต์,BENELLI,TNT135,132
1416,2565,รถจักรยานยนต์,BENELLI,TNT25,2
1417,2565,รถจักรยานยนต์,BENELLI,TNT300S,16
1418,2565,รถจักรยานยนต์,BENELLI,TRK251,17
1419,2565,รถจักรยานยนต์,BENELLI,TRK502 ABS,89
1420,2565,รถจักรยานยนต์,BENELLI,TRK502X ABS,144
1421,2565,รถจักรยานยนต์,BIGBULL,Z1,6
1422,2565,รถจักรยานยนต์,BMW,C 400 GT,116
1423,2565,รถจักรยานยนต์,BMW,C 400 X,42
1424,2565,รถจักรยานยนต์,BMW,C 650 GT US,2
1425,2565,รถจักรยานยนต์,BMW,C 650 Sport US,3
1426,2565,รถจักรยานยนต์,BMW,F 750 GS,26
1427,2565,รถจักรยานยนต์,BMW,F 800 GS,1
1428,2565,รถจักรยานยนต์,BMW,F 800 GS Adventure US,1
1429,2565,รถจักรยานยนต์,BMW,F 800 GT,1
1430,2565,รถจักรยานยนต์,BMW,F 800 R,2
1431,2565,รถจักรยานยนต์,BMW,F 850 GS,166
1432,2565,รถจักรยานยนต์,BMW,F 850 GS Adventure,28
1433,2565,รถจักรยานยนต์,BMW,F 900 R,19
1434,2565,รถจักรยานยนต์,BMW,F 900 XR,45
1435,2565,รถจักรยานยนต์,BMW,G 310 GS,8
1436,2565,รถจักรยานยนต์,BMW,G 310 GS US,31
1437,2565,รถจักรยานยนต์,BMW,G 310 R,4
1438,2565,รถจักรยานยนต์,BMW,G 310 R US,9
1439,2565,รถจักรยานยนต์,BMW,K 1600 B,3
1440,2565,รถจักรยานยนต์,BMW,K 1600 GTL US,1
1441,2565,รถจักรยานยนต์,BMW,R 1200 GS,4
1442,2565,รถจักรยานยนต์,BMW,R 1200 GS ADVENTURE,17
1443,2565,รถจักรยานยนต์,BMW,R 1250 GS,163
1444,2565,รถจักรยานยนต์,BMW,R 1250 GS Adventure,252
1445,2565,รถจักรยานยนต์,BMW,R 1250 RT,13
1446,2565,รถจักรยานยนต์,BMW,R nine T US,2
1447,2565,รถจักรยานยนต์,BMW,R nineT,10
1448,2565,รถจักรยานยนต์,BMW,R nineT Pure,7
1449,2565,รถจักรยานยนต์,BMW,R nineT Scrambler,9
1450,2565,รถจักรยานยนต์,BMW,R nineT Urban G/S,13
1451,2565,รถจักรยานยนต์,BMW,R nineT Urban G/S US,1
1452,2565,รถจักรยานยนต์,BMW,R NINET US,1
1453,2565,รถจักรยานยนต์,BMW,R18,39
1454,2565,รถจักรยานยนต์,BMW,R18 B,6
1455,2565,รถจักรยานยนต์,BMW,R18 Classic,24
1456,2565,รถจักรยานยนต์,BMW,R18 Transcontinental,10
1457,2565,รถจักรยานยนต์,BMW,S 1000 R,54
1458,2565,รถจักรยานยนต์,BMW,S 1000 RR,130
1459,2565,รถจักรยานยนต์,BMW,S 1000 XR,30
1460,2565,รถจักรยานยนต์,BMW,,4
1461,2565,รถจักรยานยนต์,CF,250NK,39
1462,2565,รถจักรยานยนต์,CF,250NK ABS,59
1463,2565,รถจักรยานยนต์,CFMOTO,650MT TOURING,5
1464,2565,รถจักรยานยนต์,CFMOTO,650NK,2
1465,2565,รถจักรยานยนต์,COOPER,COOPER,2
1466,2565,รถจักรยานยนต์,CYCLONE,RE3,61
1467,2565,รถจักรยานยนต์,DAYANG,E-VIBALL DY 1500DT,1
1468,2565,รถจักรยานยนต์,DAYANG,E-VIBALL DY 3000DT,1
1469,2565,รถจักรยานยนต์,DAYI MOTOR,DAYI MOTOR E-BALDUR S,1
1470,2565,รถจักรยานยนต์,DAYI MOTOR,DAYI MOTOR E-ODIN 2.0,1
1471,2565,รถจักรยานยนต์,DECO,BLAZE,1
1472,2565,รถจักรยานยนต์,DECO,CJDS60,401
1473,2565,รถจักรยานยนต์,DECO,DOUBLEACE,16
1474,2565,รถจักรยานยนต์,DECO,Ekon,161
1475,2565,รถจักรยานยนต์,DECO,FELIX,1
1476,2565,รถจักรยานยนต์,DECO,G-FIVE,56
1477,2565,รถจักรยานยนต์,DECO,Hannah,691
1478,2565,รถจักรยานยนต์,DECO,HUNTER,1
1479,2565,รถจักรยานยนต์,DECO,Luciano,477
1480,2565,รถจักรยานยนต์,DECO,Max One,115
1481,2565,รถจักรยานยนต์,DECO,MCX,1
1482,2565,รถจักรยานยนต์,DECO,NOVA,1
1483,2565,รถจักรยานยนต์,DECO,ROBUST,1
1484,2565,รถจักรยานยนต์,DECO,RYDER,1
1485,2565,รถจักรยานยนต์,DECO,Sally,50
1486,2565,รถจักรยานยนต์,DECO,STELLA,1
1487,2565,รถจักรยานยนต์,DECO,Super Ace,576
1488,2565,รถจักรยานยนต์,DECO,SUSU,117
1489,2565,รถจักรยานยนต์,DECO,SWIFT,1
1490,2565,รถจักรยานยนต์,DECO,Sylla,177
1491,2565,รถจักรยานยนต์,DECO,TITAN,1
1492,2565,รถจักรยานยนต์,DECO,VIGOR,1
1493,2565,รถจักรยานยนต์,DUCATI,1299 SUPERLEGGERA,2
1494,2565,รถจักรยานยนต์,DUCATI,DIAVEL 1260,2
1495,2565,รถจักรยานยนต์,DUCATI,DIAVEL 1260 S,12
1496,2565,รถจักรยานยนต์,DUCATI,DIAVEL LAMBORGHINI,1
1497,2565,รถจักรยานยนต์,DUCATI,HYPER 939,1
1498,2565,รถจักรยานยนต์,DUCATI,HYPER821,2
1499,2565,รถจักรยานยนต์,DUCATI,HYPERMOTARD 950,12
1500,2565,รถจักรยานยนต์,DUCATI,HYPERMOTARD 950 RVE,24
1501,2565,รถจักรยานยนต์,DUCATI,HYPERMOTARD 950 SP,4
1502,2565,รถจักรยานยนต์,DUCATI,MONSTER,132
1503,2565,รถจักรยานยนต์,DUCATI,MONSTER 1200S,1
1504,2565,รถจักรยานยนต์,DUCATI,MONSTER 797,5
1505,2565,รถจักรยานยนต์,DUCATI,MONSTER 821,27
1506,2565,รถจักรยานยนต์,DUCATI,Multistrada V2 S,3
1507,2565,รถจักรยานยนต์,DUCATI,MULTISTRADA 1200,1
1508,2565,รถจักรยานยนต์,DUCATI,MULTISTRADA 1200 ENDURO,1
1509,2565,รถจักรยานยนต์,DUCATI,MULTISTRADA 1200 S,2
1510,2565,รถจักรยานยนต์,DUCATI,MULTISTRADA 1260 S,2
1511,2565,รถจักรยานยนต์,DUCATI,MULTISTRADA 950,2
1512,2565,รถจักรยานยนต์,DUCATI,MULTISTRADA 950 S,24
1513,2565,รถจักรยานยนต์,DUCATI,MULTISTRADA V4,3
1514,2565,รถจักรยานยนต์,DUCATI,MULTISTRADA V4 S,19
1515,2565,รถจักรยานยนต์,DUCATI,Panigale V4 SP2,2
1516,2565,รถจักรยานยนต์,DUCATI,PANIGALE V2,14
1517,2565,รถจักรยานยนต์,DUCATI,PANIGALE V2 BAYLISS,4
1518,2565,รถจักรยานยนต์,DUCATI,PANIGALE V4,11
1519,2565,รถจักรยานยนต์,DUCATI,PANIGALE V4 S,26
1520,2565,รถจักรยานยนต์,DUCATI,SCRAMBLER,2
1521,2565,รถจักรยานยนต์,DUCATI,SCRAMBLER 1100,2
1522,2565,รถจักรยานยนต์,DUCATI,SCRAMBLER 1100 DARK PRO,2
1523,2565,รถจักรยานยนต์,DUCATI,SCRAMBLER 1100 PRO,1
1524,2565,รถจักรยานยนต์,DUCATI,SCRAMBLER 1100 SPORT PRO,4
1525,2565,รถจักรยานยนต์,DUCATI,SCRAMBLER 1100 TB PRO,6
1526,2565,รถจักรยานยนต์,DUCATI,SCRAMBLER 400,2
1527,2565,รถจักรยานยนต์,DUCATI,SCRAMBLER CR,3
1528,2565,รถจักรยานยนต์,DUCATI,SCRAMBLER DESERT SLED,20
1529,2565,รถจักรยานยนต์,DUCATI,SCRAMBLER DESERT SLED FH,8
1530,2565,รถจักรยานยนต์,DUCATI,SCRAMBLER DS,1
1531,2565,รถจักรยานยนต์,DUCATI,SCRAMBLER ICON,19
1532,2565,รถจักรยานยนต์,DUCATI,SCRAMBLER ICON DARK,39
1533,2565,รถจักรยานยนต์,DUCATI,SCRAMBLER NIGHTSHIFT,17
1534,2565,รถจักรยานยนต์,DUCATI,SCRAMBLER URBAN MOTARD,7
1535,2565,รถจักรยานยนต์,DUCATI,STREETFIGHTER V4,8
1536,2565,รถจักรยานยนต์,DUCATI,STREETFIGHTER V4 S,23
1537,2565,รถจักรยานยนต์,DUCATI,STREETFIGHTER V4 SP,4
1538,2565,รถจักรยานยนต์,DUCATI,SUPERBIKE 959,3
1539,2565,รถจักรยานยนต์,DUCATI,SUPERSPORT 950,1
1540,2565,รถจักรยานยนต์,DUCATI,SUPERSPORT 950 S,5
1541,2565,รถจักรยานยนต์,DUCATI,XDiavel Nera,1
1542,2565,รถจักรยานยนต์,DUCATI,XDIAVEL,1
1543,2565,รถจักรยานยนต์,DUCATI,XDIAVEL BLACK STAR,1
1544,2565,รถจักรยานยนต์,DUCATI,XDIAVEL S,2
1545,2565,รถจักรยานยนต์,ECOOTER,ELONBB8,3
1546,2565,รถจักรยานยนต์,ECOOTER,ELONE2,1
1547,2565,รถจักรยานยนต์,ENGY,GREENER,53
1548,2565,รถจักรยานยนต์,ETRAN,ETRAN MYRA,481
1549,2565,รถจักรยานยนต์,EVO,ROBOS-V1,67
1550,2565,รถจักรยานยนต์,EVO,ROBOS-V2,1
1551,2565,รถจักรยานยนต์,FST,F300,3
1552,2565,รถจักรยานยนต์,FST,F700,1
1553,2565,รถจักรยานยนต์,GPX,200VT0302CS,51
1554,2565,รถจักรยานยนต์,GPX,COUNTRY125,4
1555,2565,รถจักรยานยนต์,GPX,CR5,38
1556,2565,รถจักรยานยนต์,GPX,DEMON,22
1557,2565,รถจักรยานยนต์,GPX,DEMON GR200R,400
1558,2565,รถจักรยานยนต์,GPX,DEMON GR200R DaCorsa,12
1559,2565,รถจักรยานยนต์,GPX,DEMON GR200RDACORSA2,40
1560,2565,รถจักรยานยนต์,GPX,DEMON-150GN,81
1561,2565,รถจักรยานยนต์,GPX,DEMON-150GR,45
1562,2565,รถจักรยานยนต์,GPX,DEMON-150GR LIMITED,4
1563,2565,รถจักรยานยนต์,GPX,DEMON-150GR LUXURY,12
1564,2565,รถจักรยานยนต์,GPX,DEMON-150GR SPORT,22
1565,2565,รถจักรยานยนต์,GPX,DEMON-X,50
1566,2565,รถจักรยานยนต์,GPX,DEMON150-GR Fi,97
1567,2565,รถจักรยานยนต์,GPX,DP125,5
1568,2565,รถจักรยานยนต์,GPX,DRONE KEYLESS,14613
1569,2565,รถจักรยานยนต์,GPX,DRONE KEYLESS-S,8569
1570,2565,รถจักรยานยนต์,GPX,DRONE STANDARD,1003
1571,2565,รถจักรยานยนต์,GPX,LEGEND 150Fi,245
1572,2565,รถจักรยานยนต์,GPX,LEGEND-GENTLEMAN,93
1573,2565,รถจักรยานยนต์,GPX,LEGEND150,51
1574,2565,รถจักรยานยนต์,GPX,LEGEND200-A1,41
1575,2565,รถจักรยานยนต์,GPX,LEGEND200-A2,1
1576,2565,รถจักรยานยนต์,GPX,LEGEND200-A3,9
1577,2565,รถจักรยานยนต์,GPX,LEGEND200-A4,8
1578,2565,รถจักรยานยนต์,GPX,LEGEND250 Brighton,328
1579,2565,รถจักรยานยนต์,GPX,LEGEND250 TWIN,38
1580,2565,รถจักรยานยนต์,GPX,LEGEND250 TWIN II,386
1581,2565,รถจักรยานยนต์,GPX,LEGEND250 TWIN III,649
1582,2565,รถจักรยานยนต์,GPX,MAD300,226
1583,2565,รถจักรยานยนต์,GPX,MAD300 MAX,18
1584,2565,รถจักรยานยนต์,GPX,NEW DEMON GR200R,3058
1585,2565,รถจักรยานยนต์,GPX,POPZ,203
1586,2565,รถจักรยานยนต์,GPX,POPZ 110,1645
1587,2565,รถจักรยานยนต์,GPX,RAZER,85
1588,2565,รถจักรยานยนต์,GPX,ROCK Classic,4001
1589,2565,รถจักรยานยนต์,GPX,ROCK Elegance,218
1590,2565,รถจักรยานยนต์,GPX,ROCK Racing,243
1591,2565,รถจักรยานยนต์,GPX,ROCK Sport,216
1592,2565,รถจักรยานยนต์,GPX,RZ180 Raptor,171
1593,2565,รถจักรยานยนต์,GPX,THUNDER125,3
1594,2565,รถจักรยานยนต์,H SEM,CIAO,122
1595,2565,รถจักรยานยนต์,H SEM,MOBILA G,1184
1596,2565,รถจักรยานยนต์,H SEM,MOBILA S,171
1597,2565,รถจักรยานยนต์,H SEM,WINGS,146
1598,2565,รถจักรยานยนต์,HANWAY,Black cafe,7
1599,2565,รถจักรยานยนต์,HANWAY,HC 150,7
1600,2565,รถจักรยานยนต์,HANWAY,HM150,2
1601,2565,รถจักรยานยนต์,HANWAY,HS 150,14
1602,2565,รถจักรยานยนต์,HANWAY,HS150,31
1603,2565,รถจักรยานยนต์,HANWAY,Muscle,1
1604,2565,รถจักรยานยนต์,HANWAY,NEVADA,8
1605,2565,รถจักรยานยนต์,HANWAY,RAW150,3
1606,2565,รถจักรยานยนต์,HANWAY,RAW250,1
1607,2565,รถจักรยานยนต์,HANWAY,Scrambler250,4
1608,2565,รถจักรยานยนต์,HANWAY,V BOB,58
1609,2565,รถจักรยานยนต์,HAONAIQI,LION-Q1,570
1610,2565,รถจักรยานยนต์,HAONAIQI,LION-Q2,194
1611,2565,รถจักรยานยนต์,HARLEY DAVIDSON,FATBOY,1
1612,2565,รถจักรยานยนต์,HARLEY DAVIDSON,FLFBS,104
1613,2565,รถจักรยานยนต์,HARLEY DAVIDSON,FLH,4
1614,2565,รถจักรยานยนต์,HARLEY DAVIDSON,FLHCS,58
1615,2565,รถจักรยานยนต์,HARLEY DAVIDSON,FLHR,25
1616,2565,รถจักรยานยนต์,HARLEY DAVIDSON,FLHRC,1
1617,2565,รถจักรยานยนต์,HARLEY DAVIDSON,FLHRXS,53
1618,2565,รถจักรยานยนต์,HARLEY DAVIDSON,FLHT,1
1619,2565,รถจักรยานยนต์,HARLEY DAVIDSON,FLHTK,26
1620,2565,รถจักรยานยนต์,HARLEY DAVIDSON,FLHTKSE,8
1621,2565,รถจักรยานยนต์,HARLEY DAVIDSON,FLHTP,1
1622,2565,รถจักรยานยนต์,HARLEY DAVIDSON,FLHXS,111
1623,2565,รถจักรยานยนต์,HARLEY DAVIDSON,FLHXSE,9
1624,2565,รถจักรยานยนต์,HARLEY DAVIDSON,FLHXST,43
1625,2565,รถจักรยานยนต์,HARLEY DAVIDSON,FLSB,47
1626,2565,รถจักรยานยนต์,HARLEY DAVIDSON,FLSTF,1
1627,2565,รถจักรยานยนต์,HARLEY DAVIDSON,FLSTS,11
1628,2565,รถจักรยานยนต์,HARLEY DAVIDSON,FLSTSB,1
1629,2565,รถจักรยานยนต์,HARLEY DAVIDSON,FLSTSC,9
1630,2565,รถจักรยานยนต์,HARLEY DAVIDSON,FLSTSCI,4
1631,2565,รถจักรยานยนต์,HARLEY DAVIDSON,FLSTSI,6
1632,2565,รถจักรยานยนต์,HARLEY DAVIDSON,FLTR,2
1633,2565,รถจักรยานยนต์,HARLEY DAVIDSON,FLTRSE,1
1634,2565,รถจักรยานยนต์,HARLEY DAVIDSON,FLTRX,1
1635,2565,รถจักรยานยนต์,HARLEY DAVIDSON,FLTRXS,208
1636,2565,รถจักรยานยนต์,HARLEY DAVIDSON,FLTRXSE,14
1637,2565,รถจักรยานยนต์,HARLEY DAVIDSON,FLTRXST,47
1638,2565,รถจักรยานยนต์,HARLEY DAVIDSON,FXBB,2
1639,2565,รถจักรยานยนต์,HARLEY DAVIDSON,FXBBS,63
1640,2565,รถจักรยานยนต์,HARLEY DAVIDSON,FXBRS,45
1641,2565,รถจักรยานยนต์,HARLEY DAVIDSON,FXD,9
1642,2565,รถจักรยานยนต์,HARLEY DAVIDSON,FXDB,2
1643,2565,รถจักรยานยนต์,HARLEY DAVIDSON,FXDL,8
1644,2565,รถจักรยานยนต์,HARLEY DAVIDSON,FXDLS,6
1645,2565,รถจักรยานยนต์,HARLEY DAVIDSON,FXDRS,2
1646,2565,รถจักรยานยนต์,HARLEY DAVIDSON,FXDSE,1
1647,2565,รถจักรยานยนต์,HARLEY DAVIDSON,FXDWG,5
1648,2565,รถจักรยานยนต์,HARLEY DAVIDSON,FXFBS,61
1649,2565,รถจักรยานยนต์,HARLEY DAVIDSON,FXLR,4
1650,2565,รถจักรยานยนต์,HARLEY DAVIDSON,FXLRS,80
1651,2565,รถจักรยานยนต์,HARLEY DAVIDSON,FXLRST,24
1652,2565,รถจักรยานยนต์,HARLEY DAVIDSON,FXR,2
1653,2565,รถจักรยานยนต์,HARLEY DAVIDSON,FXR 2,1
1654,2565,รถจักรยานยนต์,HARLEY DAVIDSON,FXR3,2
1655,2565,รถจักรยานยนต์,HARLEY DAVIDSON,FXR4,3
1656,2565,รถจักรยานยนต์,HARLEY DAVIDSON,FXRC,1
1657,2565,รถจักรยานยนต์,HARLEY DAVIDSON,FXRD,1
1658,2565,รถจักรยานยนต์,HARLEY DAVIDSON,FXRL,4
1659,2565,รถจักรยานยนต์,HARLEY DAVIDSON,FXRP,3
1660,2565,รถจักรยานยนต์,HARLEY DAVIDSON,FXRS,2
1661,2565,รถจักรยานยนต์,HARLEY DAVIDSON,FXRST,1
1662,2565,รถจักรยานยนต์,HARLEY DAVIDSON,FXRT,1
1663,2565,รถจักรยานยนต์,HARLEY DAVIDSON,FXST,17
1664,2565,รถจักรยานยนต์,HARLEY DAVIDSON,FXSTDSE,1
1665,2565,รถจักรยานยนต์,HARLEY DAVIDSON,FXSTS,8
1666,2565,รถจักรยานยนต์,HARLEY DAVIDSON,FXSTSB,10
1667,2565,รถจักรยานยนต์,HARLEY DAVIDSON,LOW RIDER S,1
1668,2565,รถจักรยานยนต์,HARLEY DAVIDSON,RA1250,2
1669,2565,รถจักรยานยนต์,HARLEY DAVIDSON,RA1250S,99
1670,2565,รถจักรยานยนต์,HARLEY DAVIDSON,RH1250S,299
1671,2565,รถจักรยานยนต์,HARLEY DAVIDSON,RH975,7
1672,2565,รถจักรยานยนต์,HARLEY DAVIDSON,ROAD GLIDE CVO,4
1673,2565,รถจักรยานยนต์,HARLEY DAVIDSON,XG750,1
1674,2565,รถจักรยานยนต์,HARLEY DAVIDSON,XL1200CX,1
1675,2565,รถจักรยานยนต์,HARLEY DAVIDSON,XL1200NS,2
1676,2565,รถจักรยานยนต์,HARLEY DAVIDSON,XL1200X,129
1677,2565,รถจักรยานยนต์,HARLEY DAVIDSON,XL883N,47
1678,2565,รถจักรยานยนต์,HARLEY DAVIDSON,XL883R,1
1679,2565,รถจักรยานยนต์,HONDA,ADV150,3760
1680,2565,รถจักรยานยนต์,HONDA,ADV160,2151
1681,2565,รถจักรยานยนต์,HONDA,ADV350,4481
1682,2565,รถจักรยานยนต์,HONDA,BENLY e,40
1683,2565,รถจักรยานยนต์,HONDA,BENT,1
1684,2565,รถจักรยานยนต์,HONDA,C125,1455
1685,2565,รถจักรยานยนต์,HONDA,CB1000R,17
1686,2565,รถจักรยานยนต์,HONDA,CB1100 RS,26
1687,2565,รถจักรยานยนต์,HONDA,CB1100SA,1
1688,2565,รถจักรยานยนต์,HONDA,CB1300 SUPER BOL D'OR,17
1689,2565,รถจักรยานยนต์,HONDA,CB1300 SUPER FOUR,20
1690,2565,รถจักรยานยนต์,HONDA,CB150R,1786
1691,2565,รถจักรยานยนต์,HONDA,CB300F,25
1692,2565,รถจักรยานยนต์,HONDA,CB300FA,11
1693,2565,รถจักรยานยนต์,HONDA,CB300R,296
1694,2565,รถจักรยานยนต์,HONDA,CB500F,231
1695,2565,รถจักรยานยนต์,HONDA,CB500X,2032
1696,2565,รถจักรยานยนต์,HONDA,CB500XA,1
1697,2565,รถจักรยานยนต์,HONDA,CB650F,3
1698,2565,รถจักรยานยนต์,HONDA,CB650R,295
1699,2565,รถจักรยานยนต์,HONDA,CBR1000RR-R,23
1700,2565,รถจักรยานยนต์,HONDA,CBR1000RR-R SP,21
1701,2565,รถจักรยานยนต์,HONDA,CBR150R,3182
1702,2565,รถจักรยานยนต์,HONDA,CBR250R,2
1703,2565,รถจักรยานยนต์,HONDA,CBR250RA,1
1704,2565,รถจักรยานยนต์,HONDA,CBR250RR,254
1705,2565,รถจักรยานยนต์,HONDA,CBR300R,166
1706,2565,รถจักรยานยนต์,HONDA,CBR300RA,51
1707,2565,รถจักรยานยนต์,HONDA,CBR500R,1379
1708,2565,รถจักรยานยนต์,HONDA,CBR600RR,37
1709,2565,รถจักรยานยนต์,HONDA,CBR650F,2
1710,2565,รถจักรยานยนต์,HONDA,CBR650R,1295
1711,2565,รถจักรยานยนต์,HONDA,CLICK I,2
1712,2565,รถจักรยานยนต์,HONDA,CLICK125,4331
1713,2565,รถจักรยานยนต์,HONDA,CLICK125I,30577
1714,2565,รถจักรยานยนต์,HONDA,CLICK150I,32387
1715,2565,รถจักรยานยนต์,HONDA,CLICK160,50811
1716,2565,รถจักรยานยนต์,HONDA,CRF1000L AFRICA TWIN,2
1717,2565,รถจักรยานยนต์,HONDA,CRF1100L AFRICA TWIN,76
1718,2565,รถจักรยานยนต์,HONDA,CRF250L,8
1719,2565,รถจักรยานยนต์,HONDA,CRF250M,2
1720,2565,รถจักรยานยนต์,HONDA,CRF250RALLY,30
1721,2565,รถจักรยานยนต์,HONDA,CRF300L,6447
1722,2565,รถจักรยานยนต์,HONDA,CRF300RALLY,149
1723,2565,รถจักรยานยนต์,HONDA,CRF450RL,139
1724,2565,รถจักรยานยนต์,HONDA,CT125,3316
1725,2565,รถจักรยานยนต์,HONDA,DAX125,1305
1726,2565,รถจักรยานยนต์,HONDA,DREAM,2
1727,2565,รถจักรยานยนต์,HONDA,EVN4L 7U,2
1728,2565,รถจักรยานยนต์,HONDA,FORZA,157
1729,2565,รถจักรยานยนต์,HONDA,FORZA350,22635
1730,2565,รถจักรยานยนต์,HONDA,GOLDWING F6B,1
1731,2565,รถจักรยานยนต์,HONDA,GOLDWING TOUR,36
1732,2565,รถจักรยานยนต์,HONDA,ICON,3
1733,2565,รถจักรยานยนต์,HONDA,LEAD125,29499
1734,2565,รถจักรยานยนต์,HONDA,MONKEY,3130
1735,2565,รถจักรยานยนต์,HONDA,MOOVE,43
1736,2565,รถจักรยานยนต์,HONDA,MSX GROM,1641
1737,2565,รถจักรยานยนต์,HONDA,MSX125,32
1738,2565,รถจักรยานยนต์,HONDA,MSX125SF,786
1739,2565,รถจักรยานยนต์,HONDA,NC750X,30
1740,2565,รถจักรยานยนต์,HONDA,NC750XD,1
1741,2565,รถจักรยานยนต์,HONDA,NICE,1
1742,2565,รถจักรยานยนต์,HONDA,NOVA R,1
1743,2565,รถจักรยานยนต์,HONDA,NT1100,33
1744,2565,รถจักรยานยนต์,HONDA,PCX e:HEV,1212
1745,2565,รถจักรยานยนต์,HONDA,PCX ELECTRIC,95
1746,2565,รถจักรยานยนต์,HONDA,PCX HYBRID,24
1747,2565,รถจักรยานยนต์,HONDA,PCX150,71
1748,2565,รถจักรยานยนต์,HONDA,PCX160,150439
1749,2565,รถจักรยานยนต์,HONDA,REBEL,920
1750,2565,รถจักรยานยนต์,HONDA,REPSOL,26
1751,2565,รถจักรยานยนต์,HONDA,SCOOPY,185858
1752,2565,รถจักรยานยนต์,HONDA,SCOOPY I,647
1753,2565,รถจักรยานยนต์,HONDA,SH150I,9
1754,2565,รถจักรยานยนต์,HONDA,SPACY I,4
1755,2565,รถจักรยานยนต์,HONDA,SUPER CUB,12511
1756,2565,รถจักรยานยนต์,HONDA,VFR1200XDS,1
1757,2565,รถจักรยานยนต์,HONDA,WAVE 110 I-AT,3
1758,2565,รถจักรยานยนต์,HONDA,WAVE X,1
1759,2565,รถจักรยานยนต์,HONDA,WAVE Z,1
1760,2565,รถจักรยานยนต์,HONDA,WAVE100,3
1761,2565,รถจักรยานยนต์,HONDA,WAVE100S,2
1762,2565,รถจักรยานยนต์,HONDA,WAVE110I,541411
1763,2565,รถจักรยานยนต์,HONDA,WAVE125,3
1764,2565,รถจักรยานยนต์,HONDA,WAVE125I,271229
1765,2565,รถจักรยานยนต์,HONDA,X-ADV,341
1766,2565,รถจักรยานยนต์,HONDA,ZOOMER-X,3510
1767,2565,รถจักรยานยนต์,HONDA,,3
1768,2565,รถจักรยานยนต์,HORWIN,EK 1 MAX,1
1769,2565,รถจักรยานยนต์,HORWIN,EK 3,1
1770,2565,รถจักรยานยนต์,HORWIN,HORWIN EK3,1
1771,2565,รถจักรยานยนต์,HUSQVARNA,FE 450,1
1772,2565,รถจักรยานยนต์,HUSQVARNA,NORDEN901,1
1773,2565,รถจักรยานยนต์,HUSQVARNA,SVARTPILEN 200,18
1774,2565,รถจักรยานยนต์,HUSQVARNA,SVARTPILEN 401,11
1775,2565,รถจักรยานยนต์,HUSQVARNA,TE 300,1
1776,2565,รถจักรยานยนต์,HUSQVARNA,VITPILEN 401,1
1777,2565,รถจักรยานยนต์,HYOSUNG,Aquila,12
1778,2565,รถจักรยานยนต์,INDIAN MOTORCYCLE,CHALLENGER,2
1779,2565,รถจักรยานยนต์,INDIAN MOTORCYCLE,ROADMASTER,1
1780,2565,รถจักรยานยนต์,INDIAN MOTORCYCLE,SCOUT,1
1781,2565,รถจักรยานยนต์,INDIAN MOTORCYCLE,SCOUT BOBBER,5
1782,2565,รถจักรยานยนต์,INDIAN MOTORCYCLE,SCOUT BOBBER TWENTY,2
1783,2565,รถจักรยานยนต์,INDIAN MOTORCYCLE,VINTAGE,1
1784,2565,รถจักรยานยนต์,INDIAN MOTORCYCLE,VINTAGE DARK HORSE,1
1785,2565,รถจักรยานยนต์,JETT,JETT,1
1786,2565,รถจักรยานยนต์,JINYI,TRENDY,3
1787,2565,รถจักรยานยนต์,JRD,SURF 125,1
1788,2565,รถจักรยานยนต์,JRD,SURF-Z 125,2
1789,2565,รถจักรยานยนต์,JRD,TYPHOON-R,1
1790,2565,รถจักรยานยนต์,JUNENG,DREAMERS FUN-A,83
1791,2565,รถจักรยานยนต์,KAVALLO,EASY WATT,105
1792,2565,รถจักรยานยนต์,KAVALLO,MINI SCOOTER,27
1793,2565,รถจักรยานยนต์,KAVALLO,VESPAL,88
1794,2565,รถจักรยานยนต์,KAWASAKI,AS120B(SE),1
1795,2565,รถจักรยานยนต์,KAWASAKI,BR125GHF,3
1796,2565,รถจักรยานยนต์,KAWASAKI,BR125HHF,15
1797,2565,รถจักรยานยนต์,KAWASAKI,D-TRACKER 125,3
1798,2565,รถจักรยานยนต์,KAWASAKI,D-TRACKER 150,10
1799,2565,รถจักรยานยนต์,KAWASAKI,D-TRACKER X,1
1800,2565,รถจักรยานยนต์,KAWASAKI,D-TRACKER150LW,11
1801,2565,รถจักรยานยนต์,KAWASAKI,EN650EJF,2
1802,2565,รถจักรยานยนต์,KAWASAKI,EX650KJFA,1
1803,2565,รถจักรยานยนต์,KAWASAKI,KL110EFFA,13
1804,2565,รถจักรยานยนต์,KAWASAKI,KLE300AJF,13
1805,2565,รถจักรยานยนต์,KAWASAKI,KLR650,3
1806,2565,รถจักรยานยนต์,KAWASAKI,KLR650 ABS,53
1807,2565,รถจักรยานยนต์,KAWASAKI,KLR650 ABS ADVENTURE,73
1808,2565,รถจักรยานยนต์,KAWASAKI,KLR650 ADVENTURE,1
1809,2565,รถจักรยานยนต์,KAWASAKI,KLX 125,1
1810,2565,รถจักรยานยนต์,KAWASAKI,KLX 150,1
1811,2565,รถจักรยานยนต์,KAWASAKI,KLX150,1
1812,2565,รถจักรยานยนต์,KAWASAKI,KLX150BF,2
1813,2565,รถจักรยานยนต์,KAWASAKI,KLX230,1096
1814,2565,รถจักรยานยนต์,KAWASAKI,KLX230 ABS SE,364
1815,2565,รถจักรยานยนต์,KAWASAKI,KLX230 S,9
1816,2565,รถจักรยานยนต์,KAWASAKI,KLX230 SE,18
1817,2565,รถจักรยานยนต์,KAWASAKI,KLX230SM SE,2
1818,2565,รถจักรยานยนต์,KAWASAKI,KLX250,1
1819,2565,รถจักรยานยนต์,KAWASAKI,KP150A,1
1820,2565,รถจักรยานยนต์,KAWASAKI,KSR,68
1821,2565,รถจักรยานยนต์,KAWASAKI,KSR DIRT,8
1822,2565,รถจักรยานยนต์,KAWASAKI,KSR PRO,25
1823,2565,รถจักรยานยนต์,KAWASAKI,KSR PRO LIMITED,2
1824,2565,รถจักรยานยนต์,KAWASAKI,MEGURO K3,13
1825,2565,รถจักรยานยนต์,KAWASAKI,NINJA 1000,24
1826,2565,รถจักรยานยนต์,KAWASAKI,NINJA 1000SX,12
1827,2565,รถจักรยานยนต์,KAWASAKI,NINJA 250,53
1828,2565,รถจักรยานยนต์,KAWASAKI,NINJA 400 SE,1
1829,2565,รถจักรยานยนต์,KAWASAKI,NINJA H2,1
1830,2565,รถจักรยานยนต์,KAWASAKI,NINJA H2 SX,12
1831,2565,รถจักรยานยนต์,KAWASAKI,NINJA ZX-10R,58
1832,2565,รถจักรยานยนต์,KAWASAKI,NINJA ZX-10R SE,31
1833,2565,รถจักรยานยนต์,KAWASAKI,NINJA ZX-10RR,5
1834,2565,รถจักรยานยนต์,KAWASAKI,NINJA ZX-14R ABS,1
1835,2565,รถจักรยานยนต์,KAWASAKI,NINJA ZX-25R ABS SE,444
1836,2565,รถจักรยานยนต์,KAWASAKI,NINJA ZX-6R,154
1837,2565,รถจักรยานยนต์,KAWASAKI,NINJA250SLKRTEDITION,1
1838,2565,รถจักรยานยนต์,KAWASAKI,NINJA400,533
1839,2565,รถจักรยานยนต์,KAWASAKI,NINJA400 HG,294
1840,2565,รถจักรยานยนต์,KAWASAKI,NINJA650,20
1841,2565,รถจักรยานยนต์,KAWASAKI,TAXEDO,1
1842,2565,รถจักรยานยนต์,KAWASAKI,VERSYS 1000,1
1843,2565,รถจักรยานยนต์,KAWASAKI,VERSYS-X 300 ABS,8
1844,2565,รถจักรยานยนต์,KAWASAKI,VERSYS-X 300 ABS CITY,4
1845,2565,รถจักรยานยนต์,KAWASAKI,VERSYS-X 300 ABS TOURING,96
1846,2565,รถจักรยานยนต์,KAWASAKI,VERSYS-X300ABSTOURER,18
1847,2565,รถจักรยานยนต์,KAWASAKI,VERSYS1000,26
1848,2565,รถจักรยานยนต์,KAWASAKI,VERSYS1000 SE,31
1849,2565,รถจักรยานยนต์,KAWASAKI,VERSYS1000 STD,42
1850,2565,รถจักรยานยนต์,KAWASAKI,VERSYS650,100
1851,2565,รถจักรยานยนต์,KAWASAKI,VULCAN CAFE,73
1852,2565,รถจักรยานยนต์,KAWASAKI,VULCAN S,19
1853,2565,รถจักรยานยนต์,KAWASAKI,VULCAN S ABS,2
1854,2565,รถจักรยานยนต์,KAWASAKI,VULCAN S STD,2
1855,2565,รถจักรยานยนต์,KAWASAKI,W175,335
1856,2565,รถจักรยานยนต์,KAWASAKI,W175 CAFE,11
1857,2565,รถจักรยานยนต์,KAWASAKI,W175 SE,4
1858,2565,รถจักรยานยนต์,KAWASAKI,W250,26
1859,2565,รถจักรยานยนต์,KAWASAKI,W800,2
1860,2565,รถจักรยานยนต์,KAWASAKI,W800 CAFE,119
1861,2565,รถจักรยานยนต์,KAWASAKI,W800 STREET,25
1862,2565,รถจักรยานยนต์,KAWASAKI,W800SPECIALEDITION,1
1863,2565,รถจักรยานยนต์,KAWASAKI,Z H2,15
1864,2565,รถจักรยานยนต์,KAWASAKI,Z1000,7
1865,2565,รถจักรยานยนต์,KAWASAKI,Z125,12
1866,2565,รถจักรยานยนต์,KAWASAKI,Z125 PRO,29
1867,2565,รถจักรยานยนต์,KAWASAKI,Z125 PRO KRT EDITION,21
1868,2565,รถจักรยานยนต์,KAWASAKI,Z250,113
1869,2565,รถจักรยานยนต์,KAWASAKI,Z250SL ABS,1
1870,2565,รถจักรยานยนต์,KAWASAKI,Z400 ABS,182
1871,2565,รถจักรยานยนต์,KAWASAKI,Z400 ABS SE,160
1872,2565,รถจักรยานยนต์,KAWASAKI,Z650,25
1873,2565,รถจักรยานยนต์,KAWASAKI,Z650RS,8
1874,2565,รถจักรยานยนต์,KAWASAKI,Z650RS 50TH ANNIVERSARY,2
1875,2565,รถจักรยานยนต์,KAWASAKI,Z900,2
1876,2565,รถจักรยานยนต์,KAWASAKI,Z900 ABS,133
1877,2565,รถจักรยานยนต์,KAWASAKI,Z900 ABS SE,113
1878,2565,รถจักรยานยนต์,KAWASAKI,Z900 SE,3
1879,2565,รถจักรยานยนต์,KAWASAKI,Z900 SE ACC,3
1880,2565,รถจักรยานยนต์,KAWASAKI,Z900RS,126
1881,2565,รถจักรยานยนต์,KAWASAKI,Z900RS SE,3
1882,2565,รถจักรยานยนต์,KAWASAKI,,1
1883,2565,รถจักรยานยนต์,KEEWAY,GT270 ABS,324
1884,2565,รถจักรยานยนต์,KEEWAY,GT270 EXTREAM,44
1885,2565,รถจักรยานยนต์,KEEWAY,JL200GY-2C,1
1886,2565,รถจักรยานยนต์,KEEWAY,JL200GY-4C,2
1887,2565,รถจักรยานยนต์,KEEWAY,K-LIGHT202,15
1888,2565,รถจักรยานยนต์,KEEWAY,QJ250-L,2
1889,2565,รถจักรยานยนต์,KEEWAY,VERSIRIA 150,571
1890,2565,รถจักรยานยนต์,KTM,1290 Super Adventure S,1
1891,2565,รถจักรยานยนต์,KTM,200 DUKE,243
1892,2565,รถจักรยานยนต์,KTM,250 DUKE,7
1893,2565,รถจักรยานยนต์,KTM,350 EXC-F FACTORY EDITION,1
1894,2565,รถจักรยานยนต์,KTM,350 EXC-F SIX DAYS,96
1895,2565,รถจักรยานยนต์,KTM,390 ADVENTURE,43
1896,2565,รถจักรยานยนต์,KTM,390 DUKE,72
1897,2565,รถจักรยานยนต์,KTM,450EXC-F SIX DAYS,1
1898,2565,รถจักรยานยนต์,KTM,790 ADVENTURE,8
1899,2565,รถจักรยานยนต์,KTM,790 ADVENTURE R,44
1900,2565,รถจักรยานยนต์,KTM,790 DUKE,7
1901,2565,รถจักรยานยนต์,KTM,RC390,12
1902,2565,รถจักรยานยนต์,LAMBRETTA,V125 Special,31
1903,2565,รถจักรยานยนต์,LAMBRETTA,V125 Special Flex,654
1904,2565,รถจักรยานยนต์,LAMBRETTA,V200 GP,1507
1905,2565,รถจักรยานยนต์,LAMBRETTA,V200 Special,3559
1906,2565,รถจักรยานยนต์,LAMBRETTA,V200 Special Fix,25
1907,2565,รถจักรยานยนต์,LAMBRETTA,V200 Special Flex,113
1908,2565,รถจักรยานยนต์,LAMBRETTA,,1
1909,2565,รถจักรยานยนต์,LIFAN,LF 110-26H,1
1910,2565,รถจักรยานยนต์,LIFAN,LF100-3R,14
1911,2565,รถจักรยานยนต์,LIFAN,LF110-11H,74
1912,2565,รถจักรยานยนต์,LIFAN,LF110-26H,91
1913,2565,รถจักรยานยนต์,LIFAN,LF110-S,82
1914,2565,รถจักรยานยนต์,LIFAN,LF125-5F,32
1915,2565,รถจักรยานยนต์,LIFAN,LF150-10B,13
1916,2565,รถจักรยานยนต์,LIFAN,LF200-10L,2
1917,2565,รถจักรยานยนต์,LIFAN,LF200GY-5A,6
1918,2565,รถจักรยานยนต์,LIFAN,LF250-B,12
1919,2565,รถจักรยานยนต์,LUYUAN,MB5,517
1920,2565,รถจักรยานยนต์,LUYUAN,S30 plus,3
1921,2565,รถจักรยานยนต์,LVNENG,SWAG TYPE-S,23
1922,2565,รถจักรยานยนต์,LVNENG,SWAG TYPE-X,7
1923,2565,รถจักรยานยนต์,M BIKE,BONUS X110SR,1
1924,2565,รถจักรยานยนต์,M BIKE,BONUSX110II,1
1925,2565,รถจักรยานยนต์,M BIKE,LC-125,7
1926,2565,รถจักรยานยนต์,M BIKE,MB110-3,3
1927,2565,รถจักรยานยนต์,M BIKE,MB125T-16,2
1928,2565,รถจักรยานยนต์,M BIKE,XY-250A,5
1929,2565,รถจักรยานยนต์,MADANG,Speed Hawk,1
1930,2565,รถจักรยานยนต์,MALAGUTI,MADISON,2288
1931,2565,รถจักรยานยนต์,MORAKOT,MORAKOT,2
1932,2565,รถจักรยานยนต์,MOTO GUZZI,AUDACE,4
1933,2565,รถจักรยานยนต์,MOTO GUZZI,MGX-21,2
1934,2565,รถจักรยานยนต์,MOTO GUZZI,V7 III CARBON SHINE,1
1935,2565,รถจักรยานยนต์,MOTO GUZZI,V7 III RACER,1
1936,2565,รถจักรยานยนต์,MOTO GUZZI,V7 SPECIAL,1
1937,2565,รถจักรยานยนต์,MOTO GUZZI,V7 STONE,3
1938,2565,รถจักรยานยนต์,MOTO GUZZI,V85 TT,1
1939,2565,รถจักรยานยนต์,MOTO GUZZI,V9 BOBBER,2
1940,2565,รถจักรยานยนต์,MOTO GUZZI,,1
1941,2565,รถจักรยานยนต์,MOTO PARILLA,LEVRIERO150,23
1942,2565,รถจักรยานยนต์,MV AGUSTA,BRUTALE 800,1
1943,2565,รถจักรยานยนต์,MV AGUSTA,F3 800,2
1944,2565,รถจักรยานยนต์,NINEBOT,E100,1
1945,2565,รถจักรยานยนต์,NIU,GOVA 03,190
1946,2565,รถจักรยานยนต์,NIU,MQi+Sport,3
1947,2565,รถจักรยานยนต์,NIU,N1S,3
1948,2565,รถจักรยานยนต์,NIU,NQiGT Sport,794
1949,2565,รถจักรยานยนต์,NKT,GO125,20
1950,2565,รถจักรยานยนต์,NKT,GTR150,4
1951,2565,รถจักรยานยนต์,NKT,NOW125,2
1952,2565,รถจักรยานยนต์,PANTHER,PANTHER,1
1953,2565,รถจักรยานยนต์,PEUGEOT,DJANGO,178
1954,2565,รถจักรยานยนต์,PIAGGIO,MEDLEY 150 ABS,4
1955,2565,รถจักรยานยนต์,PIAGGIO,MP3 500 LT SPORT ABS,1
1956,2565,รถจักรยานยนต์,PLATINUM,MONACO 150 C,1
1957,2565,รถจักรยานยนต์,PLATINUM,MONACO 200 C,3
1958,2565,รถจักรยานยนต์,PLATINUM,MONACO 250 A,1
1959,2565,รถจักรยานยนต์,RENNY,R88E,57
1960,2565,รถจักรยานยนต์,RENNY,R88X,83
1961,2565,รถจักรยานยนต์,ROYAL ALLOY,GP 150,58
1962,2565,รถจักรยานยนต์,ROYAL ALLOY,GP 200S,6
1963,2565,รถจักรยานยนต์,ROYAL ALLOY,GP200STG,5
1964,2565,รถจักรยานยนต์,ROYAL ALLOY,Grand Prix,27
1965,2565,รถจักรยานยนต์,ROYAL ALLOY,Grand Prix TV175,338
1966,2565,รถจักรยานยนต์,ROYAL ALLOY,Tigara Grande,264
1967,2565,รถจักรยานยนต์,ROYAL ENFIELD,BULLET CLASSIC EFI,122
1968,2565,รถจักรยานยนต์,ROYAL ENFIELD,BULLET EFI,3
1969,2565,รถจักรยานยนต์,ROYAL ENFIELD,BULLET TRIALS 500,30
1970,2565,รถจักรยานยนต์,ROYAL ENFIELD,CLASSIC 350,1089
1971,2565,รถจักรยานยนต์,ROYAL ENFIELD,CONTINENTAL GT,2
1972,2565,รถจักรยานยนต์,ROYAL ENFIELD,CONTINENTAL GT 650,79
1973,2565,รถจักรยานยนต์,ROYAL ENFIELD,HIMALAYAN,113
1974,2565,รถจักรยานยนต์,ROYAL ENFIELD,HUNTER 350,107
1975,2565,รถจักรยานยนต์,ROYAL ENFIELD,INTERCEPTOR 650,583
1976,2565,รถจักรยานยนต์,ROYAL ENFIELD,INTERCEPTOR INT 650,274
1977,2565,รถจักรยานยนต์,ROYAL ENFIELD,METEOR 350 FIREBALL,111
1978,2565,รถจักรยานยนต์,ROYAL ENFIELD,METEOR 350 STELLAR,175
1979,2565,รถจักรยานยนต์,ROYAL ENFIELD,METEOR 350 SUPERNOVA,91
1980,2565,รถจักรยานยนต์,ROYAL ENFIELD,SIGNALS 350,283
1981,2565,รถจักรยานยนต์,RYUKA,AHEAD,1
1982,2565,รถจักรยานยนต์,RYUKA,BRAVO,1
1983,2565,รถจักรยานยนต์,RYUKA,CHARLY,11
1984,2565,รถจักรยานยนต์,RYUKA,CLASSIC,427
1985,2565,รถจักรยานยนต์,RYUKA,CLASSIC CUB,301
1986,2565,รถจักรยานยนต์,RYUKA,CLASSIC FI,3519
1987,2565,รถจักรยานยนต์,RYUKA,CLASSIC MINI,8
1988,2565,รถจักรยานยนต์,RYUKA,CRUISER,32
1989,2565,รถจักรยานยนต์,RYUKA,CUTE,110
1990,2565,รถจักรยานยนต์,RYUKA,FLY,4
1991,2565,รถจักรยานยนต์,RYUKA,FUTURE,1
1992,2565,รถจักรยานยนต์,RYUKA,GORILLA,3
1993,2565,รถจักรยานยนต์,RYUKA,MONKEY,2
1994,2565,รถจักรยานยนต์,RYUKA,RA1,26
1995,2565,รถจักรยานยนต์,RYUKA,Retro,193
1996,2565,รถจักรยานยนต์,RYUKA,Retro150,88
1997,2565,รถจักรยานยนต์,RYUKA,RK150,170
1998,2565,รถจักรยานยนต์,RYUKA,RK200GY,16
1999,2565,รถจักรยานยนต์,RYUKA,RK250,242
2000,2565,รถจักรยานยนต์,RYUKA,SAVE,6
2001,2565,รถจักรยานยนต์,RYUKA,SAVE-II,10
2002,2565,รถจักรยานยนต์,RYUKA,SAVE-II S,362
2003,2565,รถจักรยานยนต์,RYUKA,SAVE-II S FI,2513
2004,2565,รถจักรยานยนต์,RYUKA,SPORT,6
2005,2565,รถจักรยานยนต์,RYUKA,Z-ONE,7
2006,2565,รถจักรยานยนต์,RYUKA,ZSR,9
2007,2565,รถจักรยานยนต์,SCOMADI,TECHNICA 200i,70
2008,2565,รถจักรยานยนต์,SCOMADI,TURISMO TECHNICA 125I,950
2009,2565,รถจักรยานยนต์,SCOMADI,TURISMO TECHNICA 200i,32
2010,2565,รถจักรยานยนต์,SLEEK,TYPE-V,8
2011,2565,รถจักรยานยนต์,STALLION,125MINI,7
2012,2565,รถจักรยานยนต์,STALLION,BUDDY 105,2
2013,2565,รถจักรยานยนต์,STALLION,POLO125,2
2014,2565,รถจักรยานยนต์,STALLIONS,170i,688
2015,2565,รถจักรยานยนต์,STALLIONS,BUCCANEER 250I,1
2016,2565,รถจักรยานยนต์,STALLIONS,CARINO,1
2017,2565,รถจักรยานยนต์,STALLIONS,CENTAUR,8
2018,2565,รถจักรยานยนต์,STALLIONS,CENTAUR 400,23
2019,2565,รถจักรยานยนต์,STALLIONS,CENTAUR MAKINA150,12
2020,2565,รถจักรยานยนต์,STALLIONS,CENTAUR MAKINA250,15
2021,2565,รถจักรยานยนต์,STALLIONS,CENTAUR MEGAPHONE,8
2022,2565,รถจักรยานยนต์,STALLIONS,CENTAUR SIAM,25
2023,2565,รถจักรยานยนต์,STALLIONS,MINI-EV,1
2024,2565,รถจักรยานยนต์,STALLIONS,VICTORY,8
2025,2565,รถจักรยานยนต์,STALLIONS,VICTORY VTR125,7
2026,2565,รถจักรยานยนต์,STAR 8,HORUS,24
2027,2565,รถจักรยานยนต์,STAR 8,MINERVA,33
2028,2565,รถจักรยานยนต์,STAR8-V,Juno,19
2029,2565,รถจักรยานยนต์,STORM,STORM,3
2030,2565,รถจักรยานยนต์,STROM,CHIMPANZEE CPZ-250L2,19
2031,2565,รถจักรยานยนต์,STROM,GORILLA GRL-200L,546
2032,2565,รถจักรยานยนต์,STROM,Sailfish SFH-150Ls,18
2033,2565,รถจักรยานยนต์,STROM,SEAL SEA-100L,13
2034,2565,รถจักรยานยนต์,STROM,,1
2035,2565,รถจักรยานยนต์,SUPER,ET3125,1
2036,2565,รถจักรยานยนต์,SUPER SOCO,CPX,1
2037,2565,รถจักรยานยนต์,SUPER SOCO,CUX,26
2038,2565,รถจักรยานยนต์,SUPER SOCO,TC,13
2039,2565,รถจักรยานยนต์,SUPER SOCO,TC MAX,1
2040,2565,รถจักรยานยนต์,SUZUKI,Address,64
2041,2565,รถจักรยานยนต์,SUZUKI,BOULEVARD,18
2042,2565,รถจักรยานยนต์,SUZUKI,BURGMAN,6
2043,2565,รถจักรยานยนต์,SUZUKI,BURGMAN 400,167
2044,2565,รถจักรยานยนต์,SUZUKI,FD110XCMU,1
2045,2565,รถจักรยานยนต์,SUZUKI,FD110XCSU,1
2046,2565,รถจักรยานยนต์,SUZUKI,FD110XCU,1
2047,2565,รถจักรยานยนต์,SUZUKI,FD125X,1
2048,2565,รถจักรยานยนต์,SUZUKI,FH125,1
2049,2565,รถจักรยานยนต์,SUZUKI,FK110,1
2050,2565,รถจักรยานยนต์,SUZUKI,FK110S,1
2051,2565,รถจักรยานยนต์,SUZUKI,FK110SD,1
2052,2565,รถจักรยานยนต์,SUZUKI,FL125FS,33
2053,2565,รถจักรยานยนต์,SUZUKI,FL125S,3
2054,2565,รถจักรยานยนต์,SUZUKI,FU150SCD3,9
2055,2565,รถจักรยานยนต์,SUZUKI,FV115JA,991
2056,2565,รถจักรยานยนต์,SUZUKI,FV115JB,20
2057,2565,รถจักรยานยนต์,SUZUKI,FV115LA,1546
2058,2565,รถจักรยานยนต์,SUZUKI,FV115LB,1089
2059,2565,รถจักรยานยนต์,SUZUKI,FV115LE,2518
2060,2565,รถจักรยานยนต์,SUZUKI,GD110,370
2061,2565,รถจักรยานยนต์,SUZUKI,GIXXER SF,26
2062,2565,รถจักรยานยนต์,SUZUKI,GSX-R1000,18
2063,2565,รถจักรยานยนต์,SUZUKI,GSX-R1000R,34
2064,2565,รถจักรยานยนต์,SUZUKI,GSX-R150,81
2065,2565,รถจักรยานยนต์,SUZUKI,GSX-S1000,14
2066,2565,รถจักรยานยนต์,SUZUKI,GSX-S1000F,5
2067,2565,รถจักรยานยนต์,SUZUKI,GSX-S1000S KATANA,17
2068,2565,รถจักรยานยนต์,SUZUKI,GSX-S150,79
2069,2565,รถจักรยานยนต์,SUZUKI,GSX-S750,10
2070,2565,รถจักรยานยนต์,SUZUKI,GSX-S750ZA,26
2071,2565,รถจักรยานยนต์,SUZUKI,HAYABUSA,14
2072,2565,รถจักรยานยนต์,SUZUKI,Let's,165
2073,2565,รถจักรยานยนต์,SUZUKI,NEX CROSSOVER,420
2074,2565,รถจักรยานยนต์,SUZUKI,RAIDER,193
2075,2565,รถจักรยานยนต์,SUZUKI,RAIDER J CROSSOVER,238
2076,2565,รถจักรยานยนต์,SUZUKI,SHOGUN,6
2077,2565,รถจักรยานยนต์,SUZUKI,SKYDRIVE,24
2078,2565,รถจักรยานยนต์,SUZUKI,SMASH,234
2079,2565,รถจักรยานยนต์,SUZUKI,SV650,12
2080,2565,รถจักรยานยนต์,SUZUKI,UD110NE,3
2081,2565,รถจักรยานยนต์,SUZUKI,UF125F,4
2082,2565,รถจักรยานยนต์,SUZUKI,UF125FS,4
2083,2565,รถจักรยานยนต์,SUZUKI,UK125ZFS,5
2084,2565,รถจักรยานยนต์,SUZUKI,UK125ZFSC,1
2085,2565,รถจักรยานยนต์,SUZUKI,UW125FS,2
2086,2565,รถจักรยานยนต์,SUZUKI,UW125S,1
2087,2565,รถจักรยานยนต์,SUZUKI,UY125,1
2088,2565,รถจักรยานยนต์,SUZUKI,UY125S,1
2089,2565,รถจักรยานยนต์,SUZUKI,V-Strom,67
2090,2565,รถจักรยานยนต์,SUZUKI,V-Strom1050,23
2091,2565,รถจักรยานยนต์,SUZUKI,VanVan,94
2092,2565,รถจักรยานยนต์,SWAG,TYPE-S,20
2093,2565,รถจักรยานยนต์,SWAG,TYPE-X,57
2094,2565,รถจักรยานยนต์,SYM,FORMULA,7
2095,2565,รถจักรยานยนต์,SYM,GTS300i,1
2096,2565,รถจักรยานยนต์,SYM,JL200GY-2C,5
2097,2565,รถจักรยานยนต์,SYM,JOYMAX300i,1
2098,2565,รถจักรยานยนต์,SYM,LC-125,30
2099,2565,รถจักรยานยนต์,SYM,MAXSYM400i,1
2100,2565,รถจักรยานยนต์,TAILG,DRAGONS,10
2101,2565,รถจักรยานยนต์,TAILG,T3,25
2102,2565,รถจักรยานยนต์,TAILG,Y3,23
2103,2565,รถจักรยานยนต์,TAKANO,TM500,3
2104,2565,รถจักรยานยนต์,TATUNG,3E,9
2105,2565,รถจักรยานยนต์,TATUNG,EVO 2.0,3
2106,2565,รถจักรยานยนต์,TATUNG,EVO MINI,16
2107,2565,รถจักรยานยนต์,TATUNG,SERVO 1.8,3
2108,2565,รถจักรยานยนต์,THOMAS,CHARMING,131
2109,2565,รถจักรยานยนต์,THOMAS,CYSTAL,91
2110,2565,รถจักรยานยนต์,THOMAS,Diamond,153
2111,2565,รถจักรยานยนต์,THOMAS,S-2000,23
2112,2565,รถจักรยานยนต์,TIGER,CX135E,2
2113,2565,รถจักรยานยนต์,TIGER,SM110S-R,4
2114,2565,รถจักรยานยนต์,TIGER,SM115S-E,1
2115,2565,รถจักรยานยนต์,TIGER,SMART-C,1
2116,2565,รถจักรยานยนต์,TIGER,SMART-C (2003),1
2117,2565,รถจักรยานยนต์,TIGER,SMART-C04,2
2118,2565,รถจักรยานยนต์,TIGER,ST200,1
2119,2565,รถจักรยานยนต์,TISTO,TISTO SUNSHINE 6.0,1
2120,2565,รถจักรยานยนต์,TOYOTRON,ZS1000DT-2,5
2121,2565,รถจักรยานยนต์,TREELETRIK,T-EXPRESS,1
2122,2565,รถจักรยานยนต์,TRIUMPH,BONNEVILLE BOBBER,58
2123,2565,รถจักรยานยนต์,TRIUMPH,BONNEVILLE BOBBER BLACK,1
2124,2565,รถจักรยานยนต์,TRIUMPH,BONNEVILLE BOBBER TFC,1
2125,2565,รถจักรยานยนต์,TRIUMPH,BONNEVILLE SPEEDMASTER,22
2126,2565,รถจักรยานยนต์,TRIUMPH,BONNEVILLE T100,158
2127,2565,รถจักรยานยนต์,TRIUMPH,BONNEVILLE T100 BLACK,1
2128,2565,รถจักรยานยนต์,TRIUMPH,BONNEVILLE T100 BUD EKINS,2
2129,2565,รถจักรยานยนต์,TRIUMPH,BONNEVILLE T120,60
2130,2565,รถจักรยานยนต์,TRIUMPH,BONNEVILLE T120 BLACK,80
2131,2565,รถจักรยานยนต์,TRIUMPH,BONNEVILLE T120 BUD EKINS,2
2132,2565,รถจักรยานยนต์,TRIUMPH,ROCKET 3 GT,7
2133,2565,รถจักรยานยนต์,TRIUMPH,ROCKET 3 R,10
2134,2565,รถจักรยานยนต์,TRIUMPH,ROCKET 3 R BLACK,12
2135,2565,รถจักรยานยนต์,TRIUMPH,SCRAMBLER 1200 STEVE MCQUEEN,19
2136,2565,รถจักรยานยนต์,TRIUMPH,SCRAMBLER 1200 XC,12
2137,2565,รถจักรยานยนต์,TRIUMPH,SCRAMBLER 1200 XE,13
2138,2565,รถจักรยานยนต์,TRIUMPH,SPEED TRIPLE 1200 RR,3
2139,2565,รถจักรยานยนต์,TRIUMPH,SPEED TRIPLE 1200 RS,9
2140,2565,รถจักรยานยนต์,TRIUMPH,SPEED TWIN,46
2141,2565,รถจักรยานยนต์,TRIUMPH,SPEED TWIN 900,1
2142,2565,รถจักรยานยนต์,TRIUMPH,SPEED TWIN BREITLING EDITION,1
2143,2565,รถจักรยานยนต์,TRIUMPH,STREET SCRAMBLER,51
2144,2565,รถจักรยานยนต์,TRIUMPH,STREET SCRAMBLERSANDSTORM,11
2145,2565,รถจักรยานยนต์,TRIUMPH,STREET TRIPLE R,1
2146,2565,รถจักรยานยนต์,TRIUMPH,STREET TRIPLE RS,12
2147,2565,รถจักรยานยนต์,TRIUMPH,STREET TWIN,86
2148,2565,รถจักรยานยนต์,TRIUMPH,STREET TWIN GOLDLINE,19
2149,2565,รถจักรยานยนต์,TRIUMPH,THRUXTON RS,12
2150,2565,รถจักรยานยนต์,TRIUMPH,TIGER 1200 RALLY EXPLORER,1
2151,2565,รถจักรยานยนต์,TRIUMPH,TIGER 1200 RALLY PRO,1
2152,2565,รถจักรยานยนต์,TRIUMPH,TIGER 850 SPORT,13
2153,2565,รถจักรยานยนต์,TRIUMPH,TIGER 900 GT,3
2154,2565,รถจักรยานยนต์,TRIUMPH,TIGER 900 GT PRO,9
2155,2565,รถจักรยานยนต์,TRIUMPH,TIGER 900 RALLY,7
2156,2565,รถจักรยานยนต์,TRIUMPH,TIGER 900 RALLY PRO,21
2157,2565,รถจักรยานยนต์,TRIUMPH,TIGER SPORT,55
2158,2565,รถจักรยานยนต์,TRIUMPH,TIGER XCA,2
2159,2565,รถจักรยานยนต์,TRIUMPH,TRIDENT,147
2160,2565,รถจักรยานยนต์,V-TWIN,REPLICA PANHEAD,1
2161,2565,รถจักรยานยนต์,VESPA,946 150 IGET ABS,11
2162,2565,รถจักรยานยนต์,VESPA,GTS 150 3V IE,1
2163,2565,รถจักรยานยนต์,VESPA,GTS 150 IGET ABS,633
2164,2565,รถจักรยานยนต์,VESPA,GTS 300 ABS SUPER,48
2165,2565,รถจักรยานยนต์,VESPA,GTS 300 SUPER,1
2166,2565,รถจักรยานยนต์,VESPA,GTS 300 SUPER SPORT HPE,249
2167,2565,รถจักรยานยนต์,VESPA,GTS 300 SUPERTECH HPE,409
2168,2565,รถจักรยานยนต์,VESPA,GTS SUPERTECH 300 HPE,2
2169,2565,รถจักรยานยนต์,VESPA,GTV 300 HPE,243
2170,2565,รถจักรยานยนต์,VESPA,LT 125 3V IE,1
2171,2565,รถจักรยานยนต์,VESPA,LX  150 IE,3
2172,2565,รถจักรยานยนต์,VESPA,LX 125 IGET,6427
2173,2565,รถจักรยานยนต์,VESPA,LX125 3V IE,1
2174,2565,รถจักรยานยนต์,VESPA,LX125 3V IE IGET,64
2175,2565,รถจักรยานยนต์,VESPA,LX150 3V IE,4
2176,2565,รถจักรยานยนต์,VESPA,PRIMAVERA 125 3V IE,5
2177,2565,รถจักรยานยนต์,VESPA,PRIMAVERA 150 3V IE,1
2178,2565,รถจักรยานยนต์,VESPA,PRIMAVERA 150 3V IE ABS,41
2179,2565,รถจักรยานยนต์,VESPA,PRIMAVERA 150 IGET ABS,2551
2180,2565,รถจักรยานยนต์,VESPA,PRIMAVERA 150 IGET ABSTFT,138
2181,2565,รถจักรยานยนต์,VESPA,PX 125,5
2182,2565,รถจักรยานยนต์,VESPA,S 125 IGET,7914
2183,2565,รถจักรยานยนต์,VESPA,S125 3V IE IGET,41
2184,2565,รถจักรยานยนต์,VESPA,SPRINT 125 3V IE,1
2185,2565,รถจักรยานยนต์,VESPA,SPRINT 125 3V IE ABS,13
2186,2565,รถจักรยานยนต์,VESPA,SPRINT 125 IGET ABS,6595
2187,2565,รถจักรยานยนต์,VESPA,SPRINT 150 3V IE,1
2188,2565,รถจักรยานยนต์,VESPA,SPRINT 150 3V IE ABS,24
2189,2565,รถจักรยานยนต์,VESPA,SPRINT 150 IGET ABS,21143
2190,2565,รถจักรยานยนต์,VESPA,SPRINT 150 IGET ABS TFT,1256
2191,2565,รถจักรยานยนต์,VESPA,,1
2192,2565,รถจักรยานยนต์,YADEA,X5,1
2193,2565,รถจักรยานยนต์,YAMAHA,1P7B00,2
2194,2565,รถจักรยานยนต์,YAMAHA,20B100,1
2195,2565,รถจักรยานยนต์,YAMAHA,20B200,3
2196,2565,รถจักรยานยนต์,YAMAHA,20B600,1
2197,2565,รถจักรยานยนต์,YAMAHA,31P100,1
2198,2565,รถจักรยานยนต์,YAMAHA,33S100,5
2199,2565,รถจักรยานยนต์,YAMAHA,33S200,1
2200,2565,รถจักรยานยนต์,YAMAHA,33S300,2
2201,2565,รถจักรยานยนต์,YAMAHA,33S500,1
2202,2565,รถจักรยานยนต์,YAMAHA,33S600,1
2203,2565,รถจักรยานยนต์,YAMAHA,33S700,2
2204,2565,รถจักรยานยนต์,YAMAHA,4C9200,1
2205,2565,รถจักรยานยนต์,YAMAHA,4C9500,1
2206,2565,รถจักรยานยนต์,YAMAHA,4D0500,1
2207,2565,รถจักรยานยนต์,YAMAHA,4D0600,1
2208,2565,รถจักรยานยนต์,YAMAHA,4D0C00,1
2209,2565,รถจักรยานยนต์,YAMAHA,50P100,1
2210,2565,รถจักรยานยนต์,YAMAHA,50P200,1
2211,2565,รถจักรยานยนต์,YAMAHA,50S100,2
2212,2565,รถจักรยานยนต์,YAMAHA,52B100,3
2213,2565,รถจักรยานยนต์,YAMAHA,52B200,7
2214,2565,รถจักรยานยนต์,YAMAHA,52B300,3
2215,2565,รถจักรยานยนต์,YAMAHA,5P0100,1
2216,2565,รถจักรยานยนต์,YAMAHA,5P0300,1
2217,2565,รถจักรยานยนต์,YAMAHA,5P0400,3
2218,2565,รถจักรยานยนต์,YAMAHA,5P6100,1
2219,2565,รถจักรยานยนต์,YAMAHA,5YP600,1
2220,2565,รถจักรยานยนต์,YAMAHA,AE-115E,1
2221,2565,รถจักรยานยนต์,YAMAHA,AEROX,7083
2222,2565,รถจักรยานยนต์,YAMAHA,AEROX 155,555
2223,2565,รถจักรยานยนต์,YAMAHA,AEROX ABS,5043
2224,2565,รถจักรยานยนต์,YAMAHA,AEROX R,164
2225,2565,รถจักรยานยนต์,YAMAHA,AH-115D,1
2226,2565,รถจักรยานยนต์,YAMAHA,BB-115E,1
2227,2565,รถจักรยานยนต์,YAMAHA,BOLT R,36
2228,2565,รถจักรยานยนต์,YAMAHA,BT-115C,1
2229,2565,รถจักรยานยนต์,YAMAHA,CT-115D,1
2230,2565,รถจักรยานยนต์,YAMAHA,EXCITER,4267
2231,2565,รถจักรยานยนต์,YAMAHA,EXCITER150,77
2232,2565,รถจักรยานยนต์,YAMAHA,Fazzio,6337
2233,2565,รถจักรยานยนต์,YAMAHA,Filano,6
2234,2565,รถจักรยานยนต์,YAMAHA,Fino,5
2235,2565,รถจักรยานยนต์,YAMAHA,Fino FI,20
2236,2565,รถจักรยานยนต์,YAMAHA,Fiore,1
2237,2565,รถจักรยานยนต์,YAMAHA,FINN,84829
2238,2565,รถจักรยานยนต์,YAMAHA,FINO125,29212
2239,2565,รถจักรยานยนต์,YAMAHA,FJR1300,2
2240,2565,รถจักรยานยนต์,YAMAHA,FreeGo,96
2241,2565,รถจักรยานยนต์,YAMAHA,GRAND FILANO,90695
2242,2565,รถจักรยานยนต์,YAMAHA,GT125,7090
2243,2565,รถจักรยานยนต์,YAMAHA,JUPITER RC,48
2244,2565,รถจักรยานยนต์,YAMAHA,JZ-120S,1
2245,2565,รถจักรยานยนต์,YAMAHA,LEXI,62
2246,2565,รถจักรยานยนต์,YAMAHA,LEXI ABS,10
2247,2565,รถจักรยานยนต์,YAMAHA,LEXI S,47
2248,2565,รถจักรยานยนต์,YAMAHA,LT-135D,1
2249,2565,รถจักรยานยนต์,YAMAHA,M-SLAZ,164
2250,2565,รถจักรยานยนต์,YAMAHA,Mio 125,3
2251,2565,รถจักรยานยนต์,YAMAHA,Mio 125i,31
2252,2565,รถจักรยานยนต์,YAMAHA,MIO115I,7
2253,2565,รถจักรยานยนต์,YAMAHA,MT-03,169
2254,2565,รถจักรยานยนต์,YAMAHA,MT-07,248
2255,2565,รถจักรยานยนต์,YAMAHA,MT-09,37
2256,2565,รถจักรยานยนต์,YAMAHA,MT-09A,11
2257,2565,รถจักรยานยนต์,YAMAHA,MT-09SP,25
2258,2565,รถจักรยานยนต์,YAMAHA,MT-10,1
2259,2565,รถจักรยานยนต์,YAMAHA,MT-15,2604
2260,2565,รถจักรยานยนต์,YAMAHA,NIKEN,1
2261,2565,รถจักรยานยนต์,YAMAHA,NMAX,14600
2262,2565,รถจักรยานยนต์,YAMAHA,Nouvo SX,16
2263,2565,รถจักรยานยนต์,YAMAHA,QBIX,1194
2264,2565,รถจักรยานยนต์,YAMAHA,QBIX ABS,1097
2265,2565,รถจักรยานยนต์,YAMAHA,QBIX S,1311
2266,2565,รถจักรยานยนต์,YAMAHA,R7,299
2267,2565,รถจักรยานยนต์,YAMAHA,Spark 115i,65
2268,2565,รถจักรยานยนต์,YAMAHA,Spark Nano,4
2269,2565,รถจักรยานยนต์,YAMAHA,SPARK LX,39
2270,2565,รถจักรยานยนต์,YAMAHA,SR400,474
2271,2565,รถจักรยานยนต์,YAMAHA,TENERE700,100
2272,2565,รถจักรยานยนต์,YAMAHA,TMAX DX,102
2273,2565,รถจักรยานยนต์,YAMAHA,TMAX SX,22
2274,2565,รถจักรยานยนต์,YAMAHA,TMAX TECH MAX,97
2275,2565,รถจักรยานยนต์,YAMAHA,TMAX560,56
2276,2565,รถจักรยานยนต์,YAMAHA,Tricity,19
2277,2565,รถจักรยานยนต์,YAMAHA,TRACER 9 GT,30
2278,2565,รถจักรยานยนต์,YAMAHA,TRACER 900GT,46
2279,2565,รถจักรยานยนต์,YAMAHA,TTX,30
2280,2565,รถจักรยานยนต์,YAMAHA,WR155R,2251
2281,2565,รถจักรยานยนต์,YAMAHA,XMAX,5
2282,2565,รถจักรยานยนต์,YAMAHA,XMAX 300,10781
2283,2565,รถจักรยานยนต์,YAMAHA,XMAX SP,3859
2284,2565,รถจักรยานยนต์,YAMAHA,XSR155,3557
2285,2565,รถจักรยานยนต์,YAMAHA,XSR700,36
2286,2565,รถจักรยานยนต์,YAMAHA,XSR900,28
2287,2565,รถจักรยานยนต์,YAMAHA,YZF-R1,38
2288,2565,รถจักรยานยนต์,YAMAHA,YZF-R15,3673
2289,2565,รถจักรยานยนต์,YAMAHA,YZF-R15M,788
2290,2565,รถจักรยานยนต์,YAMAHA,YZF-R1M,7
2291,2565,รถจักรยานยนต์,YAMAHA,YZF-R3,313
2292,2565,รถจักรยานยนต์,YAMAHA,YZF-R6,28
2293,2565,รถจักรยานยนต์,YAMAHA,ZR120A,1
2294,2565,รถจักรยานยนต์,YAMAHA,,1
2295,2565,รถจักรยานยนต์,ZONTES,R310,24
2296,2565,รถจักรยานยนต์,ZONTES,X310,6
2297,2565,รถแทร็กเตอร์,AIRMAN,AX45-2,1
2298,2565,รถแทร็กเตอร์,ALPHA,AE240,1
2299,2565,รถแทร็กเตอร์,ALPHA,AE620,2
2300,2565,รถแทร็กเตอร์,ALPHA,ALPHA 404,1
2301,2565,รถแทร็กเตอร์,ALPHA,AT 600,1
2302,2565,รถแทร็กเตอร์,ALPHA,AW1030,3
2303,2565,รถแทร็กเตอร์,ALPHA,AW132L,1
2304,2565,รถแทร็กเตอร์,ALPHA,AW500,1
2305,2565,รถแทร็กเตอร์,ALPHA,AW500E,1
2306,2565,รถแทร็กเตอร์,ALPHA,AW507,1
2307,2565,รถแทร็กเตอร์,ALPHA,AW570E,2
2308,2565,รถแทร็กเตอร์,ATLAS COPCO,POWERROC T35,2
2309,2565,รถแทร็กเตอร์,AUSTOFT,,1
2310,2565,รถแทร็กเตอร์,BANGKOK PANJAN,PC 200,30
2311,2565,รถแทร็กเตอร์,BANGKOK PANJAN,PC120,1
2312,2565,รถแทร็กเตอร์,BITELLI,,1
2313,2565,รถแทร็กเตอร์,BOBCAT,E35,2
2314,2565,รถแทร็กเตอร์,BOBCAT,E35Z,7
2315,2565,รถแทร็กเตอร์,BOBCAT,E37,27
2316,2565,รถแทร็กเตอร์,BOBCAT,E55,6
2317,2565,รถแทร็กเตอร์,BOBCAT,E55W,5
2318,2565,รถแทร็กเตอร์,BOBCAT,E55Z,30
2319,2565,รถแทร็กเตอร์,BOBCAT,S450,2
2320,2565,รถแทร็กเตอร์,BOBCAT,S570,2
2321,2565,รถแทร็กเตอร์,BOMAG,BF300P,1
2322,2565,รถแทร็กเตอร์,BOMAG,BF300P+S340-2V,1
2323,2565,รถแทร็กเตอร์,BOMAG,BM2000/60-2 COLD,1
2324,2565,รถแทร็กเตอร์,BOMAG,RS 500 EPA 3A,1
2325,2565,รถแทร็กเตอร์,BOMAG,RS600,1
2326,2565,รถแทร็กเตอร์,BULL,HN612,1
2327,2565,รถแทร็กเตอร์,CAMECO,CH3500,1
2328,2565,รถแทร็กเตอร์,CAPTAIN,,1
2329,2565,รถแทร็กเตอร์,CASE,570ST 4WD,10
2330,2565,รถแทร็กเตอร์,CASE,580T,1
2331,2565,รถแทร็กเตอร์,CASE,7700,1
2332,2565,รถแทร็กเตอร์,CASE,865B,4
2333,2565,รถแทร็กเตอร์,CASE,A4000,1
2334,2565,รถแทร็กเตอร์,CASE,A7700,2
2335,2565,รถแทร็กเตอร์,CASE,A8800,1
2336,2565,รถแทร็กเตอร์,CASE,CX210C,8
2337,2565,รถแทร็กเตอร์,CASE,CX220C,7
2338,2565,รถแทร็กเตอร์,CASE,CX55B,3
2339,2565,รถแทร็กเตอร์,CASE,MX120,1
2340,2565,รถแทร็กเตอร์,CASE,MXM120,1
2341,2565,รถแทร็กเตอร์,CASE IH,7700,2
2342,2565,รถแทร็กเตอร์,CASE IH,A7000,1
2343,2565,รถแทร็กเตอร์,CASE IH,A7700,22
2344,2565,รถแทร็กเตอร์,CASE IH,A8000,4
2345,2565,รถแทร็กเตอร์,CASE IH,A8010,10
2346,2565,รถแทร็กเตอร์,CASE IH,A8800,7
2347,2565,รถแทร็กเตอร์,CASE IH,A8810,3
2348,2565,รถแทร็กเตอร์,CASE IH,,1
2349,2565,รถแทร็กเตอร์,CAT,140H,1
2350,2565,รถแทร็กเตอร์,CAT,143H,1
2351,2565,รถแทร็กเตอร์,CAT,160H,2
2352,2565,รถแทร็กเตอร์,CAT LIFT TRUCK,DP50NT,4
2353,2565,รถแทร็กเตอร์,CATERPILLAR,120K,2
2354,2565,รถแทร็กเตอร์,CATERPILLAR,140G,28
2355,2565,รถแทร็กเตอร์,CATERPILLAR,140G VHP,3
2356,2565,รถแทร็กเตอร์,CATERPILLAR,140H,43
2357,2565,รถแทร็กเตอร์,CATERPILLAR,140H VHP,13
2358,2565,รถแทร็กเตอร์,CATERPILLAR,140H VHP PLUS,4
2359,2565,รถแทร็กเตอร์,CATERPILLAR,140K,38
2360,2565,รถแทร็กเตอร์,CATERPILLAR,143H,3
2361,2565,รถแทร็กเตอร์,CATERPILLAR,143H AWD,1
2362,2565,รถแทร็กเตอร์,CATERPILLAR,14H,1
2363,2565,รถแทร็กเตอร์,CATERPILLAR,160H,11
2364,2565,รถแทร็กเตอร์,CATERPILLAR,160H VHP,5
2365,2565,รถแทร็กเตอร์,CATERPILLAR,160M,1
2366,2565,รถแทร็กเตอร์,CATERPILLAR,226B3,1
2367,2565,รถแทร็กเตอร์,CATERPILLAR,303.5CR,3
2368,2565,รถแทร็กเตอร์,CATERPILLAR,303.5ECR,8
2369,2565,รถแทร็กเตอร์,CATERPILLAR,303CCR,2
2370,2565,รถแทร็กเตอร์,CATERPILLAR,303ECR,5
2371,2565,รถแทร็กเตอร์,CATERPILLAR,304CR,2
2372,2565,รถแทร็กเตอร์,CATERPILLAR,304E,1
2373,2565,รถแทร็กเตอร์,CATERPILLAR,305,2
2374,2565,รถแทร็กเตอร์,CATERPILLAR,305 SR,1
2375,2565,รถแทร็กเตอร์,CATERPILLAR,305.5DCR,1
2376,2565,รถแทร็กเตอร์,CATERPILLAR,305.5E2,2
2377,2565,รถแทร็กเตอร์,CATERPILLAR,305E2CR,1
2378,2565,รถแทร็กเตอร์,CATERPILLAR,305SR,2
2379,2565,รถแทร็กเตอร์,CATERPILLAR,306,4
2380,2565,รถแทร็กเตอร์,CATERPILLAR,306E2,2
2381,2565,รถแทร็กเตอร์,CATERPILLAR,307.5,2
2382,2565,รถแทร็กเตอร์,CATERPILLAR,307D,3
2383,2565,รถแทร็กเตอร์,CATERPILLAR,307E,3
2384,2565,รถแทร็กเตอร์,CATERPILLAR,308B,1
2385,2565,รถแทร็กเตอร์,CATERPILLAR,308C,1
2386,2565,รถแทร็กเตอร์,CATERPILLAR,308C CR,1
2387,2565,รถแทร็กเตอร์,CATERPILLAR,308CSR,1
2388,2565,รถแทร็กเตอร์,CATERPILLAR,308ECR,1
2389,2565,รถแทร็กเตอร์,CATERPILLAR,311C,1
2390,2565,รถแทร็กเตอร์,CATERPILLAR,311D,1
2391,2565,รถแทร็กเตอร์,CATERPILLAR,311DRR,3
2392,2565,รถแทร็กเตอร์,CATERPILLAR,312,1
2393,2565,รถแทร็กเตอร์,CATERPILLAR,312C,1
2394,2565,รถแทร็กเตอร์,CATERPILLAR,312D,30
2395,2565,รถแทร็กเตอร์,CATERPILLAR,312D2,4
2396,2565,รถแทร็กเตอร์,CATERPILLAR,312D2GC,4
2397,2565,รถแทร็กเตอร์,CATERPILLAR,312E,12
2398,2565,รถแทร็กเตอร์,CATERPILLAR,312E-2,2
2399,2565,รถแทร็กเตอร์,CATERPILLAR,312FGC,1
2400,2565,รถแทร็กเตอร์,CATERPILLAR,313CCR,2
2401,2565,รถแทร็กเตอร์,CATERPILLAR,313D2GC,29
2402,2565,รถแทร็กเตอร์,CATERPILLAR,313DCR,1
2403,2565,รถแทร็กเตอร์,CATERPILLAR,313GC,18
2404,2565,รถแทร็กเตอร์,CATERPILLAR,315DL,6
2405,2565,รถแทร็กเตอร์,CATERPILLAR,318D2L,4
2406,2565,รถแทร็กเตอร์,CATERPILLAR,320,48
2407,2565,รถแทร็กเตอร์,CATERPILLAR,320B,2
2408,2565,รถแทร็กเตอร์,CATERPILLAR,320C,2
2409,2565,รถแทร็กเตอร์,CATERPILLAR,320CL,1
2410,2565,รถแทร็กเตอร์,CATERPILLAR,320D,36
2411,2565,รถแทร็กเตอร์,CATERPILLAR,320D GC,11
2412,2565,รถแทร็กเตอร์,CATERPILLAR,320D-E,2
2413,2565,รถแทร็กเตอร์,CATERPILLAR,320D2,91
2414,2565,รถแทร็กเตอร์,CATERPILLAR,320D2GC,20
2415,2565,รถแทร็กเตอร์,CATERPILLAR,320D2L,1
2416,2565,รถแทร็กเตอร์,CATERPILLAR,320DL,1
2417,2565,รถแทร็กเตอร์,CATERPILLAR,320DRR-E,2
2418,2565,รถแทร็กเตอร์,CATERPILLAR,320E,4
2419,2565,รถแทร็กเตอร์,CATERPILLAR,320E-2,2
2420,2565,รถแทร็กเตอร์,CATERPILLAR,320GC,40
2421,2565,รถแทร็กเตอร์,CATERPILLAR,320GX,21
2422,2565,รถแทร็กเตอร์,CATERPILLAR,323D2L,3
2423,2565,รถแทร็กเตอร์,CATERPILLAR,323GC,27
2424,2565,รถแทร็กเตอร์,CATERPILLAR,323GX,8
2425,2565,รถแทร็กเตอร์,CATERPILLAR,330D2L,1
2426,2565,รถแทร็กเตอร์,CATERPILLAR,336,3
2427,2565,รถแทร็กเตอร์,CATERPILLAR,336D2L,3
2428,2565,รถแทร็กเตอร์,CATERPILLAR,349,1
2429,2565,รถแทร็กเตอร์,CATERPILLAR,350,1
2430,2565,รถแทร็กเตอร์,CATERPILLAR,350L,1
2431,2565,รถแทร็กเตอร์,CATERPILLAR,422E,3
2432,2565,รถแทร็กเตอร์,CATERPILLAR,422F,1
2433,2565,รถแทร็กเตอร์,CATERPILLAR,422F2,2
2434,2565,รถแทร็กเตอร์,CATERPILLAR,426F2,27
2435,2565,รถแทร็กเตอร์,CATERPILLAR,815,1
2436,2565,รถแทร็กเตอร์,CATERPILLAR,815B,1
2437,2565,รถแทร็กเตอร์,CATERPILLAR,910G,2
2438,2565,รถแทร็กเตอร์,CATERPILLAR,910H,1
2439,2565,รถแทร็กเตอร์,CATERPILLAR,910K,1
2440,2565,รถแทร็กเตอร์,CATERPILLAR,914G,3
2441,2565,รถแทร็กเตอร์,CATERPILLAR,920,1
2442,2565,รถแทร็กเตอร์,CATERPILLAR,924G,1
2443,2565,รถแทร็กเตอร์,CATERPILLAR,924K,4
2444,2565,รถแทร็กเตอร์,CATERPILLAR,926Z,1
2445,2565,รถแทร็กเตอร์,CATERPILLAR,938F,2
2446,2565,รถแทร็กเตอร์,CATERPILLAR,950F,1
2447,2565,รถแทร็กเตอร์,CATERPILLAR,950F2,2
2448,2565,รถแทร็กเตอร์,CATERPILLAR,950G,2
2449,2565,รถแทร็กเตอร์,CATERPILLAR,950GC,10
2450,2565,รถแทร็กเตอร์,CATERPILLAR,950H,3
2451,2565,รถแทร็กเตอร์,CATERPILLAR,950K,1
2452,2565,รถแทร็กเตอร์,CATERPILLAR,962K,1
2453,2565,รถแทร็กเตอร์,CATERPILLAR,966GC,2
2454,2565,รถแทร็กเตอร์,CATERPILLAR,966H,2
2455,2565,รถแทร็กเตอร์,CATERPILLAR,966K,1
2456,2565,รถแทร็กเตอร์,CATERPILLAR,AP1000E,1
2457,2565,รถแทร็กเตอร์,CATERPILLAR,CS54B,1
2458,2565,รถแทร็กเตอร์,CATERPILLAR,D4H,3
2459,2565,รถแทร็กเตอร์,CATERPILLAR,D5B,1
2460,2565,รถแทร็กเตอร์,CATERPILLAR,D5C XL II,1
2461,2565,รถแทร็กเตอร์,CATERPILLAR,D5G,1
2462,2565,รถแทร็กเตอร์,CATERPILLAR,D5G XL,1
2463,2565,รถแทร็กเตอร์,CATERPILLAR,D5H,3
2464,2565,รถแทร็กเตอร์,CATERPILLAR,D5K,2
2465,2565,รถแทร็กเตอร์,CATERPILLAR,D5K2 LGP,1
2466,2565,รถแทร็กเตอร์,CATERPILLAR,D5MXLPS,1
2467,2565,รถแทร็กเตอร์,CATERPILLAR,D5R2XL,2
2468,2565,รถแทร็กเตอร์,CATERPILLAR,D6D,3
2469,2565,รถแทร็กเตอร์,CATERPILLAR,D6GC,1
2470,2565,รถแทร็กเตอร์,CATERPILLAR,D6H,3
2471,2565,รถแทร็กเตอร์,CATERPILLAR,D6H LGP,1
2472,2565,รถแทร็กเตอร์,CATERPILLAR,D6HZ,1
2473,2565,รถแทร็กเตอร์,CATERPILLAR,D6M,2
2474,2565,รถแทร็กเตอร์,CATERPILLAR,D6M LGP,1
2475,2565,รถแทร็กเตอร์,CATERPILLAR,D6N,2
2476,2565,รถแทร็กเตอร์,CATERPILLAR,D6N LGP,1
2477,2565,รถแทร็กเตอร์,CATERPILLAR,D6R,7
2478,2565,รถแทร็กเตอร์,CATERPILLAR,D7G,2
2479,2565,รถแทร็กเตอร์,CATERPILLAR,D8R,1
2480,2565,รถแทร็กเตอร์,CATERPILLAR,M315,1
2481,2565,รถแทร็กเตอร์,CATERPILLAR,M315D2,6
2482,2565,รถแทร็กเตอร์,CATERPILLAR,M317D2,1
2483,2565,รถแทร็กเตอร์,CATERPILLAR,PM620,1
2484,2565,รถแทร็กเตอร์,CATERPILLAR,,11
2485,2565,รถแทร็กเตอร์,CEDARAPIDS,CR352,1
2486,2565,รถแทร็กเตอร์,CEDARAPIDS,,1
2487,2565,รถแทร็กเตอร์,CHAMP,CF-1052,1
2488,2565,รถแทร็กเตอร์,CHAMP,LG816,9
2489,2565,รถแทร็กเตอร์,CHAMP,LG828,17
2490,2565,รถแทร็กเตอร์,CHAMP,LG828X,5
2491,2565,รถแทร็กเตอร์,CHAMP,LG836,29
2492,2565,รถแทร็กเตอร์,CHAMP,LG836X,1
2493,2565,รถแทร็กเตอร์,CHAMP,LG836XL,7
2494,2565,รถแทร็กเตอร์,CHAMP,LG839,7
2495,2565,รถแทร็กเตอร์,CHAMP,LG839X,1
2496,2565,รถแทร็กเตอร์,CHAMP,LG839XL,11
2497,2565,รถแทร็กเตอร์,CHAMP,MX-6255,3
2498,2565,รถแทร็กเตอร์,CHAMP,YN917L,5
2499,2565,รถแทร็กเตอร์,CHAMP,YN926,1
2500,2565,รถแทร็กเตอร์,CHAMP,YN926L,11
2501,2565,รถแทร็กเตอร์,CHAMP,YN928L,8
2502,2565,รถแทร็กเตอร์,CHAMP,YN938L,2
2503,2565,รถแทร็กเตอร์,CHAMP,YTO-454,5
2504,2565,รถแทร็กเตอร์,CHAMP,YTO-EF654,8
2505,2565,รถแทร็กเตอร์,CHAMP,YTO-ME354,1
2506,2565,รถแทร็กเตอร์,CHAMP,YTO-MF404,3
2507,2565,รถแทร็กเตอร์,CHAMP,YTO-MF454,1
2508,2565,รถแทร็กเตอร์,CHAMP,YTO-MF504,77
2509,2565,รถแทร็กเตอร์,CHAMP,YTO-NLX804,2
2510,2565,รถแทร็กเตอร์,CHAMP,YTO-NLX854,4
2511,2565,รถแทร็กเตอร์,CHAMP,YTO-NLX954,2
2512,2565,รถแทร็กเตอร์,CHAMP,YTO-X1254,1
2513,2565,รถแทร็กเตอร์,CHAMP,YTO-X754,2
2514,2565,รถแทร็กเตอร์,CHANGFA,CF754,2
2515,2565,รถแทร็กเตอร์,CHANGFA,CFA 254,2
2516,2565,รถแทร็กเตอร์,CHANGFA,CFC504T,4
2517,2565,รถแทร็กเตอร์,CHENGGONG,CG932H,2
2518,2565,รถแทร็กเตอร์,CHENGGONG,CG950K,1
2519,2565,รถแทร็กเตอร์,CHOR,CH 7610SC,1
2520,2565,รถแทร็กเตอร์,CLAAS,CROPTIGER 30 TERRA TRAC,3
2521,2565,รถแทร็กเตอร์,CLAAS,OPTIGER30TRAC,1
2522,2565,รถแทร็กเตอร์,CLAAS,TALOS120,7
2523,2565,รถแทร็กเตอร์,CLAAS,TALOS130,10
2524,2565,รถแทร็กเตอร์,CMI,PR800-7,1
2525,2565,รถแทร็กเตอร์,CMI,RS650,2
2526,2565,รถแทร็กเตอร์,CMI,RS800-7,1
2527,2565,รถแทร็กเตอร์,CMI,,1
2528,2565,รถแทร็กเตอร์,CUMMINS,,1
2529,2565,รถแทร็กเตอร์,DAEWOO,,1
2530,2565,รถแทร็กเตอร์,DDRAGON,916N,1
2531,2565,รถแทร็กเตอร์,DEMAG,DF110P,1
2532,2565,รถแทร็กเตอร์,DEMAG,,1
2533,2565,รถแทร็กเตอร์,DOOSAN,DH220LC-7,1
2534,2565,รถแทร็กเตอร์,DOOSAN,DH55-V,2
2535,2565,รถแทร็กเตอร์,DOOSAN,DH60-7,1
2536,2565,รถแทร็กเตอร์,DOOSAN,DL300,1
2537,2565,รถแทร็กเตอร์,DOOSAN,DL420A,2
2538,2565,รถแทร็กเตอร์,DOOSAN,DX140LC,1
2539,2565,รถแทร็กเตอร์,DOOSAN,DX140LCA,2
2540,2565,รถแทร็กเตอร์,DOOSAN,DX140W,12
2541,2565,รถแทร็กเตอร์,DOOSAN,DX140WE,1
2542,2565,รถแทร็กเตอร์,DOOSAN,DX200A,22
2543,2565,รถแทร็กเตอร์,DOOSAN,DX220A-2,10
2544,2565,รถแทร็กเตอร์,DOOSAN,DX225LCA,9
2545,2565,รถแทร็กเตอร์,DOOSAN,DX300LCA,2
2546,2565,รถแทร็กเตอร์,DOOSAN,DX340LCA,2
2547,2565,รถแทร็กเตอร์,DOOSAN,DX360LCA-7M,2
2548,2565,รถแทร็กเตอร์,DOOSAN,DX520LCA-K,1
2549,2565,รถแทร็กเตอร์,DOOSAN,DX55W,2
2550,2565,รถแทร็กเตอร์,DOOSAN,DX63-3,1
2551,2565,รถแทร็กเตอร์,DOOSAN,DX75-5B,1
2552,2565,รถแทร็กเตอร์,DOOSAN,DX75-7B,1
2553,2565,รถแทร็กเตอร์,DOOSAN,SD200,4
2554,2565,รถแทร็กเตอร์,DOOSAN,SD300,3
2555,2565,รถแทร็กเตอร์,DOOSAN,SD310,1
2556,2565,รถแทร็กเตอร์,DRESSER,A500E,1
2557,2565,รถแทร็กเตอร์,DYNAPAC,CA-250D,1
2558,2565,รถแทร็กเตอร์,DYNAPAC,CP275,1
2559,2565,รถแทร็กเตอร์,DYNAPAC,F1800W,4
2560,2565,รถแทร็กเตอร์,DYNAPAC,PL350,1
2561,2565,รถแทร็กเตอร์,DYNAPAC,SD2500CS,9
2562,2565,รถแทร็กเตอร์,DYNAPAC,SD2500WS,4
2563,2565,รถแทร็กเตอร์,EPIROC,POWERROC T35,1
2564,2565,รถแทร็กเตอร์,EUROMACH,R145,4
2565,2565,รถแทร็กเตอร์,EUROTRAC,55 DI,1
2566,2565,รถแทร็กเตอร์,EUROTRAC,FT824,1
2567,2565,รถแทร็กเตอร์,EUROTRAC,TB,8
2568,2565,รถแทร็กเตอร์,EUROTRAC,,7
2569,2565,รถแทร็กเตอร์,FARMER,F4-7248 R1,1
2570,2565,รถแทร็กเตอร์,FARMER,F8258,7
2571,2565,รถแทร็กเตอร์,FIAT,640/8,1
2572,2565,รถแทร็กเตอร์,FORD,3930,13
2573,2565,รถแทร็กเตอร์,FORD,3930 4WD,1
2574,2565,รถแทร็กเตอร์,FORD,4000,3
2575,2565,รถแทร็กเตอร์,FORD,4600,1
2576,2565,รถแทร็กเตอร์,FORD,4610,1
2577,2565,รถแทร็กเตอร์,FORD,4630,10
2578,2565,รถแทร็กเตอร์,FORD,5000,161
2579,2565,รถแทร็กเตอร์,FORD,5000/SF/T3/5/PAS,1
2580,2565,รถแทร็กเตอร์,FORD,5010,1
2581,2565,รถแทร็กเตอร์,FORD,5030,1
2582,2565,รถแทร็กเตอร์,FORD,5110,3
2583,2565,รถแทร็กเตอร์,FORD,5600,29
2584,2565,รถแทร็กเตอร์,FORD,5610,35
2585,2565,รถแทร็กเตอร์,FORD,5610 4wd,1
2586,2565,รถแทร็กเตอร์,FORD,5610 4WD,3
2587,2565,รถแทร็กเตอร์,FORD,5610S,1
2588,2565,รถแทร็กเตอร์,FORD,5640,13
2589,2565,รถแทร็กเตอร์,FORD,5640DT,1
2590,2565,รถแทร็กเตอร์,FORD,6410,21
2591,2565,รถแทร็กเตอร์,FORD,6410 4WD,1
2592,2565,รถแทร็กเตอร์,FORD,6600,169
2593,2565,รถแทร็กเตอร์,FORD,6600 2WD,2
2594,2565,รถแทร็กเตอร์,FORD,6600 4WD,1
2595,2565,รถแทร็กเตอร์,FORD,6610,178
2596,2565,รถแทร็กเตอร์,FORD,6610 (4 WD),1
2597,2565,รถแทร็กเตอร์,FORD,6610 2WD,3
2598,2565,รถแทร็กเตอร์,FORD,6610 4WD,4
2599,2565,รถแทร็กเตอร์,FORD,6610DT,1
2600,2565,รถแทร็กเตอร์,FORD,6610S,3
2601,2565,รถแทร็กเตอร์,FORD,6640,65
2602,2565,รถแทร็กเตอร์,FORD,6640 4WD,5
2603,2565,รถแทร็กเตอร์,FORD,6640NEWHOLLAND,1
2604,2565,รถแทร็กเตอร์,FORD,6700,10
2605,2565,รถแทร็กเตอร์,FORD,6710,5
2606,2565,รถแทร็กเตอร์,FORD,6810,11
2607,2565,รถแทร็กเตอร์,FORD,6810 4WD,1
2608,2565,รถแทร็กเตอร์,FORD,7000,13
2609,2565,รถแทร็กเตอร์,FORD,7410,4
2610,2565,รถแทร็กเตอร์,FORD,7410 4WD,1
2611,2565,รถแทร็กเตอร์,FORD,7600,44
2612,2565,รถแทร็กเตอร์,FORD,7610,81
2613,2565,รถแทร็กเตอร์,FORD,7610 4WD,2
2614,2565,รถแทร็กเตอร์,FORD,7700,21
2615,2565,รถแทร็กเตอร์,FORD,7710,16
2616,2565,รถแทร็กเตอร์,FORD,7740,31
2617,2565,รถแทร็กเตอร์,FORD,7810,56
2618,2565,รถแทร็กเตอร์,FORD,7810 4WD,2
2619,2565,รถแทร็กเตอร์,FORD,7840,55
2620,2565,รถแทร็กเตอร์,FORD,7840 4WD,1
2621,2565,รถแทร็กเตอร์,FORD,7910,11
2622,2565,รถแทร็กเตอร์,FORD,7910 4WD,1
2623,2565,รถแทร็กเตอร์,FORD,8100,4
2624,2565,รถแทร็กเตอร์,FORD,8210,42
2625,2565,รถแทร็กเตอร์,FORD,8210 4WD,3
2626,2565,รถแทร็กเตอร์,FORD,8240,5
2627,2565,รถแทร็กเตอร์,FORD,8240A,1
2628,2565,รถแทร็กเตอร์,FORD,8340,17
2629,2565,รถแทร็กเตอร์,FORD,8340 4WD,2
2630,2565,รถแทร็กเตอร์,FORD,8430,1
2631,2565,รถแทร็กเตอร์,FORD,EA414L,1
2632,2565,รถแทร็กเตอร์,FORD,EA4I4C,1
2633,2565,รถแทร็กเตอร์,FORD,FORD5000,1
2634,2565,รถแทร็กเตอร์,FORD,ROBO S,1
2635,2565,รถแทร็กเตอร์,FORD,T3930,2
2636,2565,รถแทร็กเตอร์,FORD,TB110,1
2637,2565,รถแทร็กเตอร์,FORD,TS110,1
2638,2565,รถแทร็กเตอร์,FORD,TS90,3
2639,2565,รถแทร็กเตอร์,FORD,TW25,1
2640,2565,รถแทร็กเตอร์,FORD,,225
2641,2565,รถแทร็กเตอร์,FORD-NEWHOLLAND,6640,1
2642,2565,รถแทร็กเตอร์,FORD-NEWHOLLAND,,3
2643,2565,รถแทร็กเตอร์,FOTON,EUROTRAC 65KP,1
2644,2565,รถแทร็กเตอร์,FOTON,EUROTRAC FT90,1
2645,2565,รถแทร็กเตอร์,FOTON,,2
2646,2565,รถแทร็กเตอร์,FURUKAWA,FL335-3,1
2647,2565,รถแทร็กเตอร์,FURUKAWA,HCR-C180RV,1
2648,2565,รถแทร็กเตอร์,FURUKAWA,HCR900-DSIII,1
2649,2565,รถแทร็กเตอร์,FURUKAWA,HCR900DSIII,1
2650,2565,รถแทร็กเตอร์,GOMACO,GT-3600,1
2651,2565,รถแทร็กเตอร์,HANTA,F2460W3,1
2652,2565,รถแทร็กเตอร์,HANTA,F45W,1
2653,2565,รถแทร็กเตอร์,HANTA,,1
2654,2565,รถแทร็กเตอร์,HIDROMEK,HMK102B,1
2655,2565,รถแทร็กเตอร์,HIDROMEK,HMK140LC3,3
2656,2565,รถแทร็กเตอร์,HIDROMEK,HMK140W-3,1
2657,2565,รถแทร็กเตอร์,HIDROMEK,HMK220LC2,1
2658,2565,รถแทร็กเตอร์,HIDROMEK,HMK220LC3,1
2659,2565,รถแทร็กเตอร์,HIDROMEK,HMK230LC,1
2660,2565,รถแทร็กเตอร์,HIDROMEK,HMK230LC3,10
2661,2565,รถแทร็กเตอร์,HIDROMEK,HMK230LC3 LR,2
2662,2565,รถแทร็กเตอร์,HIDROMEK,HMK310LC3,4
2663,2565,รถแทร็กเตอร์,HIDROMEK,HMK390LC3,4
2664,2565,รถแทร็กเตอร์,HIDROMEK,MG.430,2
2665,2565,รถแทร็กเตอร์,HIDROMEK,MG.460,2
2666,2565,รถแทร็กเตอร์,HITACHI,DX175,1
2667,2565,รถแทร็กเตอร์,HITACHI,EX120-2,1
2668,2565,รถแทร็กเตอร์,HITACHI,EX120-5,1
2669,2565,รถแทร็กเตอร์,HITACHI,KH250HD,1
2670,2565,รถแทร็กเตอร์,HITACHI,LX100,1
2671,2565,รถแทร็กเตอร์,HITACHI,LX110-7,1
2672,2565,รถแทร็กเตอร์,HITACHI,LX130-7,1
2673,2565,รถแทร็กเตอร์,HITACHI,LX230-7,1
2674,2565,รถแทร็กเตอร์,HITACHI,LX70-2,1
2675,2565,รถแทร็กเตอร์,HITACHI,RT200W,1
2676,2565,รถแทร็กเตอร์,HITACHI,XZ120-3,1
2677,2565,รถแทร็กเตอร์,HITACHI,ZW100-5B,1
2678,2565,รถแทร็กเตอร์,HITACHI,ZW100H,1
2679,2565,รถแทร็กเตอร์,HITACHI,ZW140,4
2680,2565,รถแทร็กเตอร์,HITACHI,ZW140-5B,3
2681,2565,รถแทร็กเตอร์,HITACHI,ZW150,1
2682,2565,รถแทร็กเตอร์,HITACHI,ZW180-5B,2
2683,2565,รถแทร็กเตอร์,HITACHI,ZW220-5A,6
2684,2565,รถแทร็กเตอร์,HITACHI,ZW220-5B,2
2685,2565,รถแทร็กเตอร์,HITACHI,ZW250,1
2686,2565,รถแทร็กเตอร์,HITACHI,ZW310,1
2687,2565,รถแทร็กเตอร์,HITACHI,ZW310-5A,6
2688,2565,รถแทร็กเตอร์,HITACHI,ZX110-3,1
2689,2565,รถแทร็กเตอร์,HITACHI,ZX120,11
2690,2565,รถแทร็กเตอร์,HITACHI,ZX120-3,57
2691,2565,รถแทร็กเตอร์,HITACHI,ZX120-5B,5
2692,2565,รถแทร็กเตอร์,HITACHI,ZX120-E,2
2693,2565,รถแทร็กเตอร์,HITACHI,ZX125US-E,1
2694,2565,รถแทร็กเตอร์,HITACHI,ZX130-5G,15
2695,2565,รถแทร็กเตอร์,HITACHI,ZX130K-3,2
2696,2565,รถแทร็กเตอร์,HITACHI,ZX130L-3,1
2697,2565,รถแทร็กเตอร์,HITACHI,ZX135US,2
2698,2565,รถแทร็กเตอร์,HITACHI,ZX135US-3,4
2699,2565,รถแทร็กเตอร์,HITACHI,ZX140W-3,2
2700,2565,รถแทร็กเตอร์,HITACHI,ZX170W-3,1
2701,2565,รถแทร็กเตอร์,HITACHI,ZX170W-5A,1
2702,2565,รถแทร็กเตอร์,HITACHI,ZX190W-3,1
2703,2565,รถแทร็กเตอร์,HITACHI,ZX200,13
2704,2565,รถแทร็กเตอร์,HITACHI,ZX200-3,7
2705,2565,รถแทร็กเตอร์,HITACHI,ZX200-5G,103
2706,2565,รถแทร็กเตอร์,HITACHI,ZX210-6G,19
2707,2565,รถแทร็กเตอร์,HITACHI,ZX210K,1
2708,2565,รถแทร็กเตอร์,HITACHI,ZX210K-3,3
2709,2565,รถแทร็กเตอร์,HITACHI,ZX210LC-5G,10
2710,2565,รถแทร็กเตอร์,HITACHI,ZX210LCH-5G,2
2711,2565,รถแทร็กเตอร์,HITACHI,ZX230LC,1
2712,2565,รถแทร็กเตอร์,HITACHI,ZX240LC-5G,19
2713,2565,รถแทร็กเตอร์,HITACHI,ZX330LC-5G,1
2714,2565,รถแทร็กเตอร์,HITACHI,ZX33U-5A,10
2715,2565,รถแทร็กเตอร์,HITACHI,ZX350H-5G,12
2716,2565,รถแทร็กเตอร์,HITACHI,ZX38U-5A,1
2717,2565,รถแทร็กเตอร์,HITACHI,ZX450LC,1
2718,2565,รถแทร็กเตอร์,HITACHI,ZX470LCH-5G,2
2719,2565,รถแทร็กเตอร์,HITACHI,ZX48U-5A,7
2720,2565,รถแทร็กเตอร์,HITACHI,ZX500W,1
2721,2565,รถแทร็กเตอร์,HITACHI,ZX55U-5A,1
2722,2565,รถแทร็กเตอร์,HITACHI,ZX55UR,1
2723,2565,รถแทร็กเตอร์,HITACHI,ZX670LCH-5G,1
2724,2565,รถแทร็กเตอร์,HITACHI,ZX70,1
2725,2565,รถแทร็กเตอร์,HITACHI,ZX70-5G,6
2726,2565,รถแทร็กเตอร์,HITACHI,ZX75US-3,1
2727,2565,รถแทร็กเตอร์,HITACHI,,1
2728,2565,รถแทร็กเตอร์,HOKUETSU,AX30,1
2729,2565,รถแทร็กเตอร์,HONDA,CBR650R,1
2730,2565,รถแทร็กเตอร์,HYUNDAI,HL760-9,1
2731,2565,รถแทร็กเตอร์,HYUNDAI,HL770-9,1
2732,2565,รถแทร็กเตอร์,HYUNDAI,HL770-9S,1
2733,2565,รถแทร็กเตอร์,HYUNDAI,HX210S,12
2734,2565,รถแทร็กเตอร์,HYUNDAI,HX220S,1
2735,2565,รถแทร็กเตอร์,HYUNDAI,HX225S,2
2736,2565,รถแทร็กเตอร์,HYUNDAI,HX225SL,1
2737,2565,รถแทร็กเตอร์,HYUNDAI,HX300SL2,1
2738,2565,รถแทร็กเตอร์,HYUNDAI,R55-7,1
2739,2565,รถแทร็กเตอร์,HYUNDAI,R60-7,1
2740,2565,รถแทร็กเตอร์,HYUNDAI,ROBEX140W-9S,2
2741,2565,รถแทร็กเตอร์,HYUNDAI,ROBEX160LC-9S,1
2742,2565,รถแทร็กเตอร์,HYUNDAI,ROBEX210-7,1
2743,2565,รถแทร็กเตอร์,HYUNDAI,ROBEX220-9S,1
2744,2565,รถแทร็กเตอร์,HYUNDAI,ROBEX60W-9S,1
2745,2565,รถแทร็กเตอร์,HYUNDAI,ROBEX80-7,1
2746,2565,รถแทร็กเตอร์,IHI,55NS,1
2747,2565,รถแทร็กเตอร์,IHI,60NS,1
2748,2565,รถแทร็กเตอร์,INGERSOLL-RAND,XL660II,1
2749,2565,รถแทร็กเตอร์,ISEKI,AT5330FE11(TYAT5330F1E),1
2750,2565,รถแทร็กเตอร์,ISEKI,HC80PGBHWE1T,24
2751,2565,รถแทร็กเตอร์,ISEKI,NT540FSRE1T,2
2752,2565,รถแทร็กเตอร์,ISEKI,NT542FSRE1T,329
2753,2565,รถแทร็กเตอร์,ISEKI,NT554FSRE1T,280
2754,2565,รถแทร็กเตอร์,ISEKI,NTZ227FRE11T,8
2755,2565,รถแทร็กเตอร์,ISEKI,T954PWCE1T,3
2756,2565,รถแทร็กเตอร์,ISEKI,T97PWRE1T,5
2757,2565,รถแทร็กเตอร์,JCB,3CX,23
2758,2565,รถแทร็กเตอร์,JCB,3CX-2WD,1
2759,2565,รถแทร็กเตอร์,JCB,3CX4WD,1
2760,2565,รถแทร็กเตอร์,JCB,3DX,5
2761,2565,รถแทร็กเตอร์,JCB,3DX PLUS,8
2762,2565,รถแทร็กเตอร์,JCB,3DX PRO,1
2763,2565,รถแทร็กเตอร์,JCB,432ZX,1
2764,2565,รถแทร็กเตอร์,JCB,4CX,31
2765,2565,รถแทร็กเตอร์,JCB,51R-1,11
2766,2565,รถแทร็กเตอร์,JCB,530-70,1
2767,2565,รถแทร็กเตอร์,JCB,540-170,1
2768,2565,รถแทร็กเตอร์,JCB,541-70,3
2769,2565,รถแทร็กเตอร์,JCB,8035ZTS,4
2770,2565,รถแทร็กเตอร์,JCB,8056,1
2771,2565,รถแทร็กเตอร์,JCB,JS200SC,8
2772,2565,รถแทร็กเตอร์,JCB,JS205SC,15
2773,2565,รถแทร็กเตอร์,JCB,JS305LC,4
2774,2565,รถแทร็กเตอร์,JINGONG,JGM9085LNZ-9G,54
2775,2565,รถแทร็กเตอร์,JOHN DEERE,3028EN,66
2776,2565,รถแทร็กเตอร์,JOHN DEERE,3036E,59
2777,2565,รถแทร็กเตอร์,JOHN DEERE,315SL,2
2778,2565,รถแทร็กเตอร์,JOHN DEERE,3520,3
2779,2565,รถแทร็กเตอร์,JOHN DEERE,3520T,1
2780,2565,รถแทร็กเตอร์,JOHN DEERE,3520W,2
2781,2565,รถแทร็กเตอร์,JOHN DEERE,5040D,337
2782,2565,รถแทร็กเตอร์,JOHN DEERE,5045,1
2783,2565,รถแทร็กเตอร์,JOHN DEERE,5045D,63
2784,2565,รถแทร็กเตอร์,JOHN DEERE,5045DFE,3
2785,2565,รถแทร็กเตอร์,JOHN DEERE,5050D,249
2786,2565,รถแทร็กเตอร์,JOHN DEERE,5050E,2
2787,2565,รถแทร็กเตอร์,JOHN DEERE,5055E,87
2788,2565,รถแทร็กเตอร์,JOHN DEERE,5065E,40
2789,2565,รถแทร็กเตอร์,JOHN DEERE,5075E,30
2790,2565,รถแทร็กเตอร์,JOHN DEERE,5076E,7
2791,2565,รถแทร็กเตอร์,JOHN DEERE,5076E OOS,10
2792,2565,รถแทร็กเตอร์,JOHN DEERE,5082E OOS,4
2793,2565,รถแทร็กเตอร์,JOHN DEERE,5090E,10
2794,2565,รถแทร็กเตอร์,JOHN DEERE,5090E CAB,1
2795,2565,รถแทร็กเตอร์,JOHN DEERE,5090E OOS,16
2796,2565,รถแทร็กเตอร์,JOHN DEERE,5310,8
2797,2565,รถแทร็กเตอร์,JOHN DEERE,5310J,1
2798,2565,รถแทร็กเตอร์,JOHN DEERE,5610,6
2799,2565,รถแทร็กเตอร์,JOHN DEERE,5610J,4
2800,2565,รถแทร็กเตอร์,JOHN DEERE,5615K,1
2801,2565,รถแทร็กเตอร์,JOHN DEERE,5715,13
2802,2565,รถแทร็กเตอร์,JOHN DEERE,5715S,1
2803,2565,รถแทร็กเตอร์,JOHN DEERE,6095B,9
2804,2565,รถแทร็กเตอร์,JOHN DEERE,6095B OOS DELUXE-V1,2
2805,2565,รถแทร็กเตอร์,JOHN DEERE,6095B OOS STANDARD-V1,2
2806,2565,รถแทร็กเตอร์,JOHN DEERE,6110B,2
2807,2565,รถแทร็กเตอร์,JOHN DEERE,6110B OOS DELUXE,1
2808,2565,รถแทร็กเตอร์,JOHN DEERE,6110M,4
2809,2565,รถแทร็กเตอร์,JOHN DEERE,6120B,1
2810,2565,รถแทร็กเตอร์,JOHN DEERE,6125M,2
2811,2565,รถแทร็กเตอร์,JOHN DEERE,6135B CAB JDA,2
2812,2565,รถแทร็กเตอร์,JOHN DEERE,670G,3
2813,2565,รถแทร็กเตอร์,JOHN DEERE,CH570,38
2814,2565,รถแทร็กเตอร์,JOHN DEERE,E130,1
2815,2565,รถแทร็กเตอร์,JOHN DEERE,E210,1
2816,2565,รถแทร็กเตอร์,JOHN DEERE,E360,1
2817,2565,รถแทร็กเตอร์,JOHN DEERE,JD770B,1
2818,2565,รถแทร็กเตอร์,JOHN DEERE,WL56,3
2819,2565,รถแทร็กเตอร์,JOHN DEERE,,4
2820,2565,รถแทร็กเตอร์,KAT,KAT920,1
2821,2565,รถแทร็กเตอร์,KATO,HD820-R5,7
2822,2565,รถแทร็กเตอร์,KAWASAKI,80Z7,1
2823,2565,รถแทร็กเตอร์,KAWASAKI,90ZV-2,1
2824,2565,รถแทร็กเตอร์,KEESTRACK,F6,1
2825,2565,รถแทร็กเตอร์,KH,ZL20F,1
2826,2565,รถแทร็กเตอร์,KINKI ISHIKO,1820,1
2827,2565,รถแทร็กเตอร์,KIOTI,CK22,1
2828,2565,รถแทร็กเตอร์,KIOTI,CK2810,16
2829,2565,รถแทร็กเตอร์,KIOTI,DS3510,4
2830,2565,รถแทร็กเตอร์,KIOTI,DS4110,3
2831,2565,รถแทร็กเตอร์,KIOTI,DS4510,4
2832,2565,รถแทร็กเตอร์,KIOTI,EX50,4
2833,2565,รถแทร็กเตอร์,KIOTI,PX9020-TH,1
2834,2565,รถแทร็กเตอร์,KIOTI,PX9020C,1
2835,2565,รถแทร็กเตอร์,KIOTI,RX7620,1
2836,2565,รถแทร็กเตอร์,KOBELCO,7065,1
2837,2565,รถแทร็กเตอร์,KOBELCO,BM700HD,2
2838,2565,รถแทร็กเตอร์,KOBELCO,BM800HD,1
2839,2565,รถแทร็กเตอร์,KOBELCO,SK-200,1
2840,2565,รถแทร็กเตอร์,KOBELCO,SK045-2,1
2841,2565,รถแทร็กเตอร์,KOBELCO,SK100-2,2
2842,2565,รถแทร็กเตอร์,KOBELCO,SK100-3,3
2843,2565,รถแทร็กเตอร์,KOBELCO,SK115SR,2
2844,2565,รถแทร็กเตอร์,KOBELCO,SK120,8
2845,2565,รถแทร็กเตอร์,KOBELCO,SK120-1,7
2846,2565,รถแทร็กเตอร์,KOBELCO,SK120-2,3
2847,2565,รถแทร็กเตอร์,KOBELCO,SK120-3,7
2848,2565,รถแทร็กเตอร์,KOBELCO,SK1201,1
2849,2565,รถแทร็กเตอร์,KOBELCO,SK120LC-1,1
2850,2565,รถแทร็กเตอร์,KOBELCO,SK120LC-3,1
2851,2565,รถแทร็กเตอร์,KOBELCO,SK125SR,32
2852,2565,รถแทร็กเตอร์,KOBELCO,SK125SR-3,8
2853,2565,รถแทร็กเตอร์,KOBELCO,SK130-10,5
2854,2565,รถแทร็กเตอร์,KOBELCO,SK130-8,3
2855,2565,รถแทร็กเตอร์,KOBELCO,SK130-8 SUPER X,1
2856,2565,รถแทร็กเตอร์,KOBELCO,SK135,1
2857,2565,รถแทร็กเตอร์,KOBELCO,SK135SR,9
2858,2565,รถแทร็กเตอร์,KOBELCO,SK135SR-1E,2
2859,2565,รถแทร็กเตอร์,KOBELCO,SK135SR-1ES,3
2860,2565,รถแทร็กเตอร์,KOBELCO,SK135SR-2,44
2861,2565,รถแทร็กเตอร์,KOBELCO,SK135SR-3,5
2862,2565,รถแทร็กเตอร์,KOBELCO,SK135SR-5,1
2863,2565,รถแทร็กเตอร์,KOBELCO,SK135SRD-3,2
2864,2565,รถแทร็กเตอร์,KOBELCO,SK140-8,3
2865,2565,รถแทร็กเตอร์,KOBELCO,SK140LC-11,20
2866,2565,รถแทร็กเตอร์,KOBELCO,SK140LC-8,9
2867,2565,รถแทร็กเตอร์,KOBELCO,SK140LC-8 SUPER,4
2868,2565,รถแทร็กเตอร์,KOBELCO,SK140LC-8 SUPER X,19
2869,2565,รถแทร็กเตอร์,KOBELCO,SK140LC-8 SUPER XM,74
2870,2565,รถแทร็กเตอร์,KOBELCO,SK200,11
2871,2565,รถแทร็กเตอร์,KOBELCO,SK200-1,1
2872,2565,รถแทร็กเตอร์,KOBELCO,SK200-10,141
2873,2565,รถแทร็กเตอร์,KOBELCO,SK200-10 SM,102
2874,2565,รถแทร็กเตอร์,KOBELCO,SK200-2,1
2875,2565,รถแทร็กเตอร์,KOBELCO,SK200-3,1
2876,2565,รถแทร็กเตอร์,KOBELCO,SK200-6,1
2877,2565,รถแทร็กเตอร์,KOBELCO,SK200-6E,2
2878,2565,รถแทร็กเตอร์,KOBELCO,SK200-6ES,1
2879,2565,รถแทร็กเตอร์,KOBELCO,SK200-8,49
2880,2565,รถแทร็กเตอร์,KOBELCO,SK200-8 SUPER,29
2881,2565,รถแทร็กเตอร์,KOBELCO,SK200-8 SUPER X,25
2882,2565,รถแทร็กเตอร์,KOBELCO,SK200-8 SUPER XM,67
2883,2565,รถแทร็กเตอร์,KOBELCO,SK200-9,7
2884,2565,รถแทร็กเตอร์,KOBELCO,SK200-VIS,2
2885,2565,รถแทร็กเตอร์,KOBELCO,SK200-VS,1
2886,2565,รถแทร็กเตอร์,KOBELCO,SK200LC-3,1
2887,2565,รถแทร็กเตอร์,KOBELCO,SK200LC-6E,1
2888,2565,รถแทร็กเตอร์,KOBELCO,SK200SR,1
2889,2565,รถแทร็กเตอร์,KOBELCO,SK200SR-1S,2
2890,2565,รถแทร็กเตอร์,KOBELCO,SK200SR-IS,1
2891,2565,รถแทร็กเตอร์,KOBELCO,SK210D-6E,1
2892,2565,รถแทร็กเตอร์,KOBELCO,SK210D-6ES,1
2893,2565,รถแทร็กเตอร์,KOBELCO,SK210D-9,1
2894,2565,รถแทร็กเตอร์,KOBELCO,SK210LC-10,14
2895,2565,รถแทร็กเตอร์,KOBELCO,SK210LC-8,11
2896,2565,รถแทร็กเตอร์,KOBELCO,SK210LC-8 SUPER,2
2897,2565,รถแทร็กเตอร์,KOBELCO,SK210LC-8 SUPER XM,2
2898,2565,รถแทร็กเตอร์,KOBELCO,SK225SR-3,1
2899,2565,รถแทร็กเตอร์,KOBELCO,SK260LC-10,4
2900,2565,รถแทร็กเตอร์,KOBELCO,SK330-10,1
2901,2565,รถแทร็กเตอร์,KOBELCO,SK35SR-6,40
2902,2565,รถแทร็กเตอร์,KOBELCO,SK45SR-6,10
2903,2565,รถแทร็กเตอร์,KOBELCO,SK480LC-8,1
2904,2565,รถแทร็กเตอร์,KOBELCO,SK50P-6,15
2905,2565,รถแทร็กเตอร์,KOBELCO,SK55SR,2
2906,2565,รถแทร็กเตอร์,KOBELCO,SK55SR-5,1
2907,2565,รถแทร็กเตอร์,KOBELCO,SK60-2,1
2908,2565,รถแทร็กเตอร์,KOBELCO,SK60-8,22
2909,2565,รถแทร็กเตอร์,KOBELCO,SK60-C,5
2910,2565,รถแทร็กเตอร์,KOBELCO,SK60SR,2
2911,2565,รถแทร็กเตอร์,KOBELCO,SK60SR-1E,1
2912,2565,รถแทร็กเตอร์,KOBELCO,SK70SR,1
2913,2565,รถแทร็กเตอร์,KOBELCO,SK70SR-1ES,4
2914,2565,รถแทร็กเตอร์,KOBELCO,SK70SR-2,5
2915,2565,รถแทร็กเตอร์,KOBELCO,SK75,1
2916,2565,รถแทร็กเตอร์,KOBELCO,SK75-11,7
2917,2565,รถแทร็กเตอร์,KOBELCO,SK75-8,44
2918,2565,รถแทร็กเตอร์,KOBELCO,SK75SR-3,8
2919,2565,รถแทร็กเตอร์,KOBELCO,SK75SR-3E,1
2920,2565,รถแทร็กเตอร์,KOBELCO,SK95UR,1
2921,2565,รถแทร็กเตอร์,KOBELCO,,11
2922,2565,รถแทร็กเตอร์,KOMATSU,507,1
2923,2565,รถแทร็กเตอร์,KOMATSU,510,1
2924,2565,รถแทร็กเตอร์,KOMATSU,515,1
2925,2565,รถแทร็กเตอร์,KOMATSU,D31P-20,1
2926,2565,รถแทร็กเตอร์,KOMATSU,D31PX-21,1
2927,2565,รถแทร็กเตอร์,KOMATSU,D60P,1
2928,2565,รถแทร็กเตอร์,KOMATSU,D60PL,1
2929,2565,รถแทร็กเตอร์,KOMATSU,D65E-12,1
2930,2565,รถแทร็กเตอร์,KOMATSU,GD405A-2,1
2931,2565,รถแทร็กเตอร์,KOMATSU,GD405A-3,1
2932,2565,รถแทร็กเตอร์,KOMATSU,GD605A-5,1
2933,2565,รถแทร็กเตอร์,KOMATSU,GD655-5,8
2934,2565,รถแทร็กเตอร์,KOMATSU,GD705R-1A,1
2935,2565,รถแทร็กเตอร์,KOMATSU,JH30B,1
2936,2565,รถแทร็กเตอร์,KOMATSU,PC120,1
2937,2565,รถแทร็กเตอร์,KOMATSU,PC120-11,1
2938,2565,รถแทร็กเตอร์,KOMATSU,PC120-5,5
2939,2565,รถแทร็กเตอร์,KOMATSU,PC120-6,1
2940,2565,รถแทร็กเตอร์,KOMATSU,PC120-6E,5
2941,2565,รถแทร็กเตอร์,KOMATSU,PC120-6E0,13
2942,2565,รถแทร็กเตอร์,KOMATSU,PC120-6M,1
2943,2565,รถแทร็กเตอร์,KOMATSU,PC120-6ZE,3
2944,2565,รถแทร็กเตอร์,KOMATSU,PC120-8,74
2945,2565,รถแทร็กเตอร์,KOMATSU,PC128US-2,2
2946,2565,รถแทร็กเตอร์,KOMATSU,PC128US-8,1
2947,2565,รถแทร็กเตอร์,KOMATSU,PC130-10M0,17
2948,2565,รถแทร็กเตอร์,KOMATSU,PC130-7,5
2949,2565,รถแทร็กเตอร์,KOMATSU,PC130-7K,2
2950,2565,รถแทร็กเตอร์,KOMATSU,PC130-8,99
2951,2565,รถแทร็กเตอร์,KOMATSU,PC138US,1
2952,2565,รถแทร็กเตอร์,KOMATSU,PC138US-10,2
2953,2565,รถแทร็กเตอร์,KOMATSU,PC138US-8,1
2954,2565,รถแทร็กเตอร์,KOMATSU,PC138USLC-8,1
2955,2565,รถแทร็กเตอร์,KOMATSU,PC150-5,1
2956,2565,รถแทร็กเตอร์,KOMATSU,PC160LC-8,17
2957,2565,รถแทร็กเตอร์,KOMATSU,PC200-10,1
2958,2565,รถแทร็กเตอร์,KOMATSU,PC200-10M0,29
2959,2565,รถแทร็กเตอร์,KOMATSU,PC200-7,31
2960,2565,รถแทร็กเตอร์,KOMATSU,PC200-7A,3
2961,2565,รถแทร็กเตอร์,KOMATSU,PC200-8,26
2962,2565,รถแทร็กเตอร์,KOMATSU,PC200-8A,4
2963,2565,รถแทร็กเตอร์,KOMATSU,PC200-8M0,136
2964,2565,รถแทร็กเตอร์,KOMATSU,PC200-8MO,1
2965,2565,รถแทร็กเตอร์,KOMATSU,PC200-8N1,14
2966,2565,รถแทร็กเตอร์,KOMATSU,PC200LC-7,1
2967,2565,รถแทร็กเตอร์,KOMATSU,PC200LC-8M0(SLF),8
2968,2565,รถแทร็กเตอร์,KOMATSU,PC200LC-8N1,1
2969,2565,รถแทร็กเตอร์,KOMATSU,PC210-10M0,59
2970,2565,รถแทร็กเตอร์,KOMATSU,PC210LC-10M0,5
2971,2565,รถแทร็กเตอร์,KOMATSU,PC220LC-8N1,1
2972,2565,รถแทร็กเตอร์,KOMATSU,PC228US-3,1
2973,2565,รถแทร็กเตอร์,KOMATSU,PC228US-3N0,1
2974,2565,รถแทร็กเตอร์,KOMATSU,PC25R-8,1
2975,2565,รถแทร็กเตอร์,KOMATSU,PC28UU-2,1
2976,2565,รถแทร็กเตอร์,KOMATSU,PC30-6,1
2977,2565,รถแทร็กเตอร์,KOMATSU,PC30-7,1
2978,2565,รถแทร็กเตอร์,KOMATSU,PC300LC-6LC,1
2979,2565,รถแทร็กเตอร์,KOMATSU,PC30MR-2,3
2980,2565,รถแทร็กเตอร์,KOMATSU,PC30MR-3,38
2981,2565,รถแทร็กเตอร์,KOMATSU,PC350-8M0,7
2982,2565,รถแทร็กเตอร์,KOMATSU,PC35MR-2,1
2983,2565,รถแทร็กเตอร์,KOMATSU,PC40MR-1,1
2984,2565,รถแทร็กเตอร์,KOMATSU,PC40MR-1F,1
2985,2565,รถแทร็กเตอร์,KOMATSU,PC40MR-2,6
2986,2565,รถแทร็กเตอร์,KOMATSU,PC40MR-3,1
2987,2565,รถแทร็กเตอร์,KOMATSU,PC45-1,1
2988,2565,รถแทร็กเตอร์,KOMATSU,PC450LC-8R,1
2989,2565,รถแทร็กเตอร์,KOMATSU,PC45MR-3,23
2990,2565,รถแทร็กเตอร์,KOMATSU,PC500LC-10R,5
2991,2565,รถแทร็กเตอร์,KOMATSU,PC50MR-2,1
2992,2565,รถแทร็กเตอร์,KOMATSU,PC50US-6NO,1
2993,2565,รถแทร็กเตอร์,KOMATSU,PC50UU-2,1
2994,2565,รถแทร็กเตอร์,KOMATSU,PC50UU-2E,4
2995,2565,รถแทร็กเตอร์,KOMATSU,PC56-7,13
2996,2565,รถแทร็กเตอร์,KOMATSU,PC58UU-3E0,1
2997,2565,รถแทร็กเตอร์,KOMATSU,PC60-7,12
2998,2565,รถแทร็กเตอร์,KOMATSU,PC60-7C,1
2999,2565,รถแทร็กเตอร์,KOMATSU,PC60-7E,2
3000,2565,รถแทร็กเตอร์,KOMATSU,PC60-8,2
3001,2565,รถแทร็กเตอร์,KOMATSU,PC70,1
3002,2565,รถแทร็กเตอร์,KOMATSU,PC70-7,1
3003,2565,รถแทร็กเตอร์,KOMATSU,PC70-8,74
3004,2565,รถแทร็กเตอร์,KOMATSU,PC78US-10,1
3005,2565,รถแทร็กเตอร์,KOMATSU,PC78US-6,1
3006,2565,รถแทร็กเตอร์,KOMATSU,PC78US-6N0,2
3007,2565,รถแทร็กเตอร์,KOMATSU,PC78US-6NO,2
3008,2565,รถแทร็กเตอร์,KOMATSU,PC78US-8,10
3009,2565,รถแทร็กเตอร์,KOMATSU,PC78UU-6,1
3010,2565,รถแทร็กเตอร์,KOMATSU,PW160-7,1
3011,2565,รถแทร็กเตอร์,KOMATSU,PW180-7K,1
3012,2565,รถแทร็กเตอร์,KOMATSU,WA100-3,2
3013,2565,รถแทร็กเตอร์,KOMATSU,WA100-3E,1
3014,2565,รถแทร็กเตอร์,KOMATSU,WA100-6,3
3015,2565,รถแทร็กเตอร์,KOMATSU,WA150-1,1
3016,2565,รถแทร็กเตอร์,KOMATSU,WA150-3,2
3017,2565,รถแทร็กเตอร์,KOMATSU,WA180,1
3018,2565,รถแทร็กเตอร์,KOMATSU,WA200-5,4
3019,2565,รถแทร็กเตอร์,KOMATSU,WA200-6,8
3020,2565,รถแทร็กเตอร์,KOMATSU,WA200-7,1
3021,2565,รถแทร็กเตอร์,KOMATSU,WA270-6,1
3022,2565,รถแทร็กเตอร์,KOMATSU,WA270-7,1
3023,2565,รถแทร็กเตอร์,KOMATSU,WA300-3,3
3024,2565,รถแทร็กเตอร์,KOMATSU,WA320-3A,1
3025,2565,รถแทร็กเตอร์,KOMATSU,WA320-5,5
3026,2565,รถแทร็กเตอร์,KOMATSU,WA320-6,6
3027,2565,รถแทร็กเตอร์,KOMATSU,WA320-7,4
3028,2565,รถแทร็กเตอร์,KOMATSU,WA320-8,1
3029,2565,รถแทร็กเตอร์,KOMATSU,WA350-3E,1
3030,2565,รถแทร็กเตอร์,KOMATSU,WA3501,1
3031,2565,รถแทร็กเตอร์,KOMATSU,WA380-3,2
3032,2565,รถแทร็กเตอร์,KOMATSU,WA380-3A,2
3033,2565,รถแทร็กเตอร์,KOMATSU,WA380-5,3
3034,2565,รถแทร็กเตอร์,KOMATSU,WA380-5T,1
3035,2565,รถแทร็กเตอร์,KOMATSU,WA380-6,9
3036,2565,รถแทร็กเตอร์,KOMATSU,WA380-7,6
3037,2565,รถแทร็กเตอร์,KOMATSU,WA380-8,1
3038,2565,รถแทร็กเตอร์,KOMATSU,WA380Z-6,2
3039,2565,รถแทร็กเตอร์,KOMATSU,WA40-3E,1
3040,2565,รถแทร็กเตอร์,KOMATSU,WA400-3E,1
3041,2565,รถแทร็กเตอร์,KOMATSU,WA430-6,1
3042,2565,รถแทร็กเตอร์,KOMATSU,WA470-5,1
3043,2565,รถแทร็กเตอร์,KOMATSU,WA470-6,1
3044,2565,รถแทร็กเตอร์,KOMATSU,WA470-6R,1
3045,2565,รถแทร็กเตอร์,KOMATSU,WA470-7,2
3046,2565,รถแทร็กเตอร์,KOMATSU,WA480-5,1
3047,2565,รถแทร็กเตอร์,KOMATSU,WA500-1,1
3048,2565,รถแทร็กเตอร์,KOMATSU,WA500-6,1
3049,2565,รถแทร็กเตอร์,KOMATSU,,7
3050,2565,รถแทร็กเตอร์,KUBOTA,-3C TH H NBK,1
3051,2565,รถแทร็กเตอร์,KUBOTA,91-3C TH H NBK,1
3052,2565,รถแทร็กเตอร์,KUBOTA,B2140,2
3053,2565,รถแทร็กเตอร์,KUBOTA,B2140D(6C517-11110),1
3054,2565,รถแทร็กเตอร์,KUBOTA,B2140SD (6C617-11100),517
3055,2565,รถแทร็กเตอร์,KUBOTA,B2140SD (6C617-11110),673
3056,2565,รถแทร็กเตอร์,KUBOTA,B2401DWO-USA,26
3057,2565,รถแทร็กเตอร์,KUBOTA,B2420D-THA,3
3058,2565,รถแทร็กเตอร์,KUBOTA,B2440,5
3059,2565,รถแทร็กเตอร์,KUBOTA,B2440D (6C527-11000),3
3060,2565,รถแทร็กเตอร์,KUBOTA,B2440SD (6C627-11000),1992
3061,2565,รถแทร็กเตอร์,KUBOTA,B2740SD (6C637-12000),1745
3062,2565,รถแทร็กเตอร์,KUBOTA,CB-105X (5T124-90000),181
3063,2565,รถแทร็กเตอร์,KUBOTA,CB-70G (5T078-91000),213
3064,2565,รถแทร็กเตอร์,KUBOTA,CB-93G-TH-K (5T127-90001),71
3065,2565,รถแทร็กเตอร์,KUBOTA,DC-105X(5T124-00000),435
3066,2565,รถแทร็กเตอร์,KUBOTA,DC-35-TH,8
3067,2565,รถแทร็กเตอร์,KUBOTA,DC-60 PLUS,3
3068,2565,รถแทร็กเตอร์,KUBOTA,DC-70 (5T079-10000),74
3069,2565,รถแทร็กเตอร์,KUBOTA,DC-70(5T078-10000),539
3070,2565,รถแทร็กเตอร์,KUBOTA,DC-70G,2
3071,2565,รถแทร็กเตอร์,KUBOTA,DC-93G-MM,3
3072,2565,รถแทร็กเตอร์,KUBOTA,DC-93G-TH-K (5T127-00001),372
3073,2565,รถแทร็กเตอร์,KUBOTA,DC-93H-TH (5T131-00000),1
3074,2565,รถแทร็กเตอร์,KUBOTA,DC-93H-TH-K (5T131-00001),38
3075,2565,รถแทร็กเตอร์,KUBOTA,DC-95GM,2
3076,2565,รถแทร็กเตอร์,KUBOTA,DC70G-1TH (5T277-10000),875
3077,2565,รถแทร็กเตอร์,KUBOTA,DC70H-1TH (5T276-10000),80
3078,2565,รถแทร็กเตอร์,KUBOTA,KH12FD,1
3079,2565,รถแทร็กเตอร์,KUBOTA,KX033-4,637
3080,2565,รถแทร็กเตอร์,KUBOTA,KX033-4 AC,839
3081,2565,รถแทร็กเตอร์,KUBOTA,KX080-3S,19
3082,2565,รถแทร็กเตอร์,KUBOTA,KX155-3SZ,4
3083,2565,รถแทร็กเตอร์,KUBOTA,KX161-3C AC,1
3084,2565,รถแทร็กเตอร์,KUBOTA,KX161-3C TH SPAC NBK,1
3085,2565,รถแทร็กเตอร์,KUBOTA,KX161-3S,1
3086,2565,รถแทร็กเตอร์,KUBOTA,KX161-3SZ,7
3087,2565,รถแทร็กเตอร์,KUBOTA,KX163-5,3
3088,2565,รถแทร็กเตอร์,KUBOTA,KX165-5,5
3089,2565,รถแทร็กเตอร์,KUBOTA,KX185-3,2
3090,2565,รถแทร็กเตอร์,KUBOTA,KX200-2,1
3091,2565,รถแทร็กเตอร์,KUBOTA,KX91-3C,1
3092,2565,รถแทร็กเตอร์,KUBOTA,KX91-3S2,3
3093,2565,รถแทร็กเตอร์,KUBOTA,KX91-3SX,7
3094,2565,รถแทร็กเตอร์,KUBOTA,KX91-3SX AC,15
3095,2565,รถแทร็กเตอร์,KUBOTA,L1-235,1
3096,2565,รถแทร็กเตอร์,KUBOTA,L3008DT,1
3097,2565,รถแทร็กเตอร์,KUBOTA,L3218DT,2
3098,2565,รถแทร็กเตอร์,KUBOTA,L3218DT (TC812-15100),5
3099,2565,รถแทร็กเตอร์,KUBOTA,L3218SP (TC872-15100),1896
3100,2565,รถแทร็กเตอร์,KUBOTA,L3408 4WD,1
3101,2565,รถแทร็กเตอร์,KUBOTA,L3408DI,1
3102,2565,รถแทร็กเตอร์,KUBOTA,L3408DT,14
3103,2565,รถแทร็กเตอร์,KUBOTA,L3608DT,7
3104,2565,รถแทร็กเตอร์,KUBOTA,L3608SP,3
3105,2565,รถแทร็กเตอร์,KUBOTA,L4018DT (TC822-15500),1
3106,2565,รถแทร็กเตอร์,KUBOTA,L4018DT(TC822-15100),14
3107,2565,รถแทร็กเตอร์,KUBOTA,L4018SP (TC882-15100),13192
3108,2565,รถแทร็กเตอร์,KUBOTA,L4018SP-VT (TC882-15500),806
3109,2565,รถแทร็กเตอร์,KUBOTA,L4508D,1
3110,2565,รถแทร็กเตอร์,KUBOTA,L4508DI,2
3111,2565,รถแทร็กเตอร์,KUBOTA,L4508DT,6
3112,2565,รถแทร็กเตอร์,KUBOTA,L4708DT,1
3113,2565,รถแทร็กเตอร์,KUBOTA,L4708SP,2
3114,2565,รถแทร็กเตอร์,KUBOTA,L5018DT,9
3115,2565,รถแทร็กเตอร์,KUBOTA,L5018DT (TC832-15100),18
3116,2565,รถแทร็กเตอร์,KUBOTA,L5018DT (TC832-15500),5
3117,2565,รถแทร็กเตอร์,KUBOTA,L5018DT(TC832-15500),1
3118,2565,รถแทร็กเตอร์,KUBOTA,L5018SP (TC892-15100),16367
3119,2565,รถแทร็กเตอร์,KUBOTA,L5018SP-SG (TC892-15103),234
3120,2565,รถแทร็กเตอร์,KUBOTA,L5018SP-VT (TC892-15500),1646
3121,2565,รถแทร็กเตอร์,KUBOTA,L5018SPVTSG (TC892-15503),173
3122,2565,รถแทร็กเตอร์,KUBOTA,M108S,339
3123,2565,รถแทร็กเตอร์,KUBOTA,M135X,16
3124,2565,รถแทร็กเตอร์,KUBOTA,M5000SUD,4
3125,2565,รถแทร็กเตอร์,KUBOTA,M6040SU,261
3126,2565,รถแทร็กเตอร์,KUBOTA,M6040SU HILUG,1
3127,2565,รถแทร็กเตอร์,KUBOTA,M6240SUH,1761
3128,2565,รถแทร็กเตอร์,KUBOTA,M7040,346
3129,2565,รถแทร็กเตอร์,KUBOTA,M7040DT,1
3130,2565,รถแทร็กเตอร์,KUBOTA,M7040DT-MM,1
3131,2565,รถแทร็กเตอร์,KUBOTA,M7508DTH,159
3132,2565,รถแทร็กเตอร์,KUBOTA,M8540,190
3133,2565,รถแทร็กเตอร์,KUBOTA,M8540DTH,1
3134,2565,รถแทร็กเตอร์,KUBOTA,M8808DTH,219
3135,2565,รถแทร็กเตอร์,KUBOTA,M9000DT,1
3136,2565,รถแทร็กเตอร์,KUBOTA,M9540,354
3137,2565,รถแทร็กเตอร์,KUBOTA,M9540DTH,8
3138,2565,รถแทร็กเตอร์,KUBOTA,M9540DTH-MM,1
3139,2565,รถแทร็กเตอร์,KUBOTA,M9808DTH,380
3140,2565,รถแทร็กเตอร์,KUBOTA,MU4902DT (TE012-15000),1573
3141,2565,รถแทร็กเตอร์,KUBOTA,MU5501DT THAI,1
3142,2565,รถแทร็กเตอร์,KUBOTA,MU5702DT (TE022-15000),1190
3143,2565,รถแทร็กเตอร์,KUBOTA,R430M,10
3144,2565,รถแทร็กเตอร์,KUBOTA,RA401,1
3145,2565,รถแทร็กเตอร์,KUBOTA,U-40-3S,1
3146,2565,รถแทร็กเตอร์,KUBOTA,U-50-3S,1
3147,2565,รถแทร็กเตอร์,KUBOTA,U15-3,4
3148,2565,รถแทร็กเตอร์,KUBOTA,U17,105
3149,2565,รถแทร็กเตอร์,KUBOTA,U30-3,1
3150,2565,รถแทร็กเตอร์,KUBOTA,U35-6,2
3151,2565,รถแทร็กเตอร์,KUBOTA,U35-6HX,1
3152,2565,รถแทร็กเตอร์,KUBOTA,U36-6,41
3153,2565,รถแทร็กเตอร์,KUBOTA,U36-6 AC,37
3154,2565,รถแทร็กเตอร์,KUBOTA,U55-6,53
3155,2565,รถแทร็กเตอร์,KUBOTA,U55-6 AC,450
3156,2565,รถแทร็กเตอร์,KUBOTA,,4
3157,2565,รถแทร็กเตอร์,LEVO,930,1
3158,2565,รถแทร็กเตอร์,LEVO,TT,2
3159,2565,รถแทร็กเตอร์,LIEBHERR,R920,1
3160,2565,รถแทร็กเตอร์,LIUGONG,CLG416,2
3161,2565,รถแทร็กเตอร์,LIUGONG,CLG4215D,3
3162,2565,รถแทร็กเตอร์,LIUGONG,CLG764A,1
3163,2565,รถแทร็กเตอร์,LIUGONG,CLG816C,5
3164,2565,รถแทร็กเตอร์,LIUGONG,CLG825C,1
3165,2565,รถแทร็กเตอร์,LIUGONG,CLG835H,8
3166,2565,รถแทร็กเตอร์,LIUGONG,CLG856,2
3167,2565,รถแทร็กเตอร์,LIUGONG,CLG856H,3
3168,2565,รถแทร็กเตอร์,LIUGONG,CLG870H,1
3169,2565,รถแทร็กเตอร์,LIUGONG,CLG9035E,2
3170,2565,รถแทร็กเตอร์,LIUGONG,CLG906E,2
3171,2565,รถแทร็กเตอร์,LIUGONG,CLG913E,3
3172,2565,รถแทร็กเตอร์,LIUGONG,CLG915E,4
3173,2565,รถแทร็กเตอร์,LIUGONG,CLG920D,6
3174,2565,รถแทร็กเตอร์,LIUGONG,CLG920E,3
3175,2565,รถแทร็กเตอร์,LIUGONG,CLG922D,1
3176,2565,รถแทร็กเตอร์,LIUGONG,CLG922E,3
3177,2565,รถแทร็กเตอร์,LIUGONG,CLG925E,1
3178,2565,รถแทร็กเตอร์,LIUGONG,CLG933E,3
3179,2565,รถแทร็กเตอร์,LIUGONG,CLG936E,1
3180,2565,รถแทร็กเตอร์,LIUGONG,CLGB161CR,1
3181,2565,รถแทร็กเตอร์,LIUGONG,CLGB230,1
3182,2565,รถแทร็กเตอร์,LIUGONG,ZL50CN,2
3183,2565,รถแทร็กเตอร์,LONKING,CDM816D,2
3184,2565,รถแทร็กเตอร์,LOVOL,AF100,1
3185,2565,รถแทร็กเตอร์,LOVOL,AF100G,2
3186,2565,รถแทร็กเตอร์,LOVOL,EURO 110,15
3187,2565,รถแทร็กเตอร์,LOVOL,EURO LM854,3
3188,2565,รถแทร็กเตอร์,LOVOL,EURO TB,32
3189,2565,รถแทร็กเตอร์,LOVOL,EURO TD,14
3190,2565,รถแทร็กเตอร์,LOVOL,EURO TE,8
3191,2565,รถแทร็กเตอร์,LOVOL,EURO TH,10
3192,2565,รถแทร็กเตอร์,LOVOL,FL926F,1
3193,2565,รถแทร็กเตอร์,LOVOL,FR220D,1
3194,2565,รถแทร็กเตอร์,LOVOL,FR60E,1
3195,2565,รถแทร็กเตอร์,LUGONG,932,1
3196,2565,รถแทร็กเตอร์,LUGONG,LG932,1
3197,2565,รถแทร็กเตอร์,LUYU,936FN,1
3198,2565,รถแทร็กเตอร์,LUYU,ZL936FN,2
3199,2565,รถแทร็กเตอร์,MASSEY FERGUSON,MF2635,1
3200,2565,รถแทร็กเตอร์,MASSEY FERGUSON,MF455,4
3201,2565,รถแทร็กเตอร์,MASSEY FERGUSON,MF455 Xtra,1
3202,2565,รถแทร็กเตอร์,MASSEY FERGUSON,MF455 Xtra Cab,1
3203,2565,รถแทร็กเตอร์,MASSEY FERGUSON,MF470 Xtra,2
3204,2565,รถแทร็กเตอร์,MASSEY FERGUSON,MF4707 NO CAB,5
3205,2565,รถแทร็กเตอร์,MASSEY FERGUSON,MF4707 NON CAB,5
3206,2565,รถแทร็กเตอร์,MASSEY FERGUSON,MF4708,1
3207,2565,รถแทร็กเตอร์,MASSEY FERGUSON,MF4708 NON CAB,12
3208,2565,รถแทร็กเตอร์,MASSEY FERGUSON,MF480 Xtra Cab,1
3209,2565,รถแทร็กเตอร์,MASSEY FERGUSON,MF5710 CAB,1
3210,2565,รถแทร็กเตอร์,MASSEY FERGUSON,MF5710 NON CAB,4
3211,2565,รถแทร็กเตอร์,MASSEY FERGUSON,MF5710CAB,2
3212,2565,รถแทร็กเตอร์,MASSEY FERGUSON,MF6712CAB,1
3213,2565,รถแทร็กเตอร์,MASSEY FERGUSON,MF6713CAB,1
3214,2565,รถแทร็กเตอร์,MAX,932AL,1
3215,2565,รถแทร็กเตอร์,MAX,940A,1
3216,2565,รถแทร็กเตอร์,MITSUBISHI,GX3600,1
3217,2565,รถแทร็กเตอร์,MITSUBISHI,MF61WD,2
3218,2565,รถแทร็กเตอร์,MITSUBISHI,MM40SR-3,1
3219,2565,รถแทร็กเตอร์,MST,SB902,3
3220,2565,รถแทร็กเตอร์,MULTIONE,GT950,3
3221,2565,รถแทร็กเตอร์,MYZG,ZL-930,1
3222,2565,รถแทร็กเตอร์,NEWHOLLAND,5610S,5
3223,2565,รถแทร็กเตอร์,NEWHOLLAND,5640,1
3224,2565,รถแทร็กเตอร์,NEWHOLLAND,5640 4WD,1
3225,2565,รถแทร็กเตอร์,NEWHOLLAND,6070,1
3226,2565,รถแทร็กเตอร์,NEWHOLLAND,6610,2
3227,2565,รถแทร็กเตอร์,NEWHOLLAND,6610S,18
3228,2565,รถแทร็กเตอร์,NEWHOLLAND,6640,15
3229,2565,รถแทร็กเตอร์,NEWHOLLAND,7060,1
3230,2565,รถแทร็กเตอร์,NEWHOLLAND,7610,2
3231,2565,รถแทร็กเตอร์,NEWHOLLAND,7610S,42
3232,2565,รถแทร็กเตอร์,NEWHOLLAND,7630,1
3233,2565,รถแทร็กเตอร์,NEWHOLLAND,7740,20
3234,2565,รถแทร็กเตอร์,NEWHOLLAND,7740 4WD,1
3235,2565,รถแทร็กเตอร์,NEWHOLLAND,7740S,1
3236,2565,รถแทร็กเตอร์,NEWHOLLAND,7740SL,1
3237,2565,รถแทร็กเตอร์,NEWHOLLAND,7810S 4WD,1
3238,2565,รถแทร็กเตอร์,NEWHOLLAND,7840,29
3239,2565,รถแทร็กเตอร์,NEWHOLLAND,7840 4WD,1
3240,2565,รถแทร็กเตอร์,NEWHOLLAND,8030 4WD,2
3241,2565,รถแทร็กเตอร์,NEWHOLLAND,8160,3
3242,2565,รถแทร็กเตอร์,NEWHOLLAND,8240,1
3243,2565,รถแทร็กเตอร์,NEWHOLLAND,8340,7
3244,2565,รถแทร็กเตอร์,NEWHOLLAND,8360,1
3245,2565,รถแทร็กเตอร์,NEWHOLLAND,AT6610,9
3246,2565,รถแทร็กเตอร์,NEWHOLLAND,ATS 120,1
3247,2565,รถแทร็กเตอร์,NEWHOLLAND,ATS130,1
3248,2565,รถแทร็กเตอร์,NEWHOLLAND,B90B,10
3249,2565,รถแทร็กเตอร์,NEWHOLLAND,E135SR-1ES,1
3250,2565,รถแทร็กเตอร์,NEWHOLLAND,L85,1
3251,2565,รถแทร็กเตอร์,NEWHOLLAND,M100,2
3252,2565,รถแทร็กเตอร์,NEWHOLLAND,M100DT,1
3253,2565,รถแทร็กเตอร์,NEWHOLLAND,M135,2
3254,2565,รถแทร็กเตอร์,NEWHOLLAND,T5060,6
3255,2565,รถแทร็กเตอร์,NEWHOLLAND,T6.155,2
3256,2565,รถแทร็กเตอร์,NEWHOLLAND,T6.160,1
3257,2565,รถแทร็กเตอร์,NEWHOLLAND,T6020,4
3258,2565,รถแทร็กเตอร์,NEWHOLLAND,T6030,1
3259,2565,รถแทร็กเตอร์,NEWHOLLAND,T6050,10
3260,2565,รถแทร็กเตอร์,NEWHOLLAND,T6070,7
3261,2565,รถแทร็กเตอร์,NEWHOLLAND,T6080,3
3262,2565,รถแทร็กเตอร์,NEWHOLLAND,T6090,14
3263,2565,รถแทร็กเตอร์,NEWHOLLAND,T7.200,3
3264,2565,รถแทร็กเตอร์,NEWHOLLAND,T7.210,2
3265,2565,รถแทร็กเตอร์,NEWHOLLAND,T7.220,1
3266,2565,รถแทร็กเตอร์,NEWHOLLAND,T7.250,2
3267,2565,รถแทร็กเตอร์,NEWHOLLAND,T7.260,2
3268,2565,รถแทร็กเตอร์,NEWHOLLAND,T7030,4
3269,2565,รถแทร็กเตอร์,NEWHOLLAND,T7040,4
3270,2565,รถแทร็กเตอร์,NEWHOLLAND,T7050,8
3271,2565,รถแทร็กเตอร์,NEWHOLLAND,T7060,4
3272,2565,รถแทร็กเตอร์,NEWHOLLAND,TB110,1
3273,2565,รถแทร็กเตอร์,NEWHOLLAND,TC38R,12
3274,2565,รถแทร็กเตอร์,NEWHOLLAND,TC48R,43
3275,2565,รถแทร็กเตอร์,NEWHOLLAND,TD 95 D,1
3276,2565,รถแทร็กเตอร์,NEWHOLLAND,TD5.100,2
3277,2565,รถแทร็กเตอร์,NEWHOLLAND,TD5.110,56
3278,2565,รถแทร็กเตอร์,NEWHOLLAND,TD90,2
3279,2565,รถแทร็กเตอร์,NEWHOLLAND,TD95D PLUS,4
3280,2565,รถแทร็กเตอร์,NEWHOLLAND,TM 125,1
3281,2565,รถแทร็กเตอร์,NEWHOLLAND,TM115,7
3282,2565,รถแทร็กเตอร์,NEWHOLLAND,TM120,18
3283,2565,รถแทร็กเตอร์,NEWHOLLAND,TM125,5
3284,2565,รถแทร็กเตอร์,NEWHOLLAND,TM130,3
3285,2565,รถแทร็กเตอร์,NEWHOLLAND,TM135,5
3286,2565,รถแทร็กเตอร์,NEWHOLLAND,TM140,1
3287,2565,รถแทร็กเตอร์,NEWHOLLAND,TM150,3
3288,2565,รถแทร็กเตอร์,NEWHOLLAND,TM155,4
3289,2565,รถแทร็กเตอร์,NEWHOLLAND,TM155 4WD,1
3290,2565,รถแทร็กเตอร์,NEWHOLLAND,TM165,3
3291,2565,รถแทร็กเตอร์,NEWHOLLAND,TM165 4WD,1
3292,2565,รถแทร็กเตอร์,NEWHOLLAND,TM175 4WD,1
3293,2565,รถแทร็กเตอร์,NEWHOLLAND,TM7020,1
3294,2565,รถแทร็กเตอร์,NEWHOLLAND,TS 100,1
3295,2565,รถแทร็กเตอร์,NEWHOLLAND,TS 125A,1
3296,2565,รถแทร็กเตอร์,NEWHOLLAND,TS 135A,1
3297,2565,รถแทร็กเตอร์,NEWHOLLAND,TS 6000,1
3298,2565,รถแทร็กเตอร์,NEWHOLLAND,TS100,12
3299,2565,รถแทร็กเตอร์,NEWHOLLAND,TS100A,3
3300,2565,รถแทร็กเตอร์,NEWHOLLAND,TS110,15
3301,2565,รถแทร็กเตอร์,NEWHOLLAND,TS110 4WD,1
3302,2565,รถแทร็กเตอร์,NEWHOLLAND,TS115,26
3303,2565,รถแทร็กเตอร์,NEWHOLLAND,TS115A,5
3304,2565,รถแทร็กเตอร์,NEWHOLLAND,TS120 4WD,1
3305,2565,รถแทร็กเตอร์,NEWHOLLAND,TS125A,2
3306,2565,รถแทร็กเตอร์,NEWHOLLAND,TS135A,3
3307,2565,รถแทร็กเตอร์,NEWHOLLAND,TS6.125,7
3308,2565,รถแทร็กเตอร์,NEWHOLLAND,TS6.140,12
3309,2565,รถแทร็กเตอร์,NEWHOLLAND,TS6000,5
3310,2565,รถแทร็กเตอร์,NEWHOLLAND,TS6020,9
3311,2565,รถแทร็กเตอร์,NEWHOLLAND,TS90,16
3312,2565,รถแทร็กเตอร์,NEWHOLLAND,TS90 4WD,1
3313,2565,รถแทร็กเตอร์,NEWHOLLAND,TS90 R2,3
3314,2565,รถแทร็กเตอร์,NEWHOLLAND,TSA 135,1
3315,2565,รถแทร็กเตอร์,NEWHOLLAND,TSA115,1
3316,2565,รถแทร็กเตอร์,NEWHOLLAND,TT2.50,62
3317,2565,รถแทร็กเตอร์,NEWHOLLAND,TT3.40,34
3318,2565,รถแทร็กเตอร์,NEWHOLLAND,TT3.50,232
3319,2565,รถแทร็กเตอร์,NEWHOLLAND,TT4.55,8
3320,2565,รถแทร็กเตอร์,NEWHOLLAND,TT4.65,73
3321,2565,รถแทร็กเตอร์,NEWHOLLAND,TT4.75,56
3322,2565,รถแทร็กเตอร์,NEWHOLLAND,TT4.90,32
3323,2565,รถแทร็กเตอร์,NEWHOLLAND,TT45,20
3324,2565,รถแทร็กเตอร์,NEWHOLLAND,TT55,1
3325,2565,รถแทร็กเตอร์,NEWHOLLAND,TT75,15
3326,2565,รถแทร็กเตอร์,NEWHOLLAND,,17
3327,2565,รถแทร็กเตอร์,NIPPON SHARYO,DH650ID,1
3328,2565,รถแทร็กเตอร์,NIPPON SHARYO,DH700D,1
3329,2565,รถแทร็กเตอร์,NIPPON SHARYO,DHJ-12-2,1
3330,2565,รถแทร็กเตอร์,NIPPON SHARYO,DHP-70,1
3331,2565,รถแทร็กเตอร์,NIPPON SHARYO,ED5500,3
3332,2565,รถแทร็กเตอร์,NIPPON SHARYO,ED5800H,1
3333,2565,รถแทร็กเตอร์,NIPPON SHARYO,ED6200H,1
3334,2565,รถแทร็กเตอร์,PAUS,TSL 9075,8
3335,2565,รถแทร็กเตอร์,Power Iron Bull,PB5060,3
3336,2565,รถแทร็กเตอร์,Power Iron Bull,PB5090,2
3337,2565,รถแทร็กเตอร์,POWER PAVERS,SF-1700,1
3338,2565,รถแทร็กเตอร์,POWERPLUS,PBL380S,1
3339,2565,รถแทร็กเตอร์,POWERPLUS,PP220E-XI,1
3340,2565,รถแทร็กเตอร์,RICH,946L,1
3341,2565,รถแทร็กเตอร์,RICH,JF910S,1
3342,2565,รถแทร็กเตอร์,ROADTEC,RX900-4L,1
3343,2565,รถแทร็กเตอร์,SAKAI,PM550-S,1
3344,2565,รถแทร็กเตอร์,SAKPATTANA,SS200,1
3345,2565,รถแทร็กเตอร์,SANDVIK,DX800,1
3346,2565,รถแทร็กเตอร์,SANY,SR205,2
3347,2565,รถแทร็กเตอร์,SANY,SW966K1,4
3348,2565,รถแทร็กเตอร์,SANY,SY135C,14
3349,2565,รถแทร็กเตอร์,SANY,SY155W,3
3350,2565,รถแทร็กเตอร์,SANY,SY200C,25
3351,2565,รถแทร็กเตอร์,SANY,SY205C,13
3352,2565,รถแทร็กเตอร์,SANY,SY215C,42
3353,2565,รถแทร็กเตอร์,SANY,SY235,1
3354,2565,รถแทร็กเตอร์,SANY,SY235C,1
3355,2565,รถแทร็กเตอร์,SANY,SY245H,3
3356,2565,รถแทร็กเตอร์,SANY,SY35C,1
3357,2565,รถแทร็กเตอร์,SANY,SY35U,20
3358,2565,รถแทร็กเตอร์,SANY,SY365H,2
3359,2565,รถแทร็กเตอร์,SANY,SY375H,2
3360,2565,รถแทร็กเตอร์,SANY,SY500H,1
3361,2565,รถแทร็กเตอร์,SANY,SY55C,8
3362,2565,รถแทร็กเตอร์,SANY,SY60C,2
3363,2565,รถแทร็กเตอร์,SANY,SY75C,5
3364,2565,รถแทร็กเตอร์,SANY,SYL956H5,8
3365,2565,รถแทร็กเตอร์,SANY,,1
3366,2565,รถแทร็กเตอร์,SATOH,,1
3367,2565,รถแทร็กเตอร์,SDLG,E660FL,2
3368,2565,รถแทร็กเตอร์,SDLG,G9220F,2
3369,2565,รถแทร็กเตอร์,SDLG,L958F,4
3370,2565,รถแทร็กเตอร์,SDLG,L968F,2
3371,2565,รถแทร็กเตอร์,SDLG,LG936L,4
3372,2565,รถแทร็กเตอร์,SDLG,LG936L SLR,3
3373,2565,รถแทร็กเตอร์,SDLG,LG938L,1
3374,2565,รถแทร็กเตอร์,SDLG,LG938L SLR,2
3375,2565,รถแทร็กเตอร์,SDLG,LG956L,1
3376,2565,รถแทร็กเตอร์,SEM,919,3
3377,2565,รถแทร็กเตอร์,SEM,SEM616B,1
3378,2565,รถแทร็กเตอร์,SEM,SEM636D,4
3379,2565,รถแทร็กเตอร์,SEM,SEM656D,4
3380,2565,รถแทร็กเตอร์,SEM,SEM919,1
3381,2565,รถแทร็กเตอร์,SHANTUI,L36-B3,2
3382,2565,รถแทร็กเตอร์,SHANTUI,SD16,1
3383,2565,รถแทร็กเตอร์,SHANTUI,SD16L,2
3384,2565,รถแทร็กเตอร์,SHANTUI,SE210W,1
3385,2565,รถแทร็กเตอร์,SHANTUI,SE60-9A,1
3386,2565,รถแทร็กเตอร์,SINOMACH CHANGLIN,937H,1
3387,2565,รถแทร็กเตอร์,SOLIS,SOLIS 110-4WD,27
3388,2565,รถแทร็กเตอร์,SOLIS,SOLIS 26-4WD,176
3389,2565,รถแทร็กเตอร์,SOLIS,SOLIS 90-4WD,32
3390,2565,รถแทร็กเตอร์,SOLIS,SOLIS WT-75-4WD,37
3391,2565,รถแทร็กเตอร์,SONALIKA,26,1
3392,2565,รถแทร็กเตอร์,SONALIKA,DI-75RX,1
3393,2565,รถแทร็กเตอร์,SONALIKA,DI-90RX,1
3394,2565,รถแทร็กเตอร์,SONALIKA,WORLDTRAC90RX,1
3395,2565,รถแทร็กเตอร์,SOOSAN,JD-1300E,1
3396,2565,รถแทร็กเตอร์,SUMITOMO,HA25W,1
3397,2565,รถแทร็กเตอร์,SUMITOMO,HA31W,1
3398,2565,รถแทร็กเตอร์,SUMITOMO,HA45W-5,1
3399,2565,รถแทร็กเตอร์,SUMITOMO,HA50W,3
3400,2565,รถแทร็กเตอร์,SUMITOMO,HA60C-5,1
3401,2565,รถแทร็กเตอร์,SUMITOMO,HA60C-7,2
3402,2565,รถแทร็กเตอร์,SUMITOMO,HA60C-8,4
3403,2565,รถแทร็กเตอร์,SUMITOMO,HA60W,1
3404,2565,รถแทร็กเตอร์,SUMITOMO,HA60W-3,2
3405,2565,รถแทร็กเตอร์,SUMITOMO,HA60W-5,10
3406,2565,รถแทร็กเตอร์,SUMITOMO,HA60W-7,26
3407,2565,รถแทร็กเตอร์,SUMITOMO,HA60W-7(TV),1
3408,2565,รถแทร็กเตอร์,SUMITOMO,HA60W-8,8
3409,2565,รถแทร็กเตอร์,SUMITOMO,HA90C-2,1
3410,2565,รถแทร็กเตอร์,SUMITOMO,HTP60W-2,1
3411,2565,รถแทร็กเตอร์,SUMITOMO,SH120-3,4
3412,2565,รถแทร็กเตอร์,SUMITOMO,SH120-5,11
3413,2565,รถแทร็กเตอร์,SUMITOMO,SH120-6,3
3414,2565,รถแทร็กเตอร์,SUMITOMO,SH130-5,1
3415,2565,รถแทร็กเตอร์,SUMITOMO,SH130-6,173
3416,2565,รถแทร็กเตอร์,SUMITOMO,SH200-3,1
3417,2565,รถแทร็กเตอร์,SUMITOMO,SH200-5,1
3418,2565,รถแทร็กเตอร์,SUMITOMO,SH200LC-3,1
3419,2565,รถแทร็กเตอร์,SUMITOMO,SH210-5,11
3420,2565,รถแทร็กเตอร์,SUMITOMO,SH210-6,34
3421,2565,รถแทร็กเตอร์,SUMITOMO,SH210F-5,1
3422,2565,รถแทร็กเตอร์,SUMITOMO,SH210F-6,140
3423,2565,รถแทร็กเตอร์,SUMITOMO,SH210LC-6LR,4
3424,2565,รถแทร็กเตอร์,SUMITOMO,SH240-5LR,2
3425,2565,รถแทร็กเตอร์,SUMITOMO,SH250-6,3
3426,2565,รถแทร็กเตอร์,SUMITOMO,SH250-6LR,1
3427,2565,รถแทร็กเตอร์,SUMITOMO,SH330LC-3B,1
3428,2565,รถแทร็กเตอร์,SUMITOMO,SH350LHD-6,1
3429,2565,รถแทร็กเตอร์,SUMITOMO,SH55U-2,1
3430,2565,รถแทร็กเตอร์,SUMITOMO,SH75-3B,1
3431,2565,รถแทร็กเตอร์,SUMITOMO,SH75X-3B,1
3432,2565,รถแทร็กเตอร์,SUMITOMO,SH80-6B,48
3433,2565,รถแทร็กเตอร์,SUMITOMO,,2
3434,2565,รถแทร็กเตอร์,SUNWARD,SWE150E,1
3435,2565,รถแทร็กเตอร์,SUNWARD,SWE210E,4
3436,2565,รถแทร็กเตอร์,SUNWARD,SWE70E,1
3437,2565,รถแทร็กเตอร์,SYZG,ZL932,1
3438,2565,รถแทร็กเตอร์,TAI SHAN,TSG904,1
3439,2565,รถแทร็กเตอร์,TALAYTHONG,DF-404,1
3440,2565,รถแทร็กเตอร์,TALAYTHONG,DF-554,3
3441,2565,รถแทร็กเตอร์,TCM,50BZ-3,1
3442,2565,รถแทร็กเตอร์,TCM,50BZ3,1
3443,2565,รถแทร็กเตอร์,TCM,835-2,1
3444,2565,รถแทร็กเตอร์,TCM,840,2
3445,2565,รถแทร็กเตอร์,TCM,840-2,1
3446,2565,รถแทร็กเตอร์,TCM,870-2,1
3447,2565,รถแทร็กเตอร์,TCM,E835,2
3448,2565,รถแทร็กเตอร์,TCM,L13-3,2
3449,2565,รถแทร็กเตอร์,TCM,L16,1
3450,2565,รถแทร็กเตอร์,TCM,L16-2,1
3451,2565,รถแทร็กเตอร์,TCM,L16-3,2
3452,2565,รถแทร็กเตอร์,TCM,L20-3,1
3453,2565,รถแทร็กเตอร์,TCM,L26,2
3454,2565,รถแทร็กเตอร์,TCM,L27,1
3455,2565,รถแทร็กเตอร์,TCM,L40-3,1
3456,2565,รถแทร็กเตอร์,TCM,ZW180,2
3457,2565,รถแทร็กเตอร์,TCM,ZW220,1
3458,2565,รถแทร็กเตอร์,TCM,ZW250,2
3459,2565,รถแทร็กเตอร์,TCM,ZW310-A,1
3460,2565,รถแทร็กเตอร์,THAISENGYONG,10HT,29
3461,2565,รถแทร็กเตอร์,THAISENGYONG,12HT,13
3462,2565,รถแทร็กเตอร์,TPM,SB1 3.0T,1
3463,2565,รถแทร็กเตอร์,TPM,SB1 3.5T,6
3464,2565,รถแทร็กเตอร์,TPM,SB1 4.5T,13
3465,2565,รถแทร็กเตอร์,TPM,SB1 5.0T,1
3466,2565,รถแทร็กเตอร์,TPM,SB1 5.5T,6
3467,2565,รถแทร็กเตอร์,TPM,SB1 6.0T,3
3468,2565,รถแทร็กเตอร์,TRHB,TRHB926-5,1
3469,2565,รถแทร็กเตอร์,VOGELE,08.83/SUPER 1803-2,1
3470,2565,รถแทร็กเตอร์,VOGELE,09.11/SUPER 1303-2,1
3471,2565,รถแทร็กเตอร์,VOGELE,S1800-3/AB600-3TV,1
3472,2565,รถแทร็กเตอร์,VOGELE,S1803-2,1
3473,2565,รถแทร็กเตอร์,VOGELE,SUPER 1600,1
3474,2565,รถแทร็กเตอร์,VOGELE,SUPER 1600-3i,1
3475,2565,รถแทร็กเตอร์,VOGELE,SUPER 1603-2,1
3476,2565,รถแทร็กเตอร์,VOGELE,SUPER 1800,1
3477,2565,รถแทร็กเตอร์,VOGELE,SUPER 1900,1
3478,2565,รถแทร็กเตอร์,VOGELE,SUPER1600-1,1
3479,2565,รถแทร็กเตอร์,VOGELE,SUPER1600-3,1
3480,2565,รถแทร็กเตอร์,VOGELE,SUPER1800-1,1
3481,2565,รถแทร็กเตอร์,VOGELE,SUPER1800-3,4
3482,2565,รถแทร็กเตอร์,VOGELE,SUPER1803-3,2
3483,2565,รถแทร็กเตอร์,VOGELE,,1
3484,2565,รถแทร็กเตอร์,VOLVO,EC 210B,11
3485,2565,รถแทร็กเตอร์,VOLVO,EC 210B PRIME,1
3486,2565,รถแทร็กเตอร์,VOLVO,EC140DL,1
3487,2565,รถแทร็กเตอร์,VOLVO,EC200D,24
3488,2565,รถแทร็กเตอร์,VOLVO,EC210B PRIME,1
3489,2565,รถแทร็กเตอร์,VOLVO,EC210D,13
3490,2565,รถแทร็กเตอร์,VOLVO,EC210DL,4
3491,2565,รถแทร็กเตอร์,VOLVO,EC210DLR,4
3492,2565,รถแทร็กเตอร์,VOLVO,EC220DL,3
3493,2565,รถแทร็กเตอร์,VOLVO,EC300DL,37
3494,2565,รถแทร็กเตอร์,VOLVO,EC350DL,4
3495,2565,รถแทร็กเตอร์,VOLVO,EC360BLC,1
3496,2565,รถแทร็กเตอร์,VOLVO,EC480DL,3
3497,2565,รถแทร็กเตอร์,VOLVO,EC55D,2
3498,2565,รถแทร็กเตอร์,VOLVO,EW145B,4
3499,2565,รถแทร็กเตอร์,VOLVO,EW205D,4
3500,2565,รถแทร็กเตอร์,VOLVO,L120F,4
3501,2565,รถแทร็กเตอร์,VOLVO,P6820D,2
3502,2565,รถแทร็กเตอร์,VOLVO,P6870C,1
3503,2565,รถแทร็กเตอร์,WATANABE,WP15,1
3504,2565,รถแทร็กเตอร์,WEICHAI LOVOL,EURO TD,1
3505,2565,รถแทร็กเตอร์,WEICHAI LOVOL,FL946H,2
3506,2565,รถแทร็กเตอร์,WEICHAI LOVOL,FL958H,6
3507,2565,รถแทร็กเตอร์,WEICHAI LOVOL,FLB468-II,1
3508,2565,รถแทร็กเตอร์,WEICHAI LOVOL,FR60E2-H,2
3509,2565,รถแทร็กเตอร์,WIRTGEN,2000DC,2
3510,2565,รถแทร็กเตอร์,WIRTGEN,2100DC,1
3511,2565,รถแทร็กเตอร์,WIRTGEN,4500RX,1
3512,2565,รถแทร็กเตอร์,WIRTGEN,HM 4500,2
3513,2565,รถแทร็กเตอร์,WIRTGEN,HM4500,4
3514,2565,รถแทร็กเตอร์,WIRTGEN,RX4500,2
3515,2565,รถแทร็กเตอร์,WIRTGEN,SP 64,2
3516,2565,รถแทร็กเตอร์,WIRTGEN,W1900,1
3517,2565,รถแทร็กเตอร์,WIRTGEN,W195,2
3518,2565,รถแทร็กเตอร์,WIRTGEN,W2000,2
3519,2565,รถแทร็กเตอร์,WIRTGEN,W210,1
3520,2565,รถแทร็กเตอร์,WIRTGEN,W2100,2
3521,2565,รถแทร็กเตอร์,WIRTGEN,W220,4
3522,2565,รถแทร็กเตอร์,WIRTGEN,W2200,9
3523,2565,รถแทร็กเตอร์,WIRTGEN,W250,2
3524,2565,รถแทร็กเตอร์,WIRTGEN,WR2000,1
3525,2565,รถแทร็กเตอร์,WIRTGEN,WR2400,1
3526,2565,รถแทร็กเตอร์,WIRTGEN,WR250,16
3527,2565,รถแทร็กเตอร์,WIRTGEN,WR2500,1
3528,2565,รถแทร็กเตอร์,WIRTGEN,WR2500S,7
3529,2565,รถแทร็กเตอร์,WORLD,105HP,1
3530,2565,รถแทร็กเตอร์,WORLD,110HP,2
3531,2565,รถแทร็กเตอร์,WORLD,115HP,6
3532,2565,รถแทร็กเตอร์,WORLD,145HP,1
3533,2565,รถแทร็กเตอร์,WORLD,45HP,7
3534,2565,รถแทร็กเตอร์,WORLD,4LZ-6.0P,3
3535,2565,รถแทร็กเตอร์,WORLD,50HP,5
3536,2565,รถแทร็กเตอร์,WORLD,90HP,4
3537,2565,รถแทร็กเตอร์,WORLD,WD454,1
3538,2565,รถแทร็กเตอร์,WORLD,WD704,3
3539,2565,รถแทร็กเตอร์,WUZHENG,MD704,1
3540,2565,รถแทร็กเตอร์,XCMG,GR2205,2
3541,2565,รถแทร็กเตอร์,XCMG,LW 280,2
3542,2565,รถแทร็กเตอร์,XCMG,LW 660K,1
3543,2565,รถแทร็กเตอร์,XCMG,LW156FV,4
3544,2565,รถแทร็กเตอร์,XCMG,LW186FV,1
3545,2565,รถแทร็กเตอร์,XCMG,LW200K,1
3546,2565,รถแทร็กเตอร์,XCMG,LW220K,2
3547,2565,รถแทร็กเตอร์,XCMG,LW330K,3
3548,2565,รถแทร็กเตอร์,XCMG,XC938TH,4
3549,2565,รถแทร็กเตอร์,XCMG,XC958EV,1
3550,2565,รถแทร็กเตอร์,XCMG,XC958TH,3
3551,2565,รถแทร็กเตอร์,XCMG,XC968TH,1
3552,2565,รถแทร็กเตอร์,XCMG,XE135B,5
3553,2565,รถแทร็กเตอร์,XCMG,XE135C,3
3554,2565,รถแทร็กเตอร์,XCMG,XE150WB,1
3555,2565,รถแทร็กเตอร์,XCMG,XE150WD,1
3556,2565,รถแทร็กเตอร์,XCMG,XE205D,6
3557,2565,รถแทร็กเตอร์,XCMG,XE215C,19
3558,2565,รถแทร็กเตอร์,XCMG,XE215CLL,2
3559,2565,รถแทร็กเตอร์,XCMG,XE35U,7
3560,2565,รถแทร็กเตอร์,XCMG,XE55DA,3
3561,2565,รถแทร็กเตอร์,XCMG,XE60DA,2
3562,2565,รถแทร็กเตอร์,XCMG,XE75DA,1
3563,2565,รถแทร็กเตอร์,XCMG,XG600E,1
3564,2565,รถแทร็กเตอร์,XCMG,XGC55,2
3565,2565,รถแทร็กเตอร์,XCMG,XZ200,1
3566,2565,รถแทร็กเตอร์,XCMG,XZ2200,1
3567,2565,รถแทร็กเตอร์,XCMG,XZ360E,1
3568,2565,รถแทร็กเตอร์,XCMG,ZL50G,1
3569,2565,รถแทร็กเตอร์,XCMG,,2
3570,2565,รถแทร็กเตอร์,XGMA,XG916H,1
3571,2565,รถแทร็กเตอร์,XGMA,XG925H,2
3572,2565,รถแทร็กเตอร์,XGMA,XG935H,3
3573,2565,รถแทร็กเตอร์,XGMA,XG958H,1
3574,2565,รถแทร็กเตอร์,YANMAR,AW70V,1
3575,2565,รถแทร็กเตอร์,YANMAR,AW82GV,43
3576,2565,รถแทร็กเตอร์,YANMAR,"AW82GV,RS-TH",3
3577,2565,รถแทร็กเตอร์,YANMAR,AW82V,16
3578,2565,รถแทร็กเตอร์,YANMAR,"AW82V,S-TH",9
3579,2565,รถแทร็กเตอร์,YANMAR,EF312T,1
3580,2565,รถแทร็กเตอร์,YANMAR,EF352T,7
3581,2565,รถแทร็กเตอร์,YANMAR,EF352TEX PQ,3
3582,2565,รถแทร็กเตอร์,YANMAR,EF352TLX PQ-1,1
3583,2565,รถแทร็กเตอร์,YANMAR,EF393T,850
3584,2565,รถแทร็กเตอร์,YANMAR,EF453T,3
3585,2565,รถแทร็กเตอร์,YANMAR,EF453T PQ,3
3586,2565,รถแทร็กเตอร์,YANMAR,EF453TLX PQ,4
3587,2565,รถแทร็กเตอร์,YANMAR,EF453TLX PQ-1,3
3588,2565,รถแทร็กเตอร์,YANMAR,EF494T,60
3589,2565,รถแทร็กเตอร์,YANMAR,EF514MU,9
3590,2565,รถแทร็กเตอร์,YANMAR,EF514T,196
3591,2565,รถแทร็กเตอร์,YANMAR,EF725T,133
3592,2565,รถแทร็กเตอร์,YANMAR,"HS2000,L",1
3593,2565,รถแทร็กเตอร์,YANMAR,SV100,1
3594,2565,รถแทร็กเตอร์,YANMAR,SV100-2B,2
3595,2565,รถแทร็กเตอร์,YANMAR,VIO17,21
3596,2565,รถแทร็กเตอร์,YANMAR,VIO17-1,24
3597,2565,รถแทร็กเตอร์,YANMAR,VIO23-6,12
3598,2565,รถแทร็กเตอร์,YANMAR,VIO30-2,2
3599,2565,รถแทร็กเตอร์,YANMAR,VIO30-6B,89
3600,2565,รถแทร็กเตอร์,YANMAR,VIO35-6B,465
3601,2565,รถแทร็กเตอร์,YANMAR,VIO50-6B,36
3602,2565,รถแทร็กเตอร์,YANMAR,VIO55-5B,1
3603,2565,รถแทร็กเตอร์,YANMAR,VIO55-6B,182
3604,2565,รถแทร็กเตอร์,YANMAR,VIO80,1
3605,2565,รถแทร็กเตอร์,YANMAR,VIO80-1,5
3606,2565,รถแทร็กเตอร์,YANMAR,YH1180,62
3607,2565,รถแทร็กเตอร์,YANMAR,YH700,99
3608,2565,รถแทร็กเตอร์,YANMAR,YH850,117
3609,2565,รถแทร็กเตอร์,YANMAR,YM351A,1117
3610,2565,รถแทร็กเตอร์,YANMAR,YM357A,931
3611,2565,รถแทร็กเตอร์,YANMAR,YM357A L1,1
3612,2565,รถแทร็กเตอร์,YANMAR,YR60D,5
3613,2565,รถแทร็กเตอร์,YANMAR,YR80D,13
3614,2565,รถแทร็กเตอร์,YANMAR,,2
3615,2565,รถแทร็กเตอร์,YTO,X804,1
3616,2565,รถแทร็กเตอร์,ZHU GONG,ZG-938,1
3617,2565,รถแทร็กเตอร์,ZOOMLION,FH100,35
3618,2565,รถแทร็กเตอร์,ZOOMLION,FH88,1
3619,2565,รถแทร็กเตอร์,ZOOMLION,PL60,12
3620,2565,รถแทร็กเตอร์,ZOOMLION,RC1104-A,1
3621,2565,รถแทร็กเตอร์,ZOOMLION,RK504-A,54
3622,2565,รถแทร็กเตอร์,ZOOMLION,ZE135E-10,4
3623,2565,รถแทร็กเตอร์,ZOOMLION,ZE215E,26
3624,2565,รถแทร็กเตอร์,ZOOMLION,ZE60E-10,27
3625,2565,รถแทร็กเตอร์,ZOOMLION,ZE75E-10,1
3626,2565,รถบดถนน,AMMANN,ARS122BS3,1
3627,2565,รถบดถนน,BITELLI,DTV65,1
3628,2565,รถบดถนน,BOMAG,BW120AD-3,1
3629,2565,รถบดถนน,BOMAG,BW138AC-5,1
3630,2565,รถบดถนน,BOMAG,BW174AD,1
3631,2565,รถบดถนน,BOMAG,BW202 AD-4,1
3632,2565,รถบดถนน,BOMAG,BW211 D-40 SL,30
3633,2565,รถบดถนน,BOMAG,BW211D-40,4
3634,2565,รถบดถนน,BOMAG,BW213D-3,1
3635,2565,รถบดถนน,BOMAG,BW213DH4,1
3636,2565,รถบดถนน,BOMAG,BW219D-4,2
3637,2565,รถบดถนน,BOMAG,BW219DH-3,2
3638,2565,รถบดถนน,BOMAG,BW219DH-4,2
3639,2565,รถบดถนน,BOMAG,BW220 D-5,2
3640,2565,รถบดถนน,BOMAG,BW226DH-4,3
3641,2565,รถบดถนน,BOMAG,BW255D-3,1
3642,2565,รถบดถนน,CASE,1107EX-PD,1
3643,2565,รถบดถนน,CASE,752EX,1
3644,2565,รถบดถนน,CATERPILLAR,815B,3
3645,2565,รถบดถนน,CATERPILLAR,CB54,4
3646,2565,รถบดถนน,CATERPILLAR,CP563D,1
3647,2565,รถบดถนน,CATERPILLAR,CS-563C,2
3648,2565,รถบดถนน,CATERPILLAR,CS11GC,23
3649,2565,รถบดถนน,CATERPILLAR,CS533E,10
3650,2565,รถบดถนน,CATERPILLAR,CS54B,14
3651,2565,รถบดถนน,CATERPILLAR,CS563,1
3652,2565,รถบดถนน,CATERPILLAR,CS74,1
3653,2565,รถบดถนน,CATERPILLAR,CS79B,1
3654,2565,รถบดถนน,CATERPILLAR,CW34,5
3655,2565,รถบดถนน,CATERPILLAR,PF290B,2
3656,2565,รถบดถนน,CATERPILLAR,,1
3657,2565,รถบดถนน,CUMMINS,TUCV-3.7T,1
3658,2565,รถบดถนน,CUMMINS,TUR-100C,2
3659,2565,รถบดถนน,DYNAPAC,CA-250D,5
3660,2565,รถบดถนน,DYNAPAC,CA250D,8
3661,2565,รถบดถนน,DYNAPAC,CA25D,9
3662,2565,รถบดถนน,DYNAPAC,CA30D,47
3663,2565,รถบดถนน,DYNAPAC,CA30T1,1
3664,2565,รถบดถนน,DYNAPAC,CA35D,5
3665,2565,รถบดถนน,DYNAPAC,CA362D,1
3666,2565,รถบดถนน,DYNAPAC,CA6000PD,1
3667,2565,รถบดถนน,DYNAPAC,CA610D,9
3668,2565,รถบดถนน,DYNAPAC,CA612D,1
3669,2565,รถบดถนน,DYNAPAC,CC1250,1
3670,2565,รถบดถนน,DYNAPAC,CC1400C VI,1
3671,2565,รถบดถนน,DYNAPAC,CC2200,7
3672,2565,รถบดถนน,DYNAPAC,CC224HF,2
3673,2565,รถบดถนน,DYNAPAC,CC232,1
3674,2565,รถบดถนน,DYNAPAC,CC3800,12
3675,2565,รถบดถนน,DYNAPAC,CC522VHF,1
3676,2565,รถบดถนน,DYNAPAC,CP201W,2
3677,2565,รถบดถนน,DYNAPAC,CP201WT,1
3678,2565,รถบดถนน,DYNAPAC,CP202W,2
3679,2565,รถบดถนน,DYNAPAC,CP205,1
3680,2565,รถบดถนน,DYNAPAC,CP275,14
3681,2565,รถบดถนน,DYNAPAC,CS12,1
3682,2565,รถบดถนน,DYNAPAC,CS125,1
3683,2565,รถบดถนน,DYNAPAC,CS14,1
3684,2565,รถบดถนน,DYNAPAC,RT205,3
3685,2565,รถบดถนน,DYNAPAC,,3
3686,2565,รถบดถนน,HAMM,3410,9
3687,2565,รถบดถนน,HAMM,3410P,1
3688,2565,รถบดถนน,HAMM,3520,2
3689,2565,รถบดถนน,HAMM,3520HT,2
3690,2565,รถบดถนน,HAMM,3625HT,4
3691,2565,รถบดถนน,HAMM,DV70VO,1
3692,2565,รถบดถนน,HAMM,DV90VV,1
3693,2565,รถบดถนน,HAMM,GRW280-10,2
3694,2565,รถบดถนน,HAMM,HD+120VV,1
3695,2565,รถบดถนน,HAMM,HD070V,1
3696,2565,รถบดถนน,HAMM,HD090V,1
3697,2565,รถบดถนน,HAMM,HD130,1
3698,2565,รถบดถนน,HAMM,HD90,1
3699,2565,รถบดถนน,HAMM,HD99,1
3700,2565,รถบดถนน,HAMM,HDO75V,1
3701,2565,รถบดถนน,HAMM,HDO90V,1
3702,2565,รถบดถนน,HITACHI,CP210,4
3703,2565,รถบดถนน,HITACHI,RT200W-C,1
3704,2565,รถบดถนน,HITACHI,RT200WT,1
3705,2565,รถบดถนน,HITACHI,RT200WT-C,1
3706,2565,รถบดถนน,HITACHI,RT205,6
3707,2565,รถบดถนน,HITACHI,,1
3708,2565,รถบดถนน,INGERSOLL-RAND,DD-90HF,1
3709,2565,รถบดถนน,INGERSOLL-RAND,DD90,1
3710,2565,รถบดถนน,JCB,116D,2
3711,2565,รถบดถนน,KAWASAKI,K12A,1
3712,2565,รถบดถนน,KAWASAKI,K20 II,1
3713,2565,รถบดถนน,KAWASAKI,K20-2,1
3714,2565,รถบดถนน,KAWASAKI,K20TA,1
3715,2565,รถบดถนน,KAWASAKI,KR20C,1
3716,2565,รถบดถนน,KAWASAKI,KR20D,4
3717,2565,รถบดถนน,KAWASAKI,,2
3718,2565,รถบดถนน,KOMATSU,JV40CW-5,1
3719,2565,รถบดถนน,KOMATSU,JW200,1
3720,2565,รถบดถนน,KOMATSU,JW210,1
3721,2565,รถบดถนน,LIUGONG,CLG610H,1
3722,2565,รถบดถนน,LIUGONG,CLG6120,1
3723,2565,รถบดถนน,LIUGONG,CLG626H,1
3724,2565,รถบดถนน,LIUGONG,CLG6611E,1
3725,2565,รถบดถนน,LIUGONG,CLG6620E,1
3726,2565,รถบดถนน,LUTONG,LTC204P,1
3727,2565,รถบดถนน,LUYANG,LTD210H,1
3728,2565,รถบดถนน,SAKAI,CV550D,1
3729,2565,รถบดถนน,SAKAI,R2,7
3730,2565,รถบดถนน,SAKAI,R2H,1
3731,2565,รถบดถนน,SAKAI,R2S,1
3732,2565,รถบดถนน,SAKAI,SV510D-1,1
3733,2565,รถบดถนน,SAKAI,SV512D-H,1
3734,2565,รถบดถนน,SAKAI,SV512TF-H,2
3735,2565,รถบดถนน,SAKAI,SV520D,23
3736,2565,รถบดถนน,SAKAI,SV520DF,22
3737,2565,รถบดถนน,SAKAI,SV520TF,7
3738,2565,รถบดถนน,SAKAI,SV521D,23
3739,2565,รถบดถนน,SAKAI,SV521DF,21
3740,2565,รถบดถนน,SAKAI,SV521TF,13
3741,2565,รถบดถนน,SAKAI,SV621D,2
3742,2565,รถบดถนน,SAKAI,SV700TF,3
3743,2565,รถบดถนน,SAKAI,SV900D-1,1
3744,2565,รถบดถนน,SAKAI,SV900DV,4
3745,2565,รถบดถนน,SAKAI,SW350,1
3746,2565,รถบดถนน,SAKAI,SW502S-1,1
3747,2565,รถบดถนน,SAKAI,SW60,1
3748,2565,รถบดถนน,SAKAI,SW650N,1
3749,2565,รถบดถนน,SAKAI,SW651,1
3750,2565,รถบดถนน,SAKAI,SW652-1,1
3751,2565,รถบดถนน,SAKAI,SW652H-1K,12
3752,2565,รถบดถนน,SAKAI,SW70C,1
3753,2565,รถบดถนน,SAKAI,SW750,2
3754,2565,รถบดถนน,SAKAI,SW800,5
3755,2565,รถบดถนน,SAKAI,SW850,7
3756,2565,รถบดถนน,SAKAI,SW850-2,1
3757,2565,รถบดถนน,SAKAI,SW850-II,1
3758,2565,รถบดถนน,SAKAI,SW900,2
3759,2565,รถบดถนน,SAKAI,SW990,1
3760,2565,รถบดถนน,SAKAI,T2,47
3761,2565,รถบดถนน,SAKAI,T2-1,4
3762,2565,รถบดถนน,SAKAI,T600,1
3763,2565,รถบดถนน,SAKAI,T600C,13
3764,2565,รถบดถนน,SAKAI,TS 7409,1
3765,2565,รถบดถนน,SAKAI,TS-150,2
3766,2565,รถบดถนน,SAKAI,TS150,5
3767,2565,รถบดถนน,SAKAI,TS160,1
3768,2565,รถบดถนน,SAKAI,TS200,47
3769,2565,รถบดถนน,SAKAI,TS7409,2
3770,2565,รถบดถนน,SAKAI,TW350-1,1
3771,2565,รถบดถนน,SAKAI,TW500,3
3772,2565,รถบดถนน,SAKAI,TW500W-1,1
3773,2565,รถบดถนน,SAKAI,TW502,1
3774,2565,รถบดถนน,SAKAI,TZ700,1
3775,2565,รถบดถนน,SAKAI,TZ701,2
3776,2565,รถบดถนน,SAKAI,TZ701-1,1
3777,2565,รถบดถนน,SAKAI,,3
3778,2565,รถบดถนน,SAMSUNG,SR15T,1
3779,2565,รถบดถนน,SANY,SSR120AC-8,1
3780,2565,รถบดถนน,SANY,SSR120C-10,3
3781,2565,รถบดถนน,SDLG,RC730,10
3782,2565,รถบดถนน,SUMITOMO,HN200WT,2
3783,2565,รถบดถนน,SUMITOMO,HN220WHH-2,1
3784,2565,รถบดถนน,UNIVERSAL TRACTOR,LRS1016,1
3785,2565,รถบดถนน,VOLVO,CR30,18
3786,2565,รถบดถนน,VOLVO,DD100,3
3787,2565,รถบดถนน,VOLVO,SD110,32
3788,2565,รถบดถนน,VOLVO,SD110B,1
3789,2565,รถบดถนน,WATANABE,WP15WE,3
3790,2565,รถบดถนน,XCMG,3Y153J,1
3791,2565,รถบดถนน,XCMG,XD103,1
3792,2565,รถบดถนน,XCMG,XH233J,1
3793,2565,รถบดถนน,XCMG,XH283J,1
3794,2565,รถบดถนน,XCMG,XP163,3
3795,2565,รถบดถนน,XCMG,XS113,3
3796,2565,รถบดถนน,XCMG,XS113E,5
3797,2565,รถบดถนน,XCMG,XS113EPD,2
3798,2565,รถบดถนน,XCMG,XS113PD,2
3799,2565,รถบดถนน,XCMG,XS122E,1
3800,2565,รถบดถนน,XCMG,XS123,4
3801,2565,รถบดถนน,XCMG,XS123H,2
3802,2565,รถบดถนน,XCMG,XS123PD,8
3803,2565,รถบดถนน,XCMG,XS203,1
3804,2565,รถบดถนน,XCMG,XS203PD,2
3805,2565,รถบดถนน,XCMG,XS263,1
3806,2565,รถบดถนน,XCMG,XS265,1
3807,2565,รถบดถนน,XCMG,XS265SPD,1
3808,2565,รถใช้ในงานเกษตรกรรม,ETAN4U,PS-2000,1
3809,2565,รถใช้ในงานเกษตรกรรม,KUBOTA,,1
3810,2565,รถใช้ในงานเกษตรกรรม,THAILAND,,6
3811,2565,รถใช้ในงานเกษตรกรรม,ไม่ระบุ,,8
3812,2565,รถพ่วง,ไม่ระบุ,12B02,1
3813,2565,รถพ่วง,ไม่ระบุ,ABBEY GTS,3
3814,2565,รถพ่วง,ไม่ระบุ,ACE,1
3815,2565,รถพ่วง,ไม่ระบุ,ACE JUBILEE,2
3816,2565,รถพ่วง,ไม่ระบุ,AIRSTREAM,2
3817,2565,รถพ่วง,ไม่ระบุ,AMARA 380/2,1
3818,2565,รถพ่วง,ไม่ระบุ,AMARA 520/4,1
3819,2565,รถพ่วง,ไม่ระบุ,AMARA 580/4,1
3820,2565,รถพ่วง,ไม่ระบุ,AURORA GTK,1
3821,2565,รถพ่วง,ไม่ระบุ,AVANTE 534,1
3822,2565,รถพ่วง,ไม่ระบุ,AVENTURA 318,1
3823,2565,รถพ่วง,ไม่ระบุ,AVONDALE,1
3824,2565,รถพ่วง,ไม่ระบุ,AVONDALE RIALTO,1
3825,2565,รถพ่วง,ไม่ระบุ,BAILEY,2
3826,2565,รถพ่วง,ไม่ระบุ,BAILEY DISCOVERY,1
3827,2565,รถพ่วง,ไม่ระบุ,BAILEY PAGEANT,4
3828,2565,รถพ่วง,ไม่ระบุ,BAILEY PAGEANT MOSELLE,1
3829,2565,รถพ่วง,ไม่ระบุ,BAILEY PEGASUS,2
3830,2565,รถพ่วง,ไม่ระบุ,BAILEY RANGER,1
3831,2565,รถพ่วง,ไม่ระบุ,BAILEY SENATOR,4
3832,2565,รถพ่วง,ไม่ระบุ,BAILEY UNICORN,2
3833,2565,รถพ่วง,ไม่ระบุ,BEAT BOAT U 15-18 FT,3
3834,2565,รถพ่วง,ไม่ระบุ,BEAT BOAT U 24 FT,1
3835,2565,รถพ่วง,ไม่ระบุ,BEAT BOAT V 10-14 FT,2
3836,2565,รถพ่วง,ไม่ระบุ,BEAT BOAT V 15-17 FT,7
3837,2565,รถพ่วง,ไม่ระบุ,BEAT BOAT V 15-19 FT,6
3838,2565,รถพ่วง,ไม่ระบุ,BEAT BOAT V 19-20 FT,16
3839,2565,รถพ่วง,ไม่ระบุ,BEAT BOAT V 21-24 FT,2
3840,2565,รถพ่วง,ไม่ระบุ,BEAT BOAT V 24-26 FT,3
3841,2565,รถพ่วง,ไม่ระบุ,BEAT DIRT BIKE JR,4
3842,2565,รถพ่วง,ไม่ระบุ,BEAT DIRT BIKE SR,13
3843,2565,รถพ่วง,ไม่ระบุ,BEAT DOUBLE BIKE,4
3844,2565,รถพ่วง,ไม่ระบุ,BEAT DOUBLE JETSKI,21
3845,2565,รถพ่วง,ไม่ระบุ,BEAT FARM 10X5 FT,7
3846,2565,รถพ่วง,ไม่ระบุ,BEAT FARM 6X4 FT,15
3847,2565,รถพ่วง,ไม่ระบุ,BEAT FARM 8X5 FT,17
3848,2565,รถพ่วง,ไม่ระบุ,BEAT FLAT BED 1.75X2.5 M,1
3849,2565,รถพ่วง,ไม่ระบุ,BEAT FLAT BED 175X350 CM,2
3850,2565,รถพ่วง,ไม่ระบุ,BEAT FLAT BED 2.5X4.7 M,1
3851,2565,รถพ่วง,ไม่ระบุ,BEAT FLATBED 175X350 CM,1
3852,2565,รถพ่วง,ไม่ระบุ,BEAT FLATBED L 175X470 CM,1
3853,2565,รถพ่วง,ไม่ระบุ,BEAT FLATBED L 175X620 CM,2
3854,2565,รถพ่วง,ไม่ระบุ,BEAT I SA WHITE,1
3855,2565,รถพ่วง,ไม่ระบุ,BEAT KIP GRAY LINE 44,1
3856,2565,รถพ่วง,ไม่ระบุ,BEAT QUATRIPLE BIKE,1
3857,2565,รถพ่วง,ไม่ระบุ,BEAT SHELTER,2
3858,2565,รถพ่วง,ไม่ระบุ,BEAT SINGLE ATV JR,1
3859,2565,รถพ่วง,ไม่ระบุ,BEAT SINGLE ATV SR,1
3860,2565,รถพ่วง,ไม่ระบุ,BEAT SINGLE BIKE,15
3861,2565,รถพ่วง,ไม่ระบุ,BEAT SINGLE JETSKI,17
3862,2565,รถพ่วง,ไม่ระบุ,BEAT SINGLE JETSKI SR,2
3863,2565,รถพ่วง,ไม่ระบุ,BEAT SIXTUPLE BIKE,1
3864,2565,รถพ่วง,ไม่ระบุ,BEAT SPORT I,3
3865,2565,รถพ่วง,ไม่ระบุ,BEAT SPORT II,1
3866,2565,รถพ่วง,ไม่ระบุ,BEAT TOY HAULER,2
3867,2565,รถพ่วง,ไม่ระบุ,BEAT TRANSPORTER 2.3X4.6,1
3868,2565,รถพ่วง,ไม่ระบุ,BEAT TRANSPORTER 6.2X2.1,1
3869,2565,รถพ่วง,ไม่ระบุ,BEAT TRANSPORTER 620X210M,1
3870,2565,รถพ่วง,ไม่ระบุ,BEAT TRANSPORTER II,1
3871,2565,รถพ่วง,ไม่ระบุ,BEAT TRANSPORTER II LED,6
3872,2565,รถพ่วง,ไม่ระบุ,BEAT TRANSPORTER IV 2,3
3873,2565,รถพ่วง,ไม่ระบุ,BEAT TRANSPORTER STD WIDE,2
3874,2565,รถพ่วง,ไม่ระบุ,BEAT TRICYCLE,8
3875,2565,รถพ่วง,ไม่ระบุ,BEAT WAGON 123X245 CM,1
3876,2565,รถพ่วง,ไม่ระบุ,BEAT WAGON 150X300 CM,1
3877,2565,รถพ่วง,ไม่ระบุ,BEAT WAGON 150X360 CM,1
3878,2565,รถพ่วง,ไม่ระบุ,BEAT WAGON SCG 150X300 CM,3
3879,2565,รถพ่วง,ไม่ระบุ,BESSACARR CAMEO,2
3880,2565,รถพ่วง,ไม่ระบุ,BOAT TRAILER,82
3881,2565,รถพ่วง,ไม่ระบุ,BOX VAN TRAILER,120
3882,2565,รถพ่วง,ไม่ระบุ,CAMEO 625GL,1
3883,2565,รถพ่วง,ไม่ระบุ,CAMPER,34
3884,2565,รถพ่วง,ไม่ระบุ,CARAVAN,16
3885,2565,รถพ่วง,ไม่ระบุ,CARLIGHT,1
3886,2565,รถพ่วง,ไม่ระบุ,CCMC-F04-2A-FTL,7
3887,2565,รถพ่วง,ไม่ระบุ,CCMC-F05-1A-FTL,8
3888,2565,รถพ่วง,ไม่ระบุ,CCMC-F06-1A-FTL,1
3889,2565,รถพ่วง,ไม่ระบุ,CCMC-F07-2A-FTL,1
3890,2565,รถพ่วง,ไม่ระบุ,CHALLENGER,1
3891,2565,รถพ่วง,ไม่ระบุ,CHARISMA 620,1
3892,2565,รถพ่วง,ไม่ระบุ,CLASSIC PHOENIX,3
3893,2565,รถพ่วง,ไม่ระบุ,COACHMAN,3
3894,2565,รถพ่วง,ไม่ระบุ,COACHMAN AMARA,2
3895,2565,รถพ่วง,ไม่ระบุ,COACHMAN PASTICHE,1
3896,2565,รถพ่วง,ไม่ระบุ,COMPASS,1
3897,2565,รถพ่วง,ไม่ระบุ,COMPASS OMEGA,1
3898,2565,รถพ่วง,ไม่ระบุ,CONQUEROR 645,1
3899,2565,รถพ่วง,ไม่ระบุ,CORONA 626,1
3900,2565,รถพ่วง,ไม่ระบุ,ELDDIS,5
3901,2565,รถพ่วง,ไม่ระบุ,ELDDIS ALFRESCO,1
3902,2565,รถพ่วง,ไม่ระบุ,ELDDIS BROADWAY,2
3903,2565,รถพ่วง,ไม่ระบุ,ELDDIS CRUSADER,1
3904,2565,รถพ่วง,ไม่ระบุ,ELDDIS ODYSSEY,1
3905,2565,รถพ่วง,ไม่ระบุ,GTS 217,1
3906,2565,รถพ่วง,ไม่ระบุ,LANDRANGER 6400EB,1
3907,2565,รถพ่วง,ไม่ระบุ,LUNAR,3
3908,2565,รถพ่วง,ไม่ระบุ,LUNAR CLUBMAN,1
3909,2565,รถพ่วง,ไม่ระบุ,LUNAR DELTA,2
3910,2565,รถพ่วง,ไม่ระบุ,LUNAR LEXON,1
3911,2565,รถพ่วง,ไม่ระบุ,MCK-MFT1,4
3912,2565,รถพ่วง,ไม่ระบุ,MCK-MFT2,12
3913,2565,รถพ่วง,ไม่ระบุ,MULTI A,1
3914,2565,รถพ่วง,ไม่ระบุ,ODYSSEY 505,1
3915,2565,รถพ่วง,ไม่ระบุ,OFF ROAD TRAILER,10
3916,2565,รถพ่วง,ไม่ระบุ,PAGEANT MOSELLE,1
3917,2565,รถพ่วง,ไม่ระบุ,PEGASUS 624,1
3918,2565,รถพ่วง,ไม่ระบุ,RANGER 500/5,1
3919,2565,รถพ่วง,ไม่ระบุ,RANGER GT60,1
3920,2565,รถพ่วง,ไม่ระบุ,SENATOR OKLAHOMA,1
3921,2565,รถพ่วง,ไม่ระบุ,SPECTRUM 535,1
3922,2565,รถพ่วง,ไม่ระบุ,SPRITE,3
3923,2565,รถพ่วง,ไม่ระบุ,SPRITE QUATTR,1
3924,2565,รถพ่วง,ไม่ระบุ,SPRITE QUATTRO,1
3925,2565,รถพ่วง,ไม่ระบุ,STERLING,1
3926,2565,รถพ่วง,ไม่ระบุ,STERLING EUROPA,4
3927,2565,รถพ่วง,ไม่ระบุ,STREAMLINER,4
3928,2565,รถพ่วง,ไม่ระบุ,SV TRAILER,14
3929,2565,รถพ่วง,ไม่ระบุ,SWIFT,7
3930,2565,รถพ่วง,ไม่ระบุ,SWIFT CHALLENGER,7
3931,2565,รถพ่วง,ไม่ระบุ,SWIFT CONQUEROR,1
3932,2565,รถพ่วง,ไม่ระบุ,TR0204,3
3933,2565,รถพ่วง,ไม่ระบุ,TR0505,1
3934,2565,รถพ่วง,ไม่ระบุ,TR0505B,2
3935,2565,รถพ่วง,ไม่ระบุ,UNICORN BARCELONA,1
3936,2565,รถพ่วง,ไม่ระบุ,UTILITY TRAILER,428
3937,2565,รถพ่วง,ไม่ระบุ,VIP 520/4,1
3938,2565,รถพ่วง,ไม่ระบุ,VIP 535/4,1
3939,2565,รถพ่วง,ไม่ระบุ,VOGUE GTS 418,1
3940,2565,รถพ่วง,ไม่ระบุ,,44
3941,2565,รถจักรยานยนต์สาธารณะ,GPX,ROCK Elegance,1
3942,2565,รถจักรยานยนต์สาธารณะ,H SEM,MOBILA G,2
3943,2565,รถจักรยานยนต์สาธารณะ,HONDA,CLICK125,20
3944,2565,รถจักรยานยนต์สาธารณะ,HONDA,CLICK125I,175
3945,2565,รถจักรยานยนต์สาธารณะ,HONDA,LEAD125,42
3946,2565,รถจักรยานยนต์สาธารณะ,HONDA,SCOOPY,18
3947,2565,รถจักรยานยนต์สาธารณะ,HONDA,SUPER CUB,1
3948,2565,รถจักรยานยนต์สาธารณะ,HONDA,WAVE110I,275
3949,2565,รถจักรยานยนต์สาธารณะ,HONDA,WAVE125I,430
3950,2565,รถจักรยานยนต์สาธารณะ,STAR 8,MINERVA,1
3951,2565,รถจักรยานยนต์สาธารณะ,STROM,GORILLA GRL-200L,1
3952,2565,รถจักรยานยนต์สาธารณะ,SUZUKI,FV115LE,4
3953,2565,รถจักรยานยนต์สาธารณะ,SUZUKI,GD110,1
3954,2565,รถจักรยานยนต์สาธารณะ,YAMAHA,Fazzio,2
3955,2565,รถจักรยานยนต์สาธารณะ,YAMAHA,FINN,85
3956,2565,รถจักรยานยนต์สาธารณะ,YAMAHA,FINO125,5
3957,2565,รถจักรยานยนต์สาธารณะ,YAMAHA,GRAND FILANO,22
3958,2565,รถจักรยานยนต์สาธารณะ,YAMAHA,GT125,8
