_id,ปี พ.ศ.,ประเภทรถ,ยี่ห้อ,รุ่น,จำนวน
1,2566,รถยนต์นั่งส่วนบุคคลไม่เกิน 7 คน,AION,AION Y PLUS,88
2,2566,รถยนต์นั่งส่วนบุคคลไม่เกิน 7 คน,ASTON MARTIN,DB11,1
3,2566,รถยนต์นั่งส่วนบุคคลไม่เกิน 7 คน,ASTON MARTIN,DB11 V12 COUPE,1
4,2566,รถยนต์นั่งส่วนบุคคลไม่เกิน 7 คน,ASTON MARTIN,DB11 V8 COUPE,3
5,2566,รถยนต์นั่งส่วนบุคคลไม่เกิน 7 คน,ASTON MARTIN,DBS SUPERLEGGERA VOLANTE,1
6,2566,รถยนต์นั่งส่วนบุคคลไม่เกิน 7 คน,ASTON MARTIN,V8 VANTAGE S COUPE,1
7,2566,รถยนต์นั่งส่วนบุคคลไม่เกิน 7 คน,ASTON MARTIN,VANQUISH COUPE,1
8,2566,รถยนต์นั่งส่วนบุคคลไม่เกิน 7 คน,ASTON MARTIN,VANTAGE COUPE,3
9,2566,รถยนต์นั่งส่วนบุคคลไม่เกิน 7 คน,ASTON MARTIN,VANTAGE F1 ROADSTER,1
10,2566,รถยนต์นั่งส่วนบุคคลไม่เกิน 7 คน,ASTON MARTIN,VANTAGE ROADSTER,1
11,2566,รถยนต์นั่งส่วนบุคคลไม่เกิน 7 คน,AUDI,A3 2.0TDI S LINE SALOON MANUAL,1
12,2566,รถยนต์นั่งส่วนบุคคลไม่เกิน 7 คน,AUDI,A3 SALOON 35 TFSI,1
13,2566,รถยนต์นั่งส่วนบุคคลไม่เกิน 7 คน,AUDI,A3 SB 35 TFSI S line,18
14,2566,รถยนต์นั่งส่วนบุคคลไม่เกิน 7 คน,AUDI,A4 40 TFSI S line,2
15,2566,รถยนต์นั่งส่วนบุคคลไม่เกิน 7 คน,AUDI,A4 40 TFSI S line IB,6
16,2566,รถยนต์นั่งส่วนบุคคลไม่เกิน 7 คน,AUDI,A4 AV 45 TFSI q S line BE,15
17,2566,รถยนต์นั่งส่วนบุคคลไม่เกิน 7 คน,AUDI,A4 AV 45 TFSI q S line IB,14
18,2566,รถยนต์นั่งส่วนบุคคลไม่เกิน 7 คน,AUDI,A4 BLACK EDITION 35 TFSI,1
19,2566,รถยนต์นั่งส่วนบุคคลไม่เกิน 7 คน,AUDI,A5 CP 40 TFSI S line,205
20,2566,รถยนต์นั่งส่วนบุคคลไม่เกิน 7 คน,AUDI,A5 CP 45 TFSI q S line BE,51
21,2566,รถยนต์นั่งส่วนบุคคลไม่เกิน 7 คน,AUDI,A5 SB 40 TFSI S line,216
22,2566,รถยนต์นั่งส่วนบุคคลไม่เกิน 7 คน,AUDI,A5 SB 45 TFSI q S line BE,37
23,2566,รถยนต์นั่งส่วนบุคคลไม่เกิน 7 คน,AUDI,A6 40 TFSI S line,15
24,2566,รถยนต์นั่งส่วนบุคคลไม่เกิน 7 คน,AUDI,A6 50 TFSI,1
25,2566,รถยนต์นั่งส่วนบุคคลไม่เกิน 7 คน,AUDI,A6 AV 45 TFSI q S line BE,4
26,2566,รถยนต์นั่งส่วนบุคคลไม่เกิน 7 คน,AUDI,A7 SB 45 TFSI,16
27,2566,รถยนต์นั่งส่วนบุคคลไม่เกิน 7 คน,AUDI,A7 SB 45 TFSI q,1
28,2566,รถยนต์นั่งส่วนบุคคลไม่เกิน 7 คน,AUDI,A7 SB 55 TFSI q S line,3
29,2566,รถยนต์นั่งส่วนบุคคลไม่เกิน 7 คน,AUDI,A8 L 55 TFSI q Pg S line,1
30,2566,รถยนต์นั่งส่วนบุคคลไม่เกิน 7 คน,AUDI,e-tron 55 q,7
31,2566,รถยนต์นั่งส่วนบุคคลไม่เกิน 7 คน,AUDI,e-tron GT quattro,1
32,2566,รถยนต์นั่งส่วนบุคคลไม่เกิน 7 คน,AUDI,e-tron GT quattro PF,22
33,2566,รถยนต์นั่งส่วนบุคคลไม่เกิน 7 คน,AUDI,e-tron SB 55 q S line,11
34,2566,รถยนต์นั่งส่วนบุคคลไม่เกิน 7 คน,AUDI,Q2 35 TFSI,2
35,2566,รถยนต์นั่งส่วนบุคคลไม่เกิน 7 คน,AUDI,Q3 35 TFSI S line,43
36,2566,รถยนต์นั่งส่วนบุคคลไม่เกิน 7 คน,AUDI,Q3 40 TFSI q S line BE,59
37,2566,รถยนต์นั่งส่วนบุคคลไม่เกิน 7 คน,AUDI,Q3 SB 35 TFSI S line,7
38,2566,รถยนต์นั่งส่วนบุคคลไม่เกิน 7 คน,AUDI,Q3 SB 40 TFSI q S line BE,73
39,2566,รถยนต์นั่งส่วนบุคคลไม่เกิน 7 คน,AUDI,Q3 SPORTBACK 35 TFSI S LINE,1
40,2566,รถยนต์นั่งส่วนบุคคลไม่เกิน 7 คน,AUDI,Q3 SPORTBACK BLACK EDITION 35,1
41,2566,รถยนต์นั่งส่วนบุคคลไม่เกิน 7 คน,AUDI,Q3 TECHNIK 35 TFSI,1
42,2566,รถยนต์นั่งส่วนบุคคลไม่เกิน 7 คน,AUDI,Q5 40 TDI q,1
43,2566,รถยนต์นั่งส่วนบุคคลไม่เกิน 7 คน,AUDI,Q5 45 TFSI q S line BE,1
44,2566,รถยนต์นั่งส่วนบุคคลไม่เกิน 7 คน,AUDI,Q5 55 TFSI e q S line,6
45,2566,รถยนต์นั่งส่วนบุคคลไม่เกิน 7 คน,AUDI,Q5 55 TFSI e q S line BE,24
46,2566,รถยนต์นั่งส่วนบุคคลไม่เกิน 7 คน,AUDI,Q5 SB 55 TFSIe q S lineBE,29
47,2566,รถยนต์นั่งส่วนบุคคลไม่เกิน 7 คน,AUDI,Q7 45 TDI q,1
48,2566,รถยนต์นั่งส่วนบุคคลไม่เกิน 7 คน,AUDI,Q7 45 TDI q S line,3
49,2566,รถยนต์นั่งส่วนบุคคลไม่เกิน 7 คน,AUDI,Q7 45 TFSI q S line,2
50,2566,รถยนต์นั่งส่วนบุคคลไม่เกิน 7 คน,AUDI,Q7 60 TFSI e q S line BE,8
51,2566,รถยนต์นั่งส่วนบุคคลไม่เกิน 7 คน,AUDI,Q8 55 TFSI q S line,1
52,2566,รถยนต์นั่งส่วนบุคคลไม่เกิน 7 คน,AUDI,Q8 60 TFSI e q S line BE,6
53,2566,รถยนต์นั่งส่วนบุคคลไม่เกิน 7 คน,AUDI,Q8 etron 55 q BE,3
54,2566,รถยนต์นั่งส่วนบุคคลไม่เกิน 7 คน,AUDI,R8 COUPE V10 PERFORMANCE,1
55,2566,รถยนต์นั่งส่วนบุคคลไม่เกิน 7 คน,AUDI,RS 3 Sportback quattro,4
56,2566,รถยนต์นั่งส่วนบุคคลไม่เกิน 7 คน,AUDI,RS 4 AV q,17
57,2566,รถยนต์นั่งส่วนบุคคลไม่เกิน 7 คน,AUDI,RS 5 Coupe quattro,20
58,2566,รถยนต์นั่งส่วนบุคคลไม่เกิน 7 คน,AUDI,RS 6 Avant quattro,8
59,2566,รถยนต์นั่งส่วนบุคคลไม่เกิน 7 คน,AUDI,RS 7 SB q performance,2
60,2566,รถยนต์นั่งส่วนบุคคลไม่เกิน 7 คน,AUDI,RS 7 Sportback quattro,3
61,2566,รถยนต์นั่งส่วนบุคคลไม่เกิน 7 คน,AUDI,RS e-tron GT quattro,3
62,2566,รถยนต์นั่งส่วนบุคคลไม่เกิน 7 คน,AUDI,RS Q3 Sportback quattro,13
63,2566,รถยนต์นั่งส่วนบุคคลไม่เกิน 7 คน,AUDI,RS Q8 q,2
64,2566,รถยนต์นั่งส่วนบุคคลไม่เกิน 7 คน,AUDI,RS Q8 TFSI QUATTRO,2
65,2566,รถยนต์นั่งส่วนบุคคลไม่เกิน 7 คน,AUDI,RS Q8 VORSPRUNG,1
66,2566,รถยนต์นั่งส่วนบุคคลไม่เกิน 7 คน,AUDI,RS3 SPORTBACK,1
67,2566,รถยนต์นั่งส่วนบุคคลไม่เกิน 7 คน,AUDI,S3 Sportback quattro,5
68,2566,รถยนต์นั่งส่วนบุคคลไม่เกิน 7 คน,AUDI,TT Coupe 45 TFSI q S line,148
69,2566,รถยนต์นั่งส่วนบุคคลไม่เกิน 7 คน,AUDI,TT Coupe Final Icon Black,57
70,2566,รถยนต์นั่งส่วนบุคคลไม่เกิน 7 คน,AUDI,TT RD 45 TFSI q S line,5
71,2566,รถยนต์นั่งส่วนบุคคลไม่เกิน 7 คน,AUDI,TT RD Final Icon Black,1
72,2566,รถยนต์นั่งส่วนบุคคลไม่เกิน 7 คน,AUDI,TT RS Coupe q,28
73,2566,รถยนต์นั่งส่วนบุคคลไม่เกิน 7 คน,AUDI,TT RS Heritage Edition,3
74,2566,รถยนต์นั่งส่วนบุคคลไม่เกิน 7 คน,AUDI,TTS Coupe q,1
75,2566,รถยนต์นั่งส่วนบุคคลไม่เกิน 7 คน,BENTLEY,BENTAYGA AZURE HYBRID,3
76,2566,รถยนต์นั่งส่วนบุคคลไม่เกิน 7 คน,BENTLEY,BENTAYGA EWB AZURE V8,1
77,2566,รถยนต์นั่งส่วนบุคคลไม่เกิน 7 คน,BENTLEY,BENTAYGA HYBRID,76
78,2566,รถยนต์นั่งส่วนบุคคลไม่เกิน 7 คน,BENTLEY,BENTAYGA V8,1
79,2566,รถยนต์นั่งส่วนบุคคลไม่เกิน 7 คน,BENTLEY,BENTAYGA V8 DIESEL,1
80,2566,รถยนต์นั่งส่วนบุคคลไม่เกิน 7 คน,BENTLEY,CONTINENTAL GT,1
81,2566,รถยนต์นั่งส่วนบุคคลไม่เกิน 7 คน,BENTLEY,CONTINENTAL GT V8,15
82,2566,รถยนต์นั่งส่วนบุคคลไม่เกิน 7 คน,BENTLEY,CONTINENTAL GTC V8,4
83,2566,รถยนต์นั่งส่วนบุคคลไม่เกิน 7 คน,BENTLEY,FLYING SPUR,1
84,2566,รถยนต์นั่งส่วนบุคคลไม่เกิน 7 คน,BENTLEY,FLYING SPUR AZURE HYBRID,6
85,2566,รถยนต์นั่งส่วนบุคคลไม่เกิน 7 คน,BENTLEY,FLYING SPUR HYBRID,42
86,2566,รถยนต์นั่งส่วนบุคคลไม่เกิน 7 คน,BENTLEY,FLYING SPUR MULLINER HYB,1
87,2566,รถยนต์นั่งส่วนบุคคลไม่เกิน 7 คน,BENTLEY,FLYING SPUR MULLINER HYBRID,5
88,2566,รถยนต์นั่งส่วนบุคคลไม่เกิน 7 คน,BENTLEY,FLYING SPUR V8,1
89,2566,รถยนต์นั่งส่วนบุคคลไม่เกิน 7 คน,BENTLEY,MULSANNE SPEED,1
90,2566,รถยนต์นั่งส่วนบุคคลไม่เกิน 7 คน,BLAVAL,EQ,4
91,2566,รถยนต์นั่งส่วนบุคคลไม่เกิน 7 คน,BLAVAL,FHV7-A,1
92,2566,รถยนต์นั่งส่วนบุคคลไม่เกิน 7 คน,BMW,118i M Sport,5
93,2566,รถยนต์นั่งส่วนบุคคลไม่เกิน 7 คน,BMW,218i Gran Coupe RHD,2
94,2566,รถยนต์นั่งส่วนบุคคลไม่เกิน 7 คน,BMW,220i Gran Coupe M Sport,1154
95,2566,รถยนต์นั่งส่วนบุคคลไม่เกิน 7 คน,BMW,220i Gran Coupe Sport,19
96,2566,รถยนต์นั่งส่วนบุคคลไม่เกิน 7 คน,BMW,320d,1
97,2566,รถยนต์นั่งส่วนบุคคลไม่เกิน 7 คน,BMW,320d GT Luxury,10
98,2566,รถยนต์นั่งส่วนบุคคลไม่เกิน 7 คน,BMW,320d GT M Sport,5
99,2566,รถยนต์นั่งส่วนบุคคลไม่เกิน 7 คน,BMW,320d GT Sport,11
100,2566,รถยนต์นั่งส่วนบุคคลไม่เกิน 7 คน,BMW,320d Limousine RHD,8
101,2566,รถยนต์นั่งส่วนบุคคลไม่เกิน 7 คน,BMW,320d Luxury,1
102,2566,รถยนต์นั่งส่วนบุคคลไม่เกิน 7 คน,BMW,320d M Sport,1287
103,2566,รถยนต์นั่งส่วนบุคคลไม่เกิน 7 คน,BMW,320d Sport,19
104,2566,รถยนต์นั่งส่วนบุคคลไม่เกิน 7 คน,BMW,320i Sport,1
105,2566,รถยนต์นั่งส่วนบุคคลไม่เกิน 7 คน,BMW,320I SPORT,1
106,2566,รถยนต์นั่งส่วนบุคคลไม่เกิน 7 คน,BMW,320Li,12
107,2566,รถยนต์นั่งส่วนบุคคลไม่เกิน 7 คน,BMW,320Li Limousine LWB RHD,106
108,2566,รถยนต์นั่งส่วนบุคคลไม่เกิน 7 คน,BMW,320Li Limousine RHD,37
109,2566,รถยนต์นั่งส่วนบุคคลไม่เกิน 7 คน,BMW,330e,2
110,2566,รถยนต์นั่งส่วนบุคคลไม่เกิน 7 คน,BMW,330e M Sport,1555
111,2566,รถยนต์นั่งส่วนบุคคลไม่เกิน 7 คน,BMW,330i Limousine RHD,3
112,2566,รถยนต์นั่งส่วนบุคคลไม่เกิน 7 คน,BMW,330Li,91
113,2566,รถยนต์นั่งส่วนบุคคลไม่เกิน 7 คน,BMW,330Li Limousine RHD,187
114,2566,รถยนต์นั่งส่วนบุคคลไม่เกิน 7 คน,BMW,420D COUPE RHD,1
115,2566,รถยนต์นั่งส่วนบุคคลไม่เกิน 7 คน,BMW,430i Cabrio RHD,49
116,2566,รถยนต์นั่งส่วนบุคคลไม่เกิน 7 คน,BMW,430i Coupe RHD,199
117,2566,รถยนต์นั่งส่วนบุคคลไม่เกิน 7 คน,BMW,520d M Sport,841
118,2566,รถยนต์นั่งส่วนบุคคลไม่เกิน 7 คน,BMW,520d Sport,17
119,2566,รถยนต์นั่งส่วนบุคคลไม่เกิน 7 คน,BMW,520I,1
120,2566,รถยนต์นั่งส่วนบุคคลไม่เกิน 7 คน,BMW,530e Elite,103
121,2566,รถยนต์นั่งส่วนบุคคลไม่เกิน 7 คน,BMW,530e Highline,3
122,2566,รถยนต์นั่งส่วนบุคคลไม่เกิน 7 คน,BMW,530e Luxury,104
123,2566,รถยนต์นั่งส่วนบุคคลไม่เกิน 7 คน,BMW,530e M Sport,772
124,2566,รถยนต์นั่งส่วนบุคคลไม่เกิน 7 คน,BMW,530i Limousine RHD,1
125,2566,รถยนต์นั่งส่วนบุคคลไม่เกิน 7 คน,BMW,530i Touring RHD,1
126,2566,รถยนต์นั่งส่วนบุคคลไม่เกิน 7 คน,BMW,630d Gran Turismo RHD,7
127,2566,รถยนต์นั่งส่วนบุคคลไม่เกิน 7 คน,BMW,630i Gran Turismo RHD,133
128,2566,รถยนต์นั่งส่วนบุคคลไม่เกิน 7 คน,BMW,630I COUPE RHD,1
129,2566,รถยนต์นั่งส่วนบุคคลไม่เกิน 7 คน,BMW,730Ld,2
130,2566,รถยนต์นั่งส่วนบุคคลไม่เกิน 7 คน,BMW,730Ld M Sport,38
131,2566,รถยนต์นั่งส่วนบุคคลไม่เกิน 7 คน,BMW,730Ld Pure Excellence,1
132,2566,รถยนต์นั่งส่วนบุคคลไม่เกิน 7 คน,BMW,740Le xDrive M Sport,1
133,2566,รถยนต์นั่งส่วนบุคคลไม่เกิน 7 คน,BMW,740Le xDrive Pure Excellence,1
134,2566,รถยนต์นั่งส่วนบุคคลไม่เกิน 7 คน,BMW,740Li Limousine RHD,1
135,2566,รถยนต์นั่งส่วนบุคคลไม่เกิน 7 คน,BMW,745Le xDrive M Sport,49
136,2566,รถยนต์นั่งส่วนบุคคลไม่เกิน 7 คน,BMW,750e xDrive M Sport,71
137,2566,รถยนต์นั่งส่วนบุคคลไม่เกิน 7 คน,BMW,840D XDRIVE COUPE,1
138,2566,รถยนต์นั่งส่วนบุคคลไม่เกิน 7 คน,BMW,840i M SPORT GRAN COUPE,1
139,2566,รถยนต์นั่งส่วนบุคคลไม่เกิน 7 คน,BMW,840I CONVERTIBLE,1
140,2566,รถยนต์นั่งส่วนบุคคลไม่เกิน 7 คน,BMW,ALPINA D3 S TOURING MILD,1
141,2566,รถยนต์นั่งส่วนบุคคลไม่เกิน 7 คน,BMW,i3s 94Ah RHD,2
142,2566,รถยนต์นั่งส่วนบุคคลไม่เกิน 7 คน,BMW,i4 eDrive35 Gran Coupe RH,67
143,2566,รถยนต์นั่งส่วนบุคคลไม่เกิน 7 คน,BMW,i4 eDrive40 Gran Coupe RH,3
144,2566,รถยนต์นั่งส่วนบุคคลไม่เกิน 7 คน,BMW,i4 M50 Gran Coupe RHD,27
145,2566,รถยนต์นั่งส่วนบุคคลไม่เกิน 7 คน,BMW,i5 eDrive40 RHD,1
146,2566,รถยนต์นั่งส่วนบุคคลไม่เกิน 7 คน,BMW,i5 M60 xDrive RHD,3
147,2566,รถยนต์นั่งส่วนบุคคลไม่เกิน 7 คน,BMW,i7 xDrive60 Limousine RHD,104
148,2566,รถยนต์นั่งส่วนบุคคลไม่เกิน 7 คน,BMW,i8 Roadster RHD,1
149,2566,รถยนต์นั่งส่วนบุคคลไม่เกิน 7 คน,BMW,iX xDrive40 RHD,381
150,2566,รถยนต์นั่งส่วนบุคคลไม่เกิน 7 คน,BMW,iX xDrive50 RHD,58
151,2566,รถยนต์นั่งส่วนบุคคลไม่เกิน 7 คน,BMW,iX3 M Sport RHD,753
152,2566,รถยนต์นั่งส่วนบุคคลไม่เกิน 7 คน,BMW,I8,1
153,2566,รถยนต์นั่งส่วนบุคคลไม่เกิน 7 คน,BMW,M2 Coupe RHD,1
154,2566,รถยนต์นั่งส่วนบุคคลไม่เกิน 7 คน,BMW,M2 Coupe RHD MX,14
155,2566,รถยนต์นั่งส่วนบุคคลไม่เกิน 7 คน,BMW,M2 COUPE,1
156,2566,รถยนต์นั่งส่วนบุคคลไม่เกิน 7 คน,BMW,M2 CS Coupe RHD,1
157,2566,รถยนต์นั่งส่วนบุคคลไม่เกิน 7 คน,BMW,M240i xDrive Coupe RHD MX,27
158,2566,รถยนต์นั่งส่วนบุคคลไม่เกิน 7 คน,BMW,M3 Competition Limousine,1
159,2566,รถยนต์นั่งส่วนบุคคลไม่เกิน 7 คน,BMW,M3 Competition M xDrive T,3
160,2566,รถยนต์นั่งส่วนบุคคลไม่เกิน 7 คน,BMW,M3 CS Limousine RHD,2
161,2566,รถยนต์นั่งส่วนบุคคลไม่เกิน 7 คน,BMW,M340i xDrive,127
162,2566,รถยนต์นั่งส่วนบุคคลไม่เกิน 7 คน,BMW,M4 Competition Coupe RHD,1
163,2566,รถยนต์นั่งส่วนบุคคลไม่เกิน 7 คน,BMW,M4 Competition M xDrive C,7
164,2566,รถยนต์นั่งส่วนบุคคลไม่เกิน 7 คน,BMW,M4 Coupe RHD,2
165,2566,รถยนต์นั่งส่วนบุคคลไม่เกิน 7 คน,BMW,M4 COMPETITION,1
166,2566,รถยนต์นั่งส่วนบุคคลไม่เกิน 7 คน,BMW,M4 COMPETITION COUPE,2
167,2566,รถยนต์นั่งส่วนบุคคลไม่เกิน 7 คน,BMW,M4 COMPETITION M XDRIVE COUPE,1
168,2566,รถยนต์นั่งส่วนบุคคลไม่เกิน 7 คน,BMW,M4 CSL,3
169,2566,รถยนต์นั่งส่วนบุคคลไม่เกิน 7 คน,BMW,M4 CSL Coupe RHD,4
170,2566,รถยนต์นั่งส่วนบุคคลไม่เกิน 7 คน,BMW,M440i xDrive Coupe RHD,7
171,2566,รถยนต์นั่งส่วนบุคคลไม่เกิน 7 คน,BMW,M5 CS Limousine RHD,1
172,2566,รถยนต์นั่งส่วนบุคคลไม่เกิน 7 คน,BMW,M5 Limousine RHD,3
173,2566,รถยนต์นั่งส่วนบุคคลไม่เกิน 7 คน,BMW,M760e xDrive,8
174,2566,รถยนต์นั่งส่วนบุคคลไม่เกิน 7 คน,BMW,M8 COMPETITION COUPE,1
175,2566,รถยนต์นั่งส่วนบุคคลไม่เกิน 7 คน,BMW,M8 Gran Coupe RHD,1
176,2566,รถยนต์นั่งส่วนบุคคลไม่เกิน 7 คน,BMW,M850i xDrive Coupe RHD,2
177,2566,รถยนต์นั่งส่วนบุคคลไม่เกิน 7 คน,BMW,X1 sDrive18d M Sport,1
178,2566,รถยนต์นั่งส่วนบุคคลไม่เกิน 7 คน,BMW,X1 sDrive18d xLine,18
179,2566,รถยนต์นั่งส่วนบุคคลไม่เกิน 7 คน,BMW,X1 sDrive18i,342
180,2566,รถยนต์นั่งส่วนบุคคลไม่เกิน 7 คน,BMW,X1 sDrive20d M Sport,785
181,2566,รถยนต์นั่งส่วนบุคคลไม่เกิน 7 คน,BMW,X1 sDrive20d xLine,909
182,2566,รถยนต์นั่งส่วนบุคคลไม่เกิน 7 คน,BMW,X1 sDrive20i M Sport,323
183,2566,รถยนต์นั่งส่วนบุคคลไม่เกิน 7 คน,BMW,X1 sDrive20i xLine,118
184,2566,รถยนต์นั่งส่วนบุคคลไม่เกิน 7 คน,BMW,X1 SDRIVE18I XLINE,3
185,2566,รถยนต์นั่งส่วนบุคคลไม่เกิน 7 คน,BMW,X1 SDRIVE20D XLINE,2
186,2566,รถยนต์นั่งส่วนบุคคลไม่เกิน 7 คน,BMW,X1 xDrive30e,110
187,2566,รถยนต์นั่งส่วนบุคคลไม่เกิน 7 คน,BMW,X2 sDrive20i RHD,8
188,2566,รถยนต์นั่งส่วนบุคคลไม่เกิน 7 คน,BMW,X3 xDrive20d Celebration Editi,1
189,2566,รถยนต์นั่งส่วนบุคคลไม่เกิน 7 คน,BMW,X3 xDrive20d Highline,1
190,2566,รถยนต์นั่งส่วนบุคคลไม่เกิน 7 คน,BMW,X3 xDrive20d M Sport,481
191,2566,รถยนต์นั่งส่วนบุคคลไม่เกิน 7 คน,BMW,X3 xDrive20d RHD,3
192,2566,รถยนต์นั่งส่วนบุคคลไม่เกิน 7 คน,BMW,X3 xDrive20d xLine,7
193,2566,รถยนต์นั่งส่วนบุคคลไม่เกิน 7 คน,BMW,X3 xDrive30e M Sport,425
194,2566,รถยนต์นั่งส่วนบุคคลไม่เกิน 7 คน,BMW,X3 xDrive30e xLine,14
195,2566,รถยนต์นั่งส่วนบุคคลไม่เกิน 7 คน,BMW,X3XDRIVE20D HIGHLINE,1
196,2566,รถยนต์นั่งส่วนบุคคลไม่เกิน 7 คน,BMW,X4 M COMPETITION V6 3.0L,1
197,2566,รถยนต์นั่งส่วนบุคคลไม่เกิน 7 คน,BMW,X4 M RHD,6
198,2566,รถยนต์นั่งส่วนบุคคลไม่เกิน 7 คน,BMW,X4 xDrive20d,1
199,2566,รถยนต์นั่งส่วนบุคคลไม่เกิน 7 คน,BMW,X4 xDrive20d M Sport,2
200,2566,รถยนต์นั่งส่วนบุคคลไม่เกิน 7 คน,BMW,X4 xDrive20d RHD,425
201,2566,รถยนต์นั่งส่วนบุคคลไม่เกิน 7 คน,BMW,X5 sDrive25d,1
202,2566,รถยนต์นั่งส่วนบุคคลไม่เกิน 7 คน,BMW,X5 sDrive25d Pure Experie,2
203,2566,รถยนต์นั่งส่วนบุคคลไม่เกิน 7 คน,BMW,X5 xDrive30d M Sport,423
204,2566,รถยนต์นั่งส่วนบุคคลไม่เกิน 7 คน,BMW,X5 xDrive30d RHD,9
205,2566,รถยนต์นั่งส่วนบุคคลไม่เกิน 7 คน,BMW,X5 xDrive30d xLine,2
206,2566,รถยนต์นั่งส่วนบุคคลไม่เกิน 7 คน,BMW,X5 xDrive40e M Sport,3
207,2566,รถยนต์นั่งส่วนบุคคลไม่เกิน 7 คน,BMW,X5 xDrive45e M Sport,389
208,2566,รถยนต์นั่งส่วนบุคคลไม่เกิน 7 คน,BMW,X5 xDrive50e RHD,2
209,2566,รถยนต์นั่งส่วนบุคคลไม่เกิน 7 คน,BMW,X6 xDrive30d RHD,1
210,2566,รถยนต์นั่งส่วนบุคคลไม่เกิน 7 คน,BMW,X6 xDrive40i M Sport,259
211,2566,รถยนต์นั่งส่วนบุคคลไม่เกิน 7 คน,BMW,X6 XDRIVE 3.0D,1
212,2566,รถยนต์นั่งส่วนบุคคลไม่เกิน 7 คน,BMW,X6 XDRIVE30D RHD,1
213,2566,รถยนต์นั่งส่วนบุคคลไม่เกิน 7 คน,BMW,X7 xDrive30d M Sport,22
214,2566,รถยนต์นั่งส่วนบุคคลไม่เกิน 7 คน,BMW,X7 xDrive40d M Sport,361
215,2566,รถยนต์นั่งส่วนบุคคลไม่เกิน 7 คน,BMW,Z4 M40i RHD,13
216,2566,รถยนต์นั่งส่วนบุคคลไม่เกิน 7 คน,BMW,Z4 M40i Roadster RHD,27
217,2566,รถยนต์นั่งส่วนบุคคลไม่เกิน 7 คน,BMW,Z4 sDrive30i RHD,85
218,2566,รถยนต์นั่งส่วนบุคคลไม่เกิน 7 คน,BYD,BYD ATTO 3,16836
219,2566,รถยนต์นั่งส่วนบุคคลไม่เกิน 7 คน,BYD,BYD ATTO 3 (410KM),2377
220,2566,รถยนต์นั่งส่วนบุคคลไม่เกิน 7 คน,BYD,BYD DOLPHIN EXD,3161
221,2566,รถยนต์นั่งส่วนบุคคลไม่เกิน 7 คน,BYD,BYD DOLPHIN STD,6248
222,2566,รถยนต์นั่งส่วนบุคคลไม่เกิน 7 คน,BYD,BYD SEAL EXD AWD,205
223,2566,รถยนต์นั่งส่วนบุคคลไม่เกิน 7 คน,BYD,BYD SEAL EXD RWD,1436
224,2566,รถยนต์นั่งส่วนบุคคลไม่เกิน 7 คน,BYD,BYD SEAL STD RWD,169
225,2566,รถยนต์นั่งส่วนบุคคลไม่เกิน 7 คน,BYD,DOLPHIN FREEDOM,1
226,2566,รถยนต์นั่งส่วนบุคคลไม่เกิน 7 คน,BYD,E6,33
227,2566,รถยนต์นั่งส่วนบุคคลไม่เกิน 7 คน,BYD,TANG EV,1
228,2566,รถยนต์นั่งส่วนบุคคลไม่เกิน 7 คน,CADILLAC,ESCALADE SPORT,1
229,2566,รถยนต์นั่งส่วนบุคคลไม่เกิน 7 คน,CHEVROLET,CAMARO CONVERTIBLE 2.0L,1
230,2566,รถยนต์นั่งส่วนบุคคลไม่เกิน 7 คน,CHEVROLET,CAPTIVA,18
231,2566,รถยนต์นั่งส่วนบุคคลไม่เกิน 7 คน,CHEVROLET,COLORADO,2
232,2566,รถยนต์นั่งส่วนบุคคลไม่เกิน 7 คน,CHEVROLET,COLORADO C-CAB,11
233,2566,รถยนต์นั่งส่วนบุคคลไม่เกิน 7 คน,CHEVROLET,COLORADO C-CAB TRAIL BOSS,2
234,2566,รถยนต์นั่งส่วนบุคคลไม่เกิน 7 คน,CHEVROLET,CORVETTE STINGRAY,1
235,2566,รถยนต์นั่งส่วนบุคคลไม่เกิน 7 คน,CHEVROLET,CORVETTE STINGRAY CONVERTIBLE,9
236,2566,รถยนต์นั่งส่วนบุคคลไม่เกิน 7 คน,CHEVROLET,CORVETTE STINGRAY COUPE,7
237,2566,รถยนต์นั่งส่วนบุคคลไม่เกิน 7 คน,CHEVROLET,CORVETTE STINGRAY COUPE 2LT,2
238,2566,รถยนต์นั่งส่วนบุคคลไม่เกิน 7 คน,CHEVROLET,CORVETTE STINGRAY COUPE 3LT,2
239,2566,รถยนต์นั่งส่วนบุคคลไม่เกิน 7 คน,CHEVROLET,CORVETTE STINGRAY RWD,1
240,2566,รถยนต์นั่งส่วนบุคคลไม่เกิน 7 คน,CHEVROLET,CRUZE,1
241,2566,รถยนต์นั่งส่วนบุคคลไม่เกิน 7 คน,CHEVROLET,TRAILBLAZER,5
242,2566,รถยนต์นั่งส่วนบุคคลไม่เกิน 7 คน,CITROEN,C5 X 1.6PHEV,1
243,2566,รถยนต์นั่งส่วนบุคคลไม่เกิน 7 คน,CITROEN,DS5 1.6,1
244,2566,รถยนต์นั่งส่วนบุคคลไม่เกิน 7 คน,DAIHATSU,COPEN 20TH ANNIVERSARY,4
245,2566,รถยนต์นั่งส่วนบุคคลไม่เกิน 7 คน,DAIHATSU,COPEN GR SPORT,4
246,2566,รถยนต์นั่งส่วนบุคคลไม่เกิน 7 คน,DAIHATSU,MOVE CANBUS,1
247,2566,รถยนต์นั่งส่วนบุคคลไม่เกิน 7 คน,DAIHATSU,MOVE CANBUS G MAKEUP LIMITED,2
248,2566,รถยนต์นั่งส่วนบุคคลไม่เกิน 7 คน,DAIHATSU,MOVE CANBUS G MAKEUP VS SAIII,1
249,2566,รถยนต์นั่งส่วนบุคคลไม่เกิน 7 คน,DAIHATSU,MOVE CANBUS STRIPES G TURBO,5
250,2566,รถยนต์นั่งส่วนบุคคลไม่เกิน 7 คน,DAIHATSU,MOVE CANBUS THEORY G TURBO,5
251,2566,รถยนต์นั่งส่วนบุคคลไม่เกิน 7 คน,DFM,GLORY580,1
252,2566,รถยนต์นั่งส่วนบุคคลไม่เกิน 7 คน,DFSK,EC36,8
253,2566,รถยนต์นั่งส่วนบุคคลไม่เกิน 7 คน,DFSK,GLORY 560,4
254,2566,รถยนต์นั่งส่วนบุคคลไม่เกิน 7 คน,DFSK,GLORY 580 I-AUTO,8
255,2566,รถยนต์นั่งส่วนบุคคลไม่เกิน 7 คน,DFSK,,1
256,2566,รถยนต์นั่งส่วนบุคคลไม่เกิน 7 คน,DODGE,RAM 1500,1
257,2566,รถยนต์นั่งส่วนบุคคลไม่เกิน 7 คน,FERRARI,296 GTB,13
258,2566,รถยนต์นั่งส่วนบุคคลไม่เกิน 7 คน,FERRARI,296 GTS,8
259,2566,รถยนต์นั่งส่วนบุคคลไม่เกิน 7 คน,FERRARI,488 PISTA,3
260,2566,รถยนต์นั่งส่วนบุคคลไม่เกิน 7 คน,FERRARI,488 PISTA SPIDER,2
261,2566,รถยนต์นั่งส่วนบุคคลไม่เกิน 7 คน,FERRARI,488 SPIDER,1
262,2566,รถยนต์นั่งส่วนบุคคลไม่เกิน 7 คน,FERRARI,812 COMPETIZIONE	,2
263,2566,รถยนต์นั่งส่วนบุคคลไม่เกิน 7 คน,FERRARI,812 GTS,2
264,2566,รถยนต์นั่งส่วนบุคคลไม่เกิน 7 คน,FERRARI,812 SUPERFAST,1
265,2566,รถยนต์นั่งส่วนบุคคลไม่เกิน 7 คน,FERRARI,F8 SPIDER,10
266,2566,รถยนต์นั่งส่วนบุคคลไม่เกิน 7 คน,FERRARI,F8 TRIBUTO,10
267,2566,รถยนต์นั่งส่วนบุคคลไม่เกิน 7 คน,FERRARI,PORTOFINO,2
268,2566,รถยนต์นั่งส่วนบุคคลไม่เกิน 7 คน,FERRARI,PORTOFINO M,9
269,2566,รถยนต์นั่งส่วนบุคคลไม่เกิน 7 คน,FERRARI,ROMA,16
270,2566,รถยนต์นั่งส่วนบุคคลไม่เกิน 7 คน,FERRARI,SF90 SPIDER,4
271,2566,รถยนต์นั่งส่วนบุคคลไม่เกิน 7 คน,FERRARI,SF90 STRADALE,9
272,2566,รถยนต์นั่งส่วนบุคคลไม่เกิน 7 คน,FIAT,500 ABARTH ELECTRIC HATCHBACK,1
273,2566,รถยนต์นั่งส่วนบุคคลไม่เกิน 7 คน,FIAT,500ELECTRIC HATCHBACK LA PRIMA,2
274,2566,รถยนต์นั่งส่วนบุคคลไม่เกิน 7 คน,FIAT,BENIMAR MILEO 282,1
275,2566,รถยนต์นั่งส่วนบุคคลไม่เกิน 7 คน,FIAT,DUCATO SINGLE CAB,1
276,2566,รถยนต์นั่งส่วนบุคคลไม่เกิน 7 คน,FOMM,FOMM ONE,31
277,2566,รถยนต์นั่งส่วนบุคคลไม่เกิน 7 คน,FORD,EcoSport,1
278,2566,รถยนต์นั่งส่วนบุคคลไม่เกิน 7 คน,FORD,EVEREST,12899
279,2566,รถยนต์นั่งส่วนบุคคลไม่เกิน 7 คน,FORD,F-150 RAPTOR,1
280,2566,รถยนต์นั่งส่วนบุคคลไม่เกิน 7 คน,FORD,Fiesta,1
281,2566,รถยนต์นั่งส่วนบุคคลไม่เกิน 7 คน,FORD,Focus,3
282,2566,รถยนต์นั่งส่วนบุคคลไม่เกิน 7 คน,FORD,Ford Ecosport,1
283,2566,รถยนต์นั่งส่วนบุคคลไม่เกิน 7 คน,FORD,FORD EVEREST,3
284,2566,รถยนต์นั่งส่วนบุคคลไม่เกิน 7 คน,FORD,FORD EVEREST zFAE9BC,2
285,2566,รถยนต์นั่งส่วนบุคคลไม่เกิน 7 คน,FORD,FORD EVEREST zFAE9GD,1
286,2566,รถยนต์นั่งส่วนบุคคลไม่เกิน 7 คน,FORD,FORD EVEREST zJAE9BC,2
287,2566,รถยนต์นั่งส่วนบุคคลไม่เกิน 7 คน,FORD,FORD EVEREST zJAE9GD,1
288,2566,รถยนต์นั่งส่วนบุคคลไม่เกิน 7 คน,FORD,FORD RANGER,4
289,2566,รถยนต์นั่งส่วนบุคคลไม่เกิน 7 คน,FORD,FORD RANGER iFBT9AR,2
290,2566,รถยนต์นั่งส่วนบุคคลไม่เกิน 7 คน,FORD,FORD RANGER iFBW9AR,3
291,2566,รถยนต์นั่งส่วนบุคคลไม่เกิน 7 คน,FORD,FORD RANGER iJBT9AH,1
292,2566,รถยนต์นั่งส่วนบุคคลไม่เกิน 7 คน,FORD,FORD RANGER iJBT9AR,1
293,2566,รถยนต์นั่งส่วนบุคคลไม่เกิน 7 คน,FORD,FORD RANGER iJBT9B4,1
294,2566,รถยนต์นั่งส่วนบุคคลไม่เกิน 7 คน,FORD,FORD RANGER iJBW9B4,1
295,2566,รถยนต์นั่งส่วนบุคคลไม่เกิน 7 คน,FORD,MUSTANG,36
296,2566,รถยนต์นั่งส่วนบุคคลไม่เกิน 7 คน,FORD,MUSTANG 2.3 ECOBOOST,1
297,2566,รถยนต์นั่งส่วนบุคคลไม่เกิน 7 คน,FORD,MUSTANG 2.3 ECOBOOST FASTBACK,1
298,2566,รถยนต์นั่งส่วนบุคคลไม่เกิน 7 คน,FORD,MUSTANG 2.3 ECOBOOST PREMIUM,3
299,2566,รถยนต์นั่งส่วนบุคคลไม่เกิน 7 คน,FORD,MUSTANG 2.3L ECOBOOST,1
300,2566,รถยนต์นั่งส่วนบุคคลไม่เกิน 7 คน,FORD,MUSTANG 2.3L ECOBOOST FASTBACK,6
301,2566,รถยนต์นั่งส่วนบุคคลไม่เกิน 7 คน,FORD,MUSTANG 5.0 GT FASTBACK,1
302,2566,รถยนต์นั่งส่วนบุคคลไม่เกิน 7 คน,FORD,MUSTANG 5.0L V8 GT,1
303,2566,รถยนต์นั่งส่วนบุคคลไม่เกิน 7 คน,FORD,MUSTANG ECOBOOST FASTBACK,1
304,2566,รถยนต์นั่งส่วนบุคคลไม่เกิน 7 คน,FORD,MUSTANG ECOBOOST PREMIUM,1
305,2566,รถยนต์นั่งส่วนบุคคลไม่เกิน 7 คน,FORD,MUSTANG HIGH PERFORMANCE,1
306,2566,รถยนต์นั่งส่วนบุคคลไม่เกิน 7 คน,FORD,MUSTANG HIGH PERFORMANCE 2.3L,1
307,2566,รถยนต์นั่งส่วนบุคคลไม่เกิน 7 คน,FORD,MUSTANG MACH 1,3
308,2566,รถยนต์นั่งส่วนบุคคลไม่เกิน 7 คน,FORD,MUSTANG MACH-E,1
309,2566,รถยนต์นั่งส่วนบุคคลไม่เกิน 7 คน,FORD,MUSTANG MACH-E EXTENDED RANGE,5
310,2566,รถยนต์นั่งส่วนบุคคลไม่เกิน 7 คน,FORD,MUSTANG SHELBY SUPER SNAKE,1
311,2566,รถยนต์นั่งส่วนบุคคลไม่เกิน 7 คน,FORD,RANGER,19593
312,2566,รถยนต์นั่งส่วนบุคคลไม่เกิน 7 คน,FORD,RANGER RAPTOR,4036
313,2566,รถยนต์นั่งส่วนบุคคลไม่เกิน 7 คน,FORD,RANGER SWB,14
314,2566,รถยนต์นั่งส่วนบุคคลไม่เกิน 7 คน,FORD,,1
315,2566,รถยนต์นั่งส่วนบุคคลไม่เกิน 7 คน,FOTON,TUNLAND DC 4X2 S,1
316,2566,รถยนต์นั่งส่วนบุคคลไม่เกิน 7 คน,GWM TANK,300 HYBRID,65
317,2566,รถยนต์นั่งส่วนบุคคลไม่เกิน 7 คน,GWM TANK,500 HYBRID,57
318,2566,รถยนต์นั่งส่วนบุคคลไม่เกิน 7 คน,HAVAL,H6 HEV PRO,44
319,2566,รถยนต์นั่งส่วนบุคคลไม่เกิน 7 คน,HAVAL,H6 HEV ULTRA,2402
320,2566,รถยนต์นั่งส่วนบุคคลไม่เกิน 7 คน,HAVAL,H6 PLUG-IN HYBRID,1167
321,2566,รถยนต์นั่งส่วนบุคคลไม่เกิน 7 คน,HAVAL,JOLION HYBRID,3295
322,2566,รถยนต์นั่งส่วนบุคคลไม่เกิน 7 คน,HOMIDA,PICKMAN-KAI,1
323,2566,รถยนต์นั่งส่วนบุคคลไม่เกิน 7 คน,HONDA,ACCORD,2652
324,2566,รถยนต์นั่งส่วนบุคคลไม่เกิน 7 คน,HONDA,ACCORD HYBRID,41
325,2566,รถยนต์นั่งส่วนบุคคลไม่เกิน 7 คน,HONDA,ACCORD'15,1
326,2566,รถยนต์นั่งส่วนบุคคลไม่เกิน 7 คน,HONDA,BENLY e,1
327,2566,รถยนต์นั่งส่วนบุคคลไม่เกิน 7 คน,HONDA,BR-V,1010
328,2566,รถยนต์นั่งส่วนบุคคลไม่เกิน 7 คน,HONDA,BRIO,3
329,2566,รถยนต์นั่งส่วนบุคคลไม่เกิน 7 คน,HONDA,BRIO AMAZE,2
330,2566,รถยนต์นั่งส่วนบุคคลไม่เกิน 7 คน,HONDA,CITY,20583
331,2566,รถยนต์นั่งส่วนบุคคลไม่เกิน 7 คน,HONDA,CITY HATCHBACK,22677
332,2566,รถยนต์นั่งส่วนบุคคลไม่เกิน 7 คน,HONDA,CITY'11,1
333,2566,รถยนต์นั่งส่วนบุคคลไม่เกิน 7 คน,HONDA,CITY'14,1
334,2566,รถยนต์นั่งส่วนบุคคลไม่เกิน 7 คน,HONDA,CIVIC,13370
335,2566,รถยนต์นั่งส่วนบุคคลไม่เกิน 7 คน,HONDA,CIVIC TYPE R,76
336,2566,รถยนต์นั่งส่วนบุคคลไม่เกิน 7 คน,HONDA,CIVIC TYPE R GT,1
337,2566,รถยนต์นั่งส่วนบุคคลไม่เกิน 7 คน,HONDA,CIVIC'12,1
338,2566,รถยนต์นั่งส่วนบุคคลไม่เกิน 7 คน,HONDA,CR-V,6535
339,2566,รถยนต์นั่งส่วนบุคคลไม่เกิน 7 คน,HONDA,CR-V'07,1
340,2566,รถยนต์นั่งส่วนบุคคลไม่เกิน 7 คน,HONDA,E ADVANCE,4
341,2566,รถยนต์นั่งส่วนบุคคลไม่เกิน 7 คน,HONDA,FREED,1
342,2566,รถยนต์นั่งส่วนบุคคลไม่เกิน 7 คน,HONDA,HR-V,22442
343,2566,รถยนต์นั่งส่วนบุคคลไม่เกิน 7 คน,HONDA,HR-V'15,1
344,2566,รถยนต์นั่งส่วนบุคคลไม่เกิน 7 คน,HONDA,JAZZ,94
345,2566,รถยนต์นั่งส่วนบุคคลไม่เกิน 7 คน,HONDA,JAZZ'09,1
346,2566,รถยนต์นั่งส่วนบุคคลไม่เกิน 7 คน,HONDA,JAZZ'15,1
347,2566,รถยนต์นั่งส่วนบุคคลไม่เกิน 7 คน,HONDA,MOBILIO,8
348,2566,รถยนต์นั่งส่วนบุคคลไม่เกิน 7 คน,HONDA,N BOX CUSTOM G EX TURBO,1
349,2566,รถยนต์นั่งส่วนบุคคลไม่เกิน 7 คน,HONDA,N BOX G,1
350,2566,รถยนต์นั่งส่วนบุคคลไม่เกิน 7 คน,HONDA,N VAN PLUS TURBO,1
351,2566,รถยนต์นั่งส่วนบุคคลไม่เกิน 7 คน,HONDA,N VAN TEN STYLE FUN,1
352,2566,รถยนต์นั่งส่วนบุคคลไม่เกิน 7 คน,HONDA,N-BOX CUSTOM G-L TURBO,1
353,2566,รถยนต์นั่งส่วนบุคคลไม่เกิน 7 คน,HONDA,N-BOX CUSTOM L TURBO,4
354,2566,รถยนต์นั่งส่วนบุคคลไม่เกิน 7 คน,HONDA,N-BOX G SLOPE L SENSING,1
355,2566,รถยนต์นั่งส่วนบุคคลไม่เกิน 7 คน,HONDA,N-ONE RS,1
356,2566,รถยนต์นั่งส่วนบุคคลไม่เกิน 7 คน,HONDA,N-ONE RS SPOON,1
357,2566,รถยนต์นั่งส่วนบุคคลไม่เกิน 7 คน,HONDA,NSX HYBRID,1
358,2566,รถยนต์นั่งส่วนบุคคลไม่เกิน 7 คน,HONDA,ODYSSEY ABSOLUTE,1
359,2566,รถยนต์นั่งส่วนบุคคลไม่เกิน 7 คน,HONDA,ODYSSEY ABSOLUTE EX,3
360,2566,รถยนต์นั่งส่วนบุคคลไม่เกิน 7 คน,HONDA,ODYSSEY ABSOLUTE EX HYBRID,2
361,2566,รถยนต์นั่งส่วนบุคคลไม่เกิน 7 คน,HONDA,ODYSSEY e-HEV ABSOLUTE EX,8
362,2566,รถยนต์นั่งส่วนบุคคลไม่เกิน 7 คน,HONDA,S660,1
363,2566,รถยนต์นั่งส่วนบุคคลไม่เกิน 7 คน,HONDA,S660 6AT,1
364,2566,รถยนต์นั่งส่วนบุคคลไม่เกิน 7 คน,HONDA,S660 6MT,1
365,2566,รถยนต์นั่งส่วนบุคคลไม่เกิน 7 คน,HONDA,S660 7AT,1
366,2566,รถยนต์นั่งส่วนบุคคลไม่เกิน 7 คน,HONDA,S660 MODULO X SPECIAL VER.Z,1
367,2566,รถยนต์นั่งส่วนบุคคลไม่เกิน 7 คน,HONDA,S660 MODULO X VERSION Z,1
368,2566,รถยนต์นั่งส่วนบุคคลไม่เกิน 7 คน,HONDA,S660 SPOON 6MT,4
369,2566,รถยนต์นั่งส่วนบุคคลไม่เกิน 7 คน,HONDA,STEP WGN AIR,1
370,2566,รถยนต์นั่งส่วนบุคคลไม่เกิน 7 คน,HONDA,STEP WGN e-HEV AIR,7
371,2566,รถยนต์นั่งส่วนบุคคลไม่เกิน 7 คน,HONDA,STEP WGN e-HEV SPADA,13
372,2566,รถยนต์นั่งส่วนบุคคลไม่เกิน 7 คน,HONDA,STEP WGN e-HEV SPADA G EX,1
373,2566,รถยนต์นั่งส่วนบุคคลไม่เกิน 7 คน,HONDA,STEP WGN e-HEV SPADA PREMIUM,97
374,2566,รถยนต์นั่งส่วนบุคคลไม่เกิน 7 คน,HONDA,STEP WGN E HEV SPADA G EX,6
375,2566,รถยนต์นั่งส่วนบุคคลไม่เกิน 7 คน,HONDA,STEP WGN HYBRID AIR 2.0L,2
376,2566,รถยนต์นั่งส่วนบุคคลไม่เกิน 7 คน,HONDA,STEP WGN SPADA HYBRID,1
377,2566,รถยนต์นั่งส่วนบุคคลไม่เกิน 7 คน,HONDA,STEP WGN SPADA HYBRID PREMIUM,14
378,2566,รถยนต์นั่งส่วนบุคคลไม่เกิน 7 คน,HONDA,STEP WGN SPADA PREMIUM LINE,11
379,2566,รถยนต์นั่งส่วนบุคคลไม่เกิน 7 คน,HONDA,STEPWAGON e:HEV PREMIUM LINE,3
380,2566,รถยนต์นั่งส่วนบุคคลไม่เกิน 7 คน,HONDA,STEPWAGON e:HEV SPADA,4
381,2566,รถยนต์นั่งส่วนบุคคลไม่เกิน 7 คน,HONDA,STEPWAGON SPADA2.0 HYBRID,1
382,2566,รถยนต์นั่งส่วนบุคคลไม่เกิน 7 คน,HONDA,STEPWGN e:HEV AIR,10
383,2566,รถยนต์นั่งส่วนบุคคลไม่เกิน 7 คน,HONDA,STEPWGN e:HEV SPADA,29
384,2566,รถยนต์นั่งส่วนบุคคลไม่เกิน 7 คน,HONDA,STEPWGN e:HEV SPADA G EX,2
385,2566,รถยนต์นั่งส่วนบุคคลไม่เกิน 7 คน,HONDA,STEPWGN SPADA 1.5L,1
386,2566,รถยนต์นั่งส่วนบุคคลไม่เกิน 7 คน,HONDA,WAVE110I,1
387,2566,รถยนต์นั่งส่วนบุคคลไม่เกิน 7 คน,HONDA,WR-V,1747
388,2566,รถยนต์นั่งส่วนบุคคลไม่เกิน 7 คน,HONDA,,1
389,2566,รถยนต์นั่งส่วนบุคคลไม่เกิน 7 คน,HONGQI,H9,2
390,2566,รถยนต์นั่งส่วนบุคคลไม่เกิน 7 คน,HYUNDAI,CRETA,733
391,2566,รถยนต์นั่งส่วนบุคคลไม่เกิน 7 คน,HYUNDAI,ELANTRA,1
392,2566,รถยนต์นั่งส่วนบุคคลไม่เกิน 7 คน,HYUNDAI,GRAND STAREX,7
393,2566,รถยนต์นั่งส่วนบุคคลไม่เกิน 7 คน,HYUNDAI,IONIQ EV,2
394,2566,รถยนต์นั่งส่วนบุคคลไม่เกิน 7 คน,HYUNDAI,KONA EV,1
395,2566,รถยนต์นั่งส่วนบุคคลไม่เกิน 7 คน,HYUNDAI,STARGAZER,1023
396,2566,รถยนต์นั่งส่วนบุคคลไม่เกิน 7 คน,ISUZU,CAB4 LS 3.0,1
397,2566,รถยนต์นั่งส่วนบุคคลไม่เกิน 7 คน,ISUZU,CAB4 SL 2.5,2
398,2566,รถยนต์นั่งส่วนบุคคลไม่เกิน 7 คน,ISUZU,D-MAX,67078
399,2566,รถยนต์นั่งส่วนบุคคลไม่เกิน 7 คน,ISUZU,MU-X,22393
400,2566,รถยนต์นั่งส่วนบุคคลไม่เกิน 7 คน,ISUZU,TFR54HY,2
401,2566,รถยนต์นั่งส่วนบุคคลไม่เกิน 7 คน,ISUZU,TFR85HDQ8H (M),1
402,2566,รถยนต์นั่งส่วนบุคคลไม่เกิน 7 คน,ISUZU,TFR86GWRH6 (P),1
403,2566,รถยนต์นั่งส่วนบุคคลไม่เกิน 7 คน,ISUZU,TFR86JCQN4 (M),2
404,2566,รถยนต์นั่งส่วนบุคคลไม่เกิน 7 คน,ISUZU,TFS85HDQ7J  (M),1
405,2566,รถยนต์นั่งส่วนบุคคลไม่เกิน 7 คน,ISUZU,TFS85HGQ9C  (MM),1
406,2566,รถยนต์นั่งส่วนบุคคลไม่เกิน 7 คน,ISUZU,,5
407,2566,รถยนต์นั่งส่วนบุคคลไม่เกิน 7 คน,JAC,EVO-T8,36
408,2566,รถยนต์นั่งส่วนบุคคลไม่เกิน 7 คน,JAGUAR,F-PACE 2.0 LITRE T/C PETROL,2
409,2566,รถยนต์นั่งส่วนบุคคลไม่เกิน 7 คน,JAGUAR,F-PACE 2.0L T/C AWD AUTO,1
410,2566,รถยนต์นั่งส่วนบุคคลไม่เกิน 7 คน,JAGUAR,F-TYPE 2.0 LITRE T/C PETROL,1
411,2566,รถยนต์นั่งส่วนบุคคลไม่เกิน 7 คน,JAGUAR,I-PACE AWD HSE,1
412,2566,รถยนต์นั่งส่วนบุคคลไม่เกิน 7 คน,JAGUAR,XE 2.0L I4P PETROL RWD,1
413,2566,รถยนต์นั่งส่วนบุคคลไม่เกิน 7 คน,JAGUAR,XF 2.0 LITRE T/C RWD AUTO,1
414,2566,รถยนต์นั่งส่วนบุคคลไม่เกิน 7 คน,JEEP,COMPASS 1.4L TURBO,1
415,2566,รถยนต์นั่งส่วนบุคคลไม่เกิน 7 คน,JEEP,GLADIATOR RUBICON,8
416,2566,รถยนต์นั่งส่วนบุคคลไม่เกิน 7 คน,JEEP,GLADIATOR RUBICON 4dr,3
417,2566,รถยนต์นั่งส่วนบุคคลไม่เกิน 7 คน,JEEP,RENEGADE TRAILHAWK 1.3 PHEV,1
418,2566,รถยนต์นั่งส่วนบุคคลไม่เกิน 7 คน,JEEP,RENEGADE TRAILHAWK 2.0,1
419,2566,รถยนต์นั่งส่วนบุคคลไม่เกิน 7 คน,JEEP,WRANGLER 80TH ANNIVERSARY,2
420,2566,รถยนต์นั่งส่วนบุคคลไม่เกิน 7 คน,JEEP,WRANGLER RUBICON,10
421,2566,รถยนต์นั่งส่วนบุคคลไม่เกิน 7 คน,JEEP,WRANGLER RUBICON 2 DOOR,13
422,2566,รถยนต์นั่งส่วนบุคคลไม่เกิน 7 คน,JEEP,WRANGLER RUBICON 2dr 2.0,1
423,2566,รถยนต์นั่งส่วนบุคคลไม่เกิน 7 คน,JEEP,WRANGLER RUBICON 4 DOOR,59
424,2566,รถยนต์นั่งส่วนบุคคลไม่เกิน 7 คน,JEEP,WRANGLER RUBICON 4dr 2.2,1
425,2566,รถยนต์นั่งส่วนบุคคลไม่เกิน 7 คน,JEEP,WRANGLER SAHARA,2
426,2566,รถยนต์นั่งส่วนบุคคลไม่เกิน 7 คน,JEEP,WRANGLER V6 3-DOOR,2
427,2566,รถยนต์นั่งส่วนบุคคลไม่เกิน 7 คน,JETOUR,,1
428,2566,รถยนต์นั่งส่วนบุคคลไม่เกิน 7 คน,KIA,EV6,1
429,2566,รถยนต์นั่งส่วนบุคคลไม่เกิน 7 คน,KYC,V5EV,1
430,2566,รถยนต์นั่งส่วนบุคคลไม่เกิน 7 คน,LAMBORGHINI,AVENTADOR S,1
431,2566,รถยนต์นั่งส่วนบุคคลไม่เกิน 7 คน,LAMBORGHINI,AVENTADOR SVJ 63 ROADSTER,1
432,2566,รถยนต์นั่งส่วนบุคคลไม่เกิน 7 คน,LAMBORGHINI,AVENTADOR SVJ ROADSTER,1
433,2566,รถยนต์นั่งส่วนบุคคลไม่เกิน 7 คน,LAMBORGHINI,AVENTADOR ULTIMAE,2
434,2566,รถยนต์นั่งส่วนบุคคลไม่เกิน 7 คน,LAMBORGHINI,HURACAN EVO,5
435,2566,รถยนต์นั่งส่วนบุคคลไม่เกิน 7 คน,LAMBORGHINI,HURACAN EVO RWD,11
436,2566,รถยนต์นั่งส่วนบุคคลไม่เกิน 7 คน,LAMBORGHINI,HURACAN EVO RWD SPYDER,3
437,2566,รถยนต์นั่งส่วนบุคคลไม่เกิน 7 คน,LAMBORGHINI,HURACAN EVO SPYDER,1
438,2566,รถยนต์นั่งส่วนบุคคลไม่เกิน 7 คน,LAMBORGHINI,HURACAN PERFORMANTE,1
439,2566,รถยนต์นั่งส่วนบุคคลไม่เกิน 7 คน,LAMBORGHINI,HURACAN STO,8
440,2566,รถยนต์นั่งส่วนบุคคลไม่เกิน 7 คน,LAMBORGHINI,HURACAN TECNICA,5
441,2566,รถยนต์นั่งส่วนบุคคลไม่เกิน 7 คน,LAMBORGHINI,URUS,9
442,2566,รถยนต์นั่งส่วนบุคคลไม่เกิน 7 คน,LAMBORGHINI,URUS PERFORMANTE,6
443,2566,รถยนต์นั่งส่วนบุคคลไม่เกิน 7 คน,LAMBORGHINI,URUS S,2
444,2566,รถยนต์นั่งส่วนบุคคลไม่เกิน 7 คน,LAND ROVER,DEFENDER 110 D300 75TH LIMITED,1
445,2566,รถยนต์นั่งส่วนบุคคลไม่เกิน 7 คน,LAND ROVER,DEFENDER 2.0L T/C AWD,1
446,2566,รถยนต์นั่งส่วนบุคคลไม่เกิน 7 คน,LAND ROVER,DEFENDER 2.0L T/C AWD AUTO S,1
447,2566,รถยนต์นั่งส่วนบุคคลไม่เกิน 7 คน,LAND ROVER,DEFENDER 2.0L T/C AWD AUTO SE,10
448,2566,รถยนต์นั่งส่วนบุคคลไม่เกิน 7 คน,LAND ROVER,DEFENDER 2.0L T/C PETROL PHEV,28
449,2566,รถยนต์นั่งส่วนบุคคลไม่เกิน 7 คน,LAND ROVER,DEFENDER 3.0 LITRE T/C AWD,2
450,2566,รถยนต์นั่งส่วนบุคคลไม่เกิน 7 คน,LAND ROVER,DEFENDER 90 75TH  LIMITED,6
451,2566,รถยนต์นั่งส่วนบุคคลไม่เกิน 7 คน,LAND ROVER,DEFENDER 90 75TH ANNIVERSARY,1
452,2566,รถยนต์นั่งส่วนบุคคลไม่เกิน 7 คน,LAND ROVER,DEFENDER 90 D300 75th LIMITED,5
453,2566,รถยนต์นั่งส่วนบุคคลไม่เกิน 7 คน,LAND ROVER,DEFENDER 90 STATION WAGON,1
454,2566,รถยนต์นั่งส่วนบุคคลไม่เกิน 7 คน,LAND ROVER,DISCOVERY 3.0L T/C AWD,1
455,2566,รถยนต์นั่งส่วนบุคคลไม่เกิน 7 คน,LAND ROVER,RANGE ROVER 2.0L T/C PETROL,4
456,2566,รถยนต์นั่งส่วนบุคคลไม่เกิน 7 คน,LAND ROVER,RANGE ROVER 2.0L T/C PHEV,2
457,2566,รถยนต์นั่งส่วนบุคคลไม่เกิน 7 คน,LAND ROVER,RANGE ROVER 3.0 LITRE T/C,41
458,2566,รถยนต์นั่งส่วนบุคคลไม่เกิน 7 คน,LAND ROVER,RANGE ROVER 3.0 LITRE T/C AWD,4
459,2566,รถยนต์นั่งส่วนบุคคลไม่เกิน 7 คน,LAND ROVER,RANGE ROVER 4.4 LITRE  T/C,1
460,2566,รถยนต์นั่งส่วนบุคคลไม่เกิน 7 คน,LAND ROVER,RANGE ROVER AUTOBIOGRAPHY LWB,1
461,2566,รถยนต์นั่งส่วนบุคคลไม่เกิน 7 คน,LAND ROVER,RANGE ROVER EVOQUE 1.5LITRE,12
462,2566,รถยนต์นั่งส่วนบุคคลไม่เกิน 7 คน,LAND ROVER,RANGE ROVER EVOQUE 2.0L,2
463,2566,รถยนต์นั่งส่วนบุคคลไม่เกิน 7 คน,LAND ROVER,RANGE ROVER P440E,1
464,2566,รถยนต์นั่งส่วนบุคคลไม่เกิน 7 คน,LAND ROVER,RANGE ROVER SPORT 2.0 T/C,1
465,2566,รถยนต์นั่งส่วนบุคคลไม่เกิน 7 คน,LAND ROVER,RANGE ROVER SPORT 2.0L T/C,10
466,2566,รถยนต์นั่งส่วนบุคคลไม่เกิน 7 คน,LAND ROVER,RANGE ROVER SPORT 3.0 L PHEV,1
467,2566,รถยนต์นั่งส่วนบุคคลไม่เกิน 7 คน,LAND ROVER,RANGE ROVER SPORT 3.0 LITRE,25
468,2566,รถยนต์นั่งส่วนบุคคลไม่เกิน 7 คน,LAND ROVER,RANGE ROVER VELAR 2.0L,1
469,2566,รถยนต์นั่งส่วนบุคคลไม่เกิน 7 คน,LAND ROVER,RANGEROVER EVOQUE1.5LITRE T/C,1
470,2566,รถยนต์นั่งส่วนบุคคลไม่เกิน 7 คน,LAND ROVER,RANGEROVER2.0L T/C PETROL,1
471,2566,รถยนต์นั่งส่วนบุคคลไม่เกิน 7 คน,LEXUS,ES300H,88
472,2566,รถยนต์นั่งส่วนบุคคลไม่เกิน 7 คน,LEXUS,IS300H,69
473,2566,รถยนต์นั่งส่วนบุคคลไม่เกิน 7 คน,LEXUS,LM300h,157
474,2566,รถยนต์นั่งส่วนบุคคลไม่เกิน 7 คน,LEXUS,LM350 EMPEROR SUITE,4
475,2566,รถยนต์นั่งส่วนบุคคลไม่เกิน 7 คน,LEXUS,LM350H,20
476,2566,รถยนต์นั่งส่วนบุคคลไม่เกิน 7 คน,LEXUS,LS350,1
477,2566,รถยนต์นั่งส่วนบุคคลไม่เกิน 7 คน,LEXUS,LS500H,2
478,2566,รถยนต์นั่งส่วนบุคคลไม่เกิน 7 คน,LEXUS,LX500D F SPORT 3.3L 4AWD,1
479,2566,รถยนต์นั่งส่วนบุคคลไม่เกิน 7 คน,LEXUS,LX600 EXECUTIVE,1
480,2566,รถยนต์นั่งส่วนบุคคลไม่เกิน 7 คน,LEXUS,LX600 F SPORT,1
481,2566,รถยนต์นั่งส่วนบุคคลไม่เกิน 7 คน,LEXUS,NX300h,3
482,2566,รถยนต์นั่งส่วนบุคคลไม่เกิน 7 คน,LEXUS,NX350H,120
483,2566,รถยนต์นั่งส่วนบุคคลไม่เกิน 7 คน,LEXUS,NX450H+,55
484,2566,รถยนต์นั่งส่วนบุคคลไม่เกิน 7 คน,LEXUS,RC300,1
485,2566,รถยนต์นั่งส่วนบุคคลไม่เกิน 7 คน,LEXUS,RX300,10
486,2566,รถยนต์นั่งส่วนบุคคลไม่เกิน 7 คน,LEXUS,RX450H+,107
487,2566,รถยนต์นั่งส่วนบุคคลไม่เกิน 7 คน,LEXUS,RZ450E,51
488,2566,รถยนต์นั่งส่วนบุคคลไม่เกิน 7 คน,LEXUS,UX250H,63
489,2566,รถยนต์นั่งส่วนบุคคลไม่เกิน 7 คน,LEXUS,UX300E,1
490,2566,รถยนต์นั่งส่วนบุคคลไม่เกิน 7 คน,LEXUS,,1
491,2566,รถยนต์นั่งส่วนบุคคลไม่เกิน 7 คน,LONDON TAXI,TX4,2
492,2566,รถยนต์นั่งส่วนบุคคลไม่เกิน 7 คน,LOTUS,ELISE SPORT 220,1
493,2566,รถยนต์นั่งส่วนบุคคลไม่เกิน 7 คน,LOTUS,EMIRA V6,1
494,2566,รถยนต์นั่งส่วนบุคคลไม่เกิน 7 คน,LOTUS,EMIRA V6 FIRST EDITION,2
495,2566,รถยนต์นั่งส่วนบุคคลไม่เกิน 7 คน,LUMIN,CHANGAN LUMIN SWEET,2
496,2566,รถยนต์นั่งส่วนบุคคลไม่เกิน 7 คน,MANGIA,,1
497,2566,รถยนต์นั่งส่วนบุคคลไม่เกิน 7 คน,MASERATI,GHIBLI,1
498,2566,รถยนต์นั่งส่วนบุคคลไม่เกิน 7 คน,MASERATI,GHIBLI DIESEL GRANLUSSO,1
499,2566,รถยนต์นั่งส่วนบุคคลไม่เกิน 7 คน,MASERATI,GHIBLI GT HYBRID,6
500,2566,รถยนต์นั่งส่วนบุคคลไม่เกิน 7 คน,MASERATI,GHIBLI MILD HYBRID GRANSPORT,1
501,2566,รถยนต์นั่งส่วนบุคคลไม่เกิน 7 คน,MASERATI,GHIBLI S,1
502,2566,รถยนต์นั่งส่วนบุคคลไม่เกิน 7 คน,MASERATI,GRECALE GT HYBRID,6
503,2566,รถยนต์นั่งส่วนบุคคลไม่เกิน 7 คน,MASERATI,GRECALE TROFEO,5
504,2566,รถยนต์นั่งส่วนบุคคลไม่เกิน 7 คน,MASERATI,LEVANTE DIESEL GRANLUSSO,5
505,2566,รถยนต์นั่งส่วนบุคคลไม่เกิน 7 คน,MASERATI,LEVANTE DIESEL GRANLUSSO MY20,1
506,2566,รถยนต์นั่งส่วนบุคคลไม่เกิน 7 คน,MASERATI,LEVANTE DIESEL GRANSPORT,5
507,2566,รถยนต์นั่งส่วนบุคคลไม่เกิน 7 คน,MASERATI,LEVANTE GRANSPORT,4
508,2566,รถยนต์นั่งส่วนบุคคลไม่เกิน 7 คน,MASERATI,LEVANTE GT HYBRID,3
509,2566,รถยนต์นั่งส่วนบุคคลไม่เกิน 7 คน,MASERATI,LEVANTE HYBRID GT,1
510,2566,รถยนต์นั่งส่วนบุคคลไม่เกิน 7 คน,MASERATI,MC20,4
511,2566,รถยนต์นั่งส่วนบุคคลไม่เกิน 7 คน,MASERATI,MC20 COUPE,2
512,2566,รถยนต์นั่งส่วนบุคคลไม่เกิน 7 คน,MASERATI,QUATTROPORTE DIESEL GRANL,2
513,2566,รถยนต์นั่งส่วนบุคคลไม่เกิน 7 คน,MASERATI,QUATTROPORTE GT,1
514,2566,รถยนต์นั่งส่วนบุคคลไม่เกิน 7 คน,MAZDA,MAZDA 2,10469
515,2566,รถยนต์นั่งส่วนบุคคลไม่เกิน 7 คน,MAZDA,MAZDA 3,1219
516,2566,รถยนต์นั่งส่วนบุคคลไม่เกิน 7 คน,MAZDA,MAZDA BT-50,870
517,2566,รถยนต์นั่งส่วนบุคคลไม่เกิน 7 คน,MAZDA,MAZDA BT50,1
518,2566,รถยนต์นั่งส่วนบุคคลไม่เกิน 7 คน,MAZDA,MAZDA CX-3,2763
519,2566,รถยนต์นั่งส่วนบุคคลไม่เกิน 7 คน,MAZDA,MAZDA CX-30,4343
520,2566,รถยนต์นั่งส่วนบุคคลไม่เกิน 7 คน,MAZDA,MAZDA CX-5,572
521,2566,รถยนต์นั่งส่วนบุคคลไม่เกิน 7 คน,MAZDA,MAZDA CX-8,1336
522,2566,รถยนต์นั่งส่วนบุคคลไม่เกิน 7 คน,MAZDA,MAZDA MX-5,12
523,2566,รถยนต์นั่งส่วนบุคคลไม่เกิน 7 คน,MAZDA,MX-5 ROADSTER 990S,15
524,2566,รถยนต์นั่งส่วนบุคคลไม่เกิน 7 คน,MAZDA,MX-5 ROADSTER NR-A,6
525,2566,รถยนต์นั่งส่วนบุคคลไม่เกิน 7 คน,MAZDA,MX-5 ROADSTER S SPECIAL PACKAG,1
526,2566,รถยนต์นั่งส่วนบุคคลไม่เกิน 7 คน,MAZDA,ROADSTER 990S,5
527,2566,รถยนต์นั่งส่วนบุคคลไม่เกิน 7 คน,MAZDA,ROADSTER BROWN TOP,1
528,2566,รถยนต์นั่งส่วนบุคคลไม่เกิน 7 คน,MAZDA,ROADSTER NR-A,2
529,2566,รถยนต์นั่งส่วนบุคคลไม่เกิน 7 คน,MAZDA,ROADSTER RF VS TERRACOTTA,2
530,2566,รถยนต์นั่งส่วนบุคคลไม่เกิน 7 คน,MAZDA,ROADSTER S,1
531,2566,รถยนต์นั่งส่วนบุคคลไม่เกิน 7 คน,MCLAREN,720S COUPE,6
532,2566,รถยนต์นั่งส่วนบุคคลไม่เกิน 7 คน,MCLAREN,720S SPIDER,2
533,2566,รถยนต์นั่งส่วนบุคคลไม่เกิน 7 คน,MCLAREN,765LT SPIDER V8 4.0L,2
534,2566,รถยนต์นั่งส่วนบุคคลไม่เกิน 7 คน,MCLAREN,ARTURA PHEV COUPE,3
535,2566,รถยนต์นั่งส่วนบุคคลไม่เกิน 7 คน,MCLAREN,ARTURA-COUPE,13
536,2566,รถยนต์นั่งส่วนบุคคลไม่เกิน 7 คน,MCLAREN,GT,2
537,2566,รถยนต์นั่งส่วนบุคคลไม่เกิน 7 คน,MCLAREN,GT COUPE,1
538,2566,รถยนต์นั่งส่วนบุคคลไม่เกิน 7 คน,MERCEDES BENZ,250/8,5
539,2566,รถยนต์นั่งส่วนบุคคลไม่เกิน 7 คน,MERCEDES BENZ,A 180,2
540,2566,รถยนต์นั่งส่วนบุคคลไม่เกิน 7 คน,MERCEDES BENZ,A 200,896
541,2566,รถยนต์นั่งส่วนบุคคลไม่เกิน 7 คน,MERCEDES BENZ,AMG C 43 4MATIC,6
542,2566,รถยนต์นั่งส่วนบุคคลไม่เกิน 7 คน,MERCEDES BENZ,AMG C43 4MATIC Coupe,107
543,2566,รถยนต์นั่งส่วนบุคคลไม่เกิน 7 คน,MERCEDES BENZ,AMG CLA 35 4MATIC Coupe,8
544,2566,รถยนต์นั่งส่วนบุคคลไม่เกิน 7 คน,MERCEDES BENZ,AMG CLA 45 S 4MATIC+,2
545,2566,รถยนต์นั่งส่วนบุคคลไม่เกิน 7 คน,MERCEDES BENZ,AMG CLS 53 4MATIC,231
546,2566,รถยนต์นั่งส่วนบุคคลไม่เกิน 7 คน,MERCEDES BENZ,AMG E 53 4MATIC+,9
547,2566,รถยนต์นั่งส่วนบุคคลไม่เกิน 7 คน,MERCEDES BENZ,AMG E 53 4MATIC+ Coupe,1
548,2566,รถยนต์นั่งส่วนบุคคลไม่เกิน 7 คน,MERCEDES BENZ,AMG G 63,39
549,2566,รถยนต์นั่งส่วนบุคคลไม่เกิน 7 คน,MERCEDES BENZ,AMG G400D,3
550,2566,รถยนต์นั่งส่วนบุคคลไม่เกิน 7 คน,MERCEDES BENZ,AMG G400D LINE PREMIUM PLUS,1
551,2566,รถยนต์นั่งส่วนบุคคลไม่เกิน 7 คน,MERCEDES BENZ,AMG G63 BRABUS,1
552,2566,รถยนต์นั่งส่วนบุคคลไม่เกิน 7 คน,MERCEDES BENZ,AMG GLA 35 4MATIC,105
553,2566,รถยนต์นั่งส่วนบุคคลไม่เกิน 7 คน,MERCEDES BENZ,AMG GLA 45 4MATIC,1
554,2566,รถยนต์นั่งส่วนบุคคลไม่เกิน 7 คน,MERCEDES BENZ,AMG GLC 43 4MATIC Coupe,107
555,2566,รถยนต์นั่งส่วนบุคคลไม่เกิน 7 คน,MERCEDES BENZ,AMG GLE 43 4MATIC Coupe,2
556,2566,รถยนต์นั่งส่วนบุคคลไม่เกิน 7 คน,MERCEDES BENZ,AMG GLE 53 4MATIC+,99
557,2566,รถยนต์นั่งส่วนบุคคลไม่เกิน 7 คน,MERCEDES BENZ,AMG GT 53 4MATIC+,3
558,2566,รถยนต์นั่งส่วนบุคคลไม่เกิน 7 คน,MERCEDES BENZ,AMG GT Black Series,2
559,2566,รถยนต์นั่งส่วนบุคคลไม่เกิน 7 คน,MERCEDES BENZ,AMG GT C,1
560,2566,รถยนต์นั่งส่วนบุคคลไม่เกิน 7 คน,MERCEDES BENZ,AMG GT R,1
561,2566,รถยนต์นั่งส่วนบุคคลไม่เกิน 7 คน,MERCEDES BENZ,AMG SL 43,1
562,2566,รถยนต์นั่งส่วนบุคคลไม่เกิน 7 คน,MERCEDES BENZ,AMGC 63 S Coupe,1
563,2566,รถยนต์นั่งส่วนบุคคลไม่เกิน 7 คน,MERCEDES BENZ,C 200 Coupe,394
564,2566,รถยนต์นั่งส่วนบุคคลไม่เกิน 7 คน,MERCEDES BENZ,C 220 d,2063
565,2566,รถยนต์นั่งส่วนบุคคลไม่เกิน 7 คน,MERCEDES BENZ,C 300 e,183
566,2566,รถยนต์นั่งส่วนบุคคลไม่เกิน 7 คน,MERCEDES BENZ,C 350 e,871
567,2566,รถยนต์นั่งส่วนบุคคลไม่เกิน 7 คน,MERCEDES BENZ,C250 COUPE,17
568,2566,รถยนต์นั่งส่วนบุคคลไม่เกิน 7 คน,MERCEDES BENZ,C300 Cabriolet,1
569,2566,รถยนต์นั่งส่วนบุคคลไม่เกิน 7 คน,MERCEDES BENZ,CLA200,7
570,2566,รถยนต์นั่งส่วนบุคคลไม่เกิน 7 คน,MERCEDES BENZ,CLA250,19
571,2566,รถยนต์นั่งส่วนบุคคลไม่เกิน 7 คน,MERCEDES BENZ,CLS 220 d,707
572,2566,รถยนต์นั่งส่วนบุคคลไม่เกิน 7 คน,MERCEDES BENZ,CLS 250 d COUPE,2
573,2566,รถยนต์นั่งส่วนบุคคลไม่เกิน 7 คน,MERCEDES BENZ,CLS 300 d,71
574,2566,รถยนต์นั่งส่วนบุคคลไม่เกิน 7 คน,MERCEDES BENZ,CLS 300 d Coupe,12
575,2566,รถยนต์นั่งส่วนบุคคลไม่เกิน 7 คน,MERCEDES BENZ,E 200 Cabriolet,1
576,2566,รถยนต์นั่งส่วนบุคคลไม่เกิน 7 คน,MERCEDES BENZ,E 200 CABRIOLET,1
577,2566,รถยนต์นั่งส่วนบุคคลไม่เกิน 7 คน,MERCEDES BENZ,E 200 Coupe,101
578,2566,รถยนต์นั่งส่วนบุคคลไม่เกิน 7 คน,MERCEDES BENZ,E 200 NGT,1
579,2566,รถยนต์นั่งส่วนบุคคลไม่เกิน 7 คน,MERCEDES BENZ,E 220 d,538
580,2566,รถยนต์นั่งส่วนบุคคลไม่เกิน 7 คน,MERCEDES BENZ,E 220 d Sedan,1
581,2566,รถยนต์นั่งส่วนบุคคลไม่เกิน 7 คน,MERCEDES BENZ,E 300 BLUETEC HYBRID,1
582,2566,รถยนต์นั่งส่วนบุคคลไม่เกิน 7 คน,MERCEDES BENZ,E 300 Cabriolet,4
583,2566,รถยนต์นั่งส่วนบุคคลไม่เกิน 7 คน,MERCEDES BENZ,E 300 e,1094
584,2566,รถยนต์นั่งส่วนบุคคลไม่เกิน 7 คน,MERCEDES BENZ,E 350 e,68
585,2566,รถยนต์นั่งส่วนบุคคลไม่เกิน 7 คน,MERCEDES BENZ,E250 CGI SALOON,1
586,2566,รถยนต์นั่งส่วนบุคคลไม่เกิน 7 คน,MERCEDES BENZ,E300 Coupe,3
587,2566,รถยนต์นั่งส่วนบุคคลไม่เกิน 7 คน,MERCEDES BENZ,EQB 250,107
588,2566,รถยนต์นั่งส่วนบุคคลไม่เกิน 7 คน,MERCEDES BENZ,EQE 350 4MATIC SUV,6
589,2566,รถยนต์นั่งส่วนบุคคลไม่เกิน 7 คน,MERCEDES BENZ,EQE 350+,3
590,2566,รถยนต์นั่งส่วนบุคคลไม่เกิน 7 คน,MERCEDES BENZ,EQS 450,1
591,2566,รถยนต์นั่งส่วนบุคคลไม่เกิน 7 คน,MERCEDES BENZ,EQS 450+,8
592,2566,รถยนต์นั่งส่วนบุคคลไม่เกิน 7 คน,MERCEDES BENZ,EQS 500 4MATIC,67
593,2566,รถยนต์นั่งส่วนบุคคลไม่เกิน 7 คน,MERCEDES BENZ,G 350 d,7
594,2566,รถยนต์นั่งส่วนบุคคลไม่เกิน 7 คน,MERCEDES BENZ,G400 d AMG,1
595,2566,รถยนต์นั่งส่วนบุคคลไม่เกิน 7 คน,MERCEDES BENZ,G400 D,89
596,2566,รถยนต์นั่งส่วนบุคคลไม่เกิน 7 คน,MERCEDES BENZ,G400 D AMG,1
597,2566,รถยนต์นั่งส่วนบุคคลไม่เกิน 7 คน,MERCEDES BENZ,G63 AMG,6
598,2566,รถยนต์นั่งส่วนบุคคลไม่เกิน 7 คน,MERCEDES BENZ,GLA 200,1543
599,2566,รถยนต์นั่งส่วนบุคคลไม่เกิน 7 คน,MERCEDES BENZ,GLA 250,22
600,2566,รถยนต์นั่งส่วนบุคคลไม่เกิน 7 คน,MERCEDES BENZ,GLB 200,64
601,2566,รถยนต์นั่งส่วนบุคคลไม่เกิน 7 คน,MERCEDES BENZ,GLC 220 d,904
602,2566,รถยนต์นั่งส่วนบุคคลไม่เกิน 7 คน,MERCEDES BENZ,GLC 220 d 4MATIC,3
603,2566,รถยนต์นั่งส่วนบุคคลไม่เกิน 7 คน,MERCEDES BENZ,GLC 220 d 4MATIC Coupe,309
604,2566,รถยนต์นั่งส่วนบุคคลไม่เกิน 7 คน,MERCEDES BENZ,GLC 250 4MATIC Coupe,10
605,2566,รถยนต์นั่งส่วนบุคคลไม่เกิน 7 คน,MERCEDES BENZ,GLC 250 d 4MATIC,22
606,2566,รถยนต์นั่งส่วนบุคคลไม่เกิน 7 คน,MERCEDES BENZ,GLC 250 d 4MATIC Coupe,2
607,2566,รถยนต์นั่งส่วนบุคคลไม่เกิน 7 คน,MERCEDES BENZ,GLC 300 e 4MATIC,385
608,2566,รถยนต์นั่งส่วนบุคคลไม่เกิน 7 คน,MERCEDES BENZ,GLC 300 e 4MATIC Coupe,231
609,2566,รถยนต์นั่งส่วนบุคคลไม่เกิน 7 คน,MERCEDES BENZ,GLC 350 e 4MATIC,86
610,2566,รถยนต์นั่งส่วนบุคคลไม่เกิน 7 คน,MERCEDES BENZ,GLE 250 d 4MATIC,1
611,2566,รถยนต์นั่งส่วนบุคคลไม่เกิน 7 คน,MERCEDES BENZ,GLE 300 d 4MATIC,295
612,2566,รถยนต์นั่งส่วนบุคคลไม่เกิน 7 คน,MERCEDES BENZ,GLE 350 d 4MATIC Coupe,6
613,2566,รถยนต์นั่งส่วนบุคคลไม่เกิน 7 คน,MERCEDES BENZ,GLE 350 de 4MATIC,228
614,2566,รถยนต์นั่งส่วนบุคคลไม่เกิน 7 คน,MERCEDES BENZ,GLE 500 e 4MATIC,1
615,2566,รถยนต์นั่งส่วนบุคคลไม่เกิน 7 คน,MERCEDES BENZ,GLS 350 d 4MATIC,107
616,2566,รถยนต์นั่งส่วนบุคคลไม่เกิน 7 คน,MERCEDES BENZ,Maybach GLS 600 4MATIC,6
617,2566,รถยนต์นั่งส่วนบุคคลไม่เกิน 7 คน,MERCEDES BENZ,Maybach S 580 4MATIC,5
618,2566,รถยนต์นั่งส่วนบุคคลไม่เกิน 7 คน,MERCEDES BENZ,Maybach S 580 e,46
619,2566,รถยนต์นั่งส่วนบุคคลไม่เกิน 7 คน,MERCEDES BENZ,MAYBACH S580 4 matic,1
620,2566,รถยนต์นั่งส่วนบุคคลไม่เกิน 7 คน,MERCEDES BENZ,MAYBACH S680,1
621,2566,รถยนต์นั่งส่วนบุคคลไม่เกิน 7 คน,MERCEDES BENZ,PONTON 190,2
622,2566,รถยนต์นั่งส่วนบุคคลไม่เกิน 7 คน,MERCEDES BENZ,PONTON 220S,3
623,2566,รถยนต์นั่งส่วนบุคคลไม่เกิน 7 คน,MERCEDES BENZ,S 300 BLUETEC HYBRID,1
624,2566,รถยนต์นั่งส่วนบุคคลไม่เกิน 7 คน,MERCEDES BENZ,S 350 d,112
625,2566,รถยนต์นั่งส่วนบุคคลไม่เกิน 7 คน,MERCEDES BENZ,S 500 e,5
626,2566,รถยนต์นั่งส่วนบุคคลไม่เกิน 7 คน,MERCEDES BENZ,S 500 L 4MATIC LIMOUSINE,1
627,2566,รถยนต์นั่งส่วนบุคคลไม่เกิน 7 คน,MERCEDES BENZ,S 560 e,40
628,2566,รถยนต์นั่งส่วนบุคคลไม่เกิน 7 คน,MERCEDES BENZ,S 580 e,228
629,2566,รถยนต์นั่งส่วนบุคคลไม่เกิน 7 คน,MERCEDES BENZ,S580E L AMG,2
630,2566,รถยนต์นั่งส่วนบุคคลไม่เกิน 7 คน,MERCEDES BENZ,SLC 300,2
631,2566,รถยนต์นั่งส่วนบุคคลไม่เกิน 7 คน,MERCEDES BENZ,SLC300,4
632,2566,รถยนต์นั่งส่วนบุคคลไม่เกิน 7 คน,MERCEDES BENZ,SLK280,1
633,2566,รถยนต์นั่งส่วนบุคคลไม่เกิน 7 คน,MERCEDES BENZ,SPRINTER 316 CDI,2
634,2566,รถยนต์นั่งส่วนบุคคลไม่เกิน 7 คน,MERCEDES BENZ,SPRINTER 319 CDI,1
635,2566,รถยนต์นั่งส่วนบุคคลไม่เกิน 7 คน,MERCEDES BENZ,SPRINTER 419 CDI (907),1
636,2566,รถยนต์นั่งส่วนบุคคลไม่เกิน 7 คน,MERCEDES BENZ,V 220 d,4
637,2566,รถยนต์นั่งส่วนบุคคลไม่เกิน 7 คน,MERCEDES BENZ,V 250 d,70
638,2566,รถยนต์นั่งส่วนบุคคลไม่เกิน 7 คน,MERCEDES BENZ,V250 D,2
639,2566,รถยนต์นั่งส่วนบุคคลไม่เกิน 7 คน,MERCEDES BENZ,V300 d AMG Line,1
640,2566,รถยนต์นั่งส่วนบุคคลไม่เกิน 7 คน,MERCEDES BENZ,X 250 D 4MATIC,1
641,2566,รถยนต์นั่งส่วนบุคคลไม่เกิน 7 คน,MERCEDES BENZ,,32
642,2566,รถยนต์นั่งส่วนบุคคลไม่เกิน 7 คน,MERCEDES-AMG,SL 43,1
643,2566,รถยนต์นั่งส่วนบุคคลไม่เกิน 7 คน,MERCEDES-AMG,SL 55 4MATIC+,1
644,2566,รถยนต์นั่งส่วนบุคคลไม่เกิน 7 คน,MG,EP,4181
645,2566,รถยนต์นั่งส่วนบุคคลไม่เกิน 7 คน,MG,ES,910
646,2566,รถยนต์นั่งส่วนบุคคลไม่เกิน 7 คน,MG,HS,931
647,2566,รถยนต์นั่งส่วนบุคคลไม่เกิน 7 คน,MG,HS PHEV,805
648,2566,รถยนต์นั่งส่วนบุคคลไม่เกิน 7 คน,MG,MAXUS 9,786
649,2566,รถยนต์นั่งส่วนบุคคลไม่เกิน 7 คน,MG,MG EXTENDER,877
650,2566,รถยนต์นั่งส่วนบุคคลไม่เกิน 7 คน,MG,MG GS,10
651,2566,รถยนต์นั่งส่วนบุคคลไม่เกิน 7 คน,MG,MG3,2
652,2566,รถยนต์นั่งส่วนบุคคลไม่เกิน 7 คน,MG,MG4 ELECTRIC,4832
653,2566,รถยนต์นั่งส่วนบุคคลไม่เกิน 7 คน,MG,MG5,8201
654,2566,รถยนต์นั่งส่วนบุคคลไม่เกิน 7 คน,MG,MG6,1
655,2566,รถยนต์นั่งส่วนบุคคลไม่เกิน 7 คน,MG,NEW MG3,38
656,2566,รถยนต์นั่งส่วนบุคคลไม่เกิน 7 คน,MG,VS HEV,2269
657,2566,รถยนต์นั่งส่วนบุคคลไม่เกิน 7 คน,MG,ZS,3154
658,2566,รถยนต์นั่งส่วนบุคคลไม่เกิน 7 คน,MG,ZS EV,1753
659,2566,รถยนต์นั่งส่วนบุคคลไม่เกิน 7 คน,MINI,Cooper Clubman RHD,11
660,2566,รถยนต์นั่งส่วนบุคคลไม่เกิน 7 คน,MINI,Cooper D 5-Turer RHD,2
661,2566,รถยนต์นั่งส่วนบุคคลไม่เกิน 7 คน,MINI,Cooper D RHD,3
662,2566,รถยนต์นั่งส่วนบุคคลไม่เกิน 7 คน,MINI,Cooper Hatch RHD,37
663,2566,รถยนต์นั่งส่วนบุคคลไม่เกิน 7 คน,MINI,Cooper S 5-Turer RHD,3
664,2566,รถยนต์นั่งส่วนบุคคลไม่เกิน 7 คน,MINI,Cooper S Cabrio RHD,44
665,2566,รถยนต์นั่งส่วนบุคคลไม่เกิน 7 คน,MINI,Cooper S Clubman RHD,41
666,2566,รถยนต์นั่งส่วนบุคคลไม่เกิน 7 คน,MINI,Cooper S Countryman,4
667,2566,รถยนต์นั่งส่วนบุคคลไม่เกิน 7 คน,MINI,Cooper S Countryman RHD,801
668,2566,รถยนต์นั่งส่วนบุคคลไม่เกิน 7 คน,MINI,Cooper S Hatch RHD,99
669,2566,รถยนต์นั่งส่วนบุคคลไม่เกิน 7 คน,MINI,Cooper SE Hatch RHD,205
670,2566,รถยนต์นั่งส่วนบุคคลไม่เกิน 7 คน,MINI,COOPER CLUBMAN RHD,1
671,2566,รถยนต์นั่งส่วนบุคคลไม่เกิน 7 คน,MINI,COOPER S COUPE,1
672,2566,รถยนต์นั่งส่วนบุคคลไม่เกิน 7 คน,MINI,COOPER SD ALL4 COUNTRYMAN,1
673,2566,รถยนต์นั่งส่วนบุคคลไม่เกิน 7 คน,MINI,COOPER SD RHD,1
674,2566,รถยนต์นั่งส่วนบุคคลไม่เกิน 7 คน,MINI,John Cooper Works All4 RH,4
675,2566,รถยนต์นั่งส่วนบุคคลไม่เกิน 7 คน,MINI,John Cooper Works ALL4 Cl,10
676,2566,รถยนต์นั่งส่วนบุคคลไม่เกิน 7 คน,MINI,John Cooper Works ALL4 Clubman,1
677,2566,รถยนต์นั่งส่วนบุคคลไม่เกิน 7 คน,MINI,John Cooper Works ALL4 Co,19
678,2566,รถยนต์นั่งส่วนบุคคลไม่เกิน 7 คน,MINI,John Cooper Works cabrio,10
679,2566,รถยนต์นั่งส่วนบุคคลไม่เกิน 7 คน,MINI,John Cooper Works Hatch R,42
680,2566,รถยนต์นั่งส่วนบุคคลไม่เกิน 7 คน,MINI,John Cooper Works RHD,1
681,2566,รถยนต์นั่งส่วนบุคคลไม่เกิน 7 คน,MINI,JOHN COOPER WORKS GP,2
682,2566,รถยนต์นั่งส่วนบุคคลไม่เกิน 7 คน,MINI,JOHN COOPER WORKS GP3,2
683,2566,รถยนต์นั่งส่วนบุคคลไม่เกิน 7 คน,MINI,,4
684,2566,รถยนต์นั่งส่วนบุคคลไม่เกิน 7 คน,MITSUBISHI,ATTRAGE,3797
685,2566,รถยนต์นั่งส่วนบุคคลไม่เกิน 7 คน,MITSUBISHI,CY3ASTHHRU,1
686,2566,รถยนต์นั่งส่วนบุคคลไม่เกิน 7 คน,MITSUBISHI,KH4WGYPZRU,1
687,2566,รถยนต์นั่งส่วนบุคคลไม่เกิน 7 คน,MITSUBISHI,L200 P 2.5 S-CAB LOW,7
688,2566,รถยนต์นั่งส่วนบุคคลไม่เกิน 7 คน,MITSUBISHI,MIRAGE,3167
689,2566,รถยนต์นั่งส่วนบุคคลไม่เกิน 7 คน,MITSUBISHI,OUTLANDER PHEV,158
690,2566,รถยนต์นั่งส่วนบุคคลไม่เกิน 7 คน,MITSUBISHI,PAJERO SPORT,5131
691,2566,รถยนต์นั่งส่วนบุคคลไม่เกิน 7 คน,MITSUBISHI,TRITON,6925
692,2566,รถยนต์นั่งส่วนบุคคลไม่เกิน 7 คน,MITSUBISHI,XPANDER,10728
693,2566,รถยนต์นั่งส่วนบุคคลไม่เกิน 7 คน,MITSUBISHI,,6
694,2566,รถยนต์นั่งส่วนบุคคลไม่เกิน 7 คน,NETA,NETA V,12777
695,2566,รถยนต์นั่งส่วนบุคคลไม่เกิน 7 คน,NEX,DYQ1030BEV1R-HE,1
696,2566,รถยนต์นั่งส่วนบุคคลไม่เกิน 7 คน,NISSAN,ALMERA,6552
697,2566,รถยนต์นั่งส่วนบุคคลไม่เกิน 7 คน,NISSAN,BDBARGZL33MHA---A-,1
698,2566,รถยนต์นั่งส่วนบุคคลไม่เกิน 7 คน,NISSAN,BDRAREZL33MHA---B-,1
699,2566,รถยนต์นั่งส่วนบุคคลไม่เกิน 7 คน,NISSAN,BDTARGZB172HA-----,1
700,2566,รถยนต์นั่งส่วนบุคคลไม่เกิน 7 คน,NISSAN,BDWARBZN17XHAY114Z,2
701,2566,รถยนต์นั่งส่วนบุคคลไม่เกิน 7 คน,NISSAN,BDWARBZN17XHAY211Z,1
702,2566,รถยนต์นั่งส่วนบุคคลไม่เกิน 7 คน,NISSAN,BDWARGZN17XHAY124Z,1
703,2566,รถยนต์นั่งส่วนบุคคลไม่เกิน 7 คน,NISSAN,CVL2RSYD23FHP--AA-,1
704,2566,รถยนต์นั่งส่วนบุคคลไม่เกิน 7 คน,NISSAN,CVL2RTLD23FHP--A-A,1
705,2566,รถยนต์นั่งส่วนบุคคลไม่เกิน 7 คน,NISSAN,CVL2RZYD23IHP-----,1
706,2566,รถยนต์นั่งส่วนบุคคลไม่เกิน 7 คน,NISSAN,ELGRAND 250 HIGHWAY STAR,1
707,2566,รถยนต์นั่งส่วนบุคคลไม่เกิน 7 คน,NISSAN,FAIRLADY Z,4
708,2566,รถยนต์นั่งส่วนบุคคลไม่เกิน 7 คน,NISSAN,FAIRLADY Z PROTO,5
709,2566,รถยนต์นั่งส่วนบุคคลไม่เกิน 7 คน,NISSAN,FAIRLADY Z PROTO EDITION,1
710,2566,รถยนต์นั่งส่วนบุคคลไม่เกิน 7 คน,NISSAN,FAIRLADY Z PROTO SPEC,1
711,2566,รถยนต์นั่งส่วนบุคคลไม่เกิน 7 คน,NISSAN,FDWURVZK13EH5-----,1
712,2566,รถยนต์นั่งส่วนบุคคลไม่เกิน 7 คน,NISSAN,GT-R,13
713,2566,รถยนต์นั่งส่วนบุคคลไม่เกิน 7 คน,NISSAN,GT-R NISMO,3
714,2566,รถยนต์นั่งส่วนบุคคลไม่เกิน 7 คน,NISSAN,GT-R PREMIUM EDITION,1
715,2566,รถยนต์นั่งส่วนบุคคลไม่เกิน 7 คน,NISSAN,GT-R PREMIUM EDITION T-SPEC,5
716,2566,รถยนต์นั่งส่วนบุคคลไม่เกิน 7 คน,NISSAN,GT-R PURE EDITION,3
717,2566,รถยนต์นั่งส่วนบุคคลไม่เกิน 7 คน,NISSAN,GT-R RECARO 3.8L V6,2
718,2566,รถยนต์นั่งส่วนบุคคลไม่เกิน 7 คน,NISSAN,GTR BLACK EDITION,2
719,2566,รถยนต์นั่งส่วนบุคคลไม่เกิน 7 คน,NISSAN,GTR NISMO SPECIAL EDITION,1
720,2566,รถยนต์นั่งส่วนบุคคลไม่เกิน 7 คน,NISSAN,GTR TRACK EDITION,4
721,2566,รถยนต์นั่งส่วนบุคคลไม่เกิน 7 คน,NISSAN,KICKS,6520
722,2566,รถยนต์นั่งส่วนบุคคลไม่เกิน 7 คน,NISSAN,LEAF,26
723,2566,รถยนต์นั่งส่วนบุคคลไม่เกิน 7 คน,NISSAN,MARCH,80
724,2566,รถยนต์นั่งส่วนบุคคลไม่เกิน 7 คน,NISSAN,NAVARA,1482
725,2566,รถยนต์นั่งส่วนบุคคลไม่เกิน 7 คน,NISSAN,NOTE,41
726,2566,รถยนต์นั่งส่วนบุคคลไม่เกิน 7 คน,NISSAN,ROOX HIGHWAY STAR G TURBO,1
727,2566,รถยนต์นั่งส่วนบุคคลไม่เกิน 7 คน,NISSAN,SAKURA G,4
728,2566,รถยนต์นั่งส่วนบุคคลไม่เกิน 7 คน,NISSAN,SERENA HYBRID 2.0 HIGHWAY STAR,3
729,2566,รถยนต์นั่งส่วนบุคคลไม่เกิน 7 คน,NISSAN,SYLPHY,1
730,2566,รถยนต์นั่งส่วนบุคคลไม่เกิน 7 คน,NISSAN,SYLPHY 1.6 E CVT,12
731,2566,รถยนต์นั่งส่วนบุคคลไม่เกิน 7 คน,NISSAN,TDWAREZE12EHA-----,2
732,2566,รถยนต์นั่งส่วนบุคคลไม่เกิน 7 คน,NISSAN,TDWARFZE12EHA-----,5
733,2566,รถยนต์นั่งส่วนบุคคลไม่เกิน 7 คน,NISSAN,TEANA,4
734,2566,รถยนต์นั่งส่วนบุคคลไม่เกิน 7 คน,NISSAN,TERRA,1202
735,2566,รถยนต์นั่งส่วนบุคคลไม่เกิน 7 คน,NISSAN,UVL4RDRE26KHE-----,1
736,2566,รถยนต์นั่งส่วนบุคคลไม่เกิน 7 คน,NISSAN,UVL4RDRE26KHE----A,1
737,2566,รถยนต์นั่งส่วนบุคคลไม่เกิน 7 คน,NISSAN,X-TRAIL,14
738,2566,รถยนต์นั่งส่วนบุคคลไม่เกิน 7 คน,NISSAN,,1
739,2566,รถยนต์นั่งส่วนบุคคลไม่เกิน 7 คน,ORA,GOOD CAT,6712
740,2566,รถยนต์นั่งส่วนบุคคลไม่เกิน 7 คน,ORA,ORA 07,34
741,2566,รถยนต์นั่งส่วนบุคคลไม่เกิน 7 คน,PEUGEOT,2008 P24 BG,145
742,2566,รถยนต์นั่งส่วนบุคคลไม่เกิน 7 คน,PEUGEOT,3008 P84 AG,2
743,2566,รถยนต์นั่งส่วนบุคคลไม่เกิน 7 คน,PEUGEOT,3008 P84 BG,203
744,2566,รถยนต์นั่งส่วนบุคคลไม่เกิน 7 คน,PEUGEOT,5008 P87 AG,10
745,2566,รถยนต์นั่งส่วนบุคคลไม่เกิน 7 คน,PEUGEOT,5008 P87 BG,83
746,2566,รถยนต์นั่งส่วนบุคคลไม่เกิน 7 คน,POCCO,DD K,2
747,2566,รถยนต์นั่งส่วนบุคคลไม่เกิน 7 คน,POCCO,DD L2,2
748,2566,รถยนต์นั่งส่วนบุคคลไม่เกิน 7 คน,POCCO,MM YX,1
749,2566,รถยนต์นั่งส่วนบุคคลไม่เกิน 7 คน,PORSCHE,718 BOXSTER,5
750,2566,รถยนต์นั่งส่วนบุคคลไม่เกิน 7 คน,PORSCHE,718 BOXSTER GTS 4.0,1
751,2566,รถยนต์นั่งส่วนบุคคลไม่เกิน 7 คน,PORSCHE,718 BOXSTER PDK,2
752,2566,รถยนต์นั่งส่วนบุคคลไม่เกิน 7 คน,PORSCHE,718 BOXSTER S,1
753,2566,รถยนต์นั่งส่วนบุคคลไม่เกิน 7 คน,PORSCHE,718 BOXSTER STYLE EDITION,3
754,2566,รถยนต์นั่งส่วนบุคคลไม่เกิน 7 คน,PORSCHE,718 BOXSTER T,12
755,2566,รถยนต์นั่งส่วนบุคคลไม่เกิน 7 คน,PORSCHE,718 CAYMAN,13
756,2566,รถยนต์นั่งส่วนบุคคลไม่เกิน 7 คน,PORSCHE,718 CAYMAN GT4,4
757,2566,รถยนต์นั่งส่วนบุคคลไม่เกิน 7 คน,PORSCHE,718 CAYMAN GT4 RS,10
758,2566,รถยนต์นั่งส่วนบุคคลไม่เกิน 7 คน,PORSCHE,718 CAYMAN GTS 4.0,2
759,2566,รถยนต์นั่งส่วนบุคคลไม่เกิน 7 คน,PORSCHE,718 CAYMAN PDK,1
760,2566,รถยนต์นั่งส่วนบุคคลไม่เกิน 7 คน,PORSCHE,718 CAYMAN S,2
761,2566,รถยนต์นั่งส่วนบุคคลไม่เกิน 7 คน,PORSCHE,718 CAYMAN STYLE EDITION,7
762,2566,รถยนต์นั่งส่วนบุคคลไม่เกิน 7 คน,PORSCHE,718 CAYMAN T,24
763,2566,รถยนต์นั่งส่วนบุคคลไม่เกิน 7 คน,PORSCHE,718 SPYDER,6
764,2566,รถยนต์นั่งส่วนบุคคลไม่เกิน 7 คน,PORSCHE,911 CARRERA,32
765,2566,รถยนต์นั่งส่วนบุคคลไม่เกิน 7 คน,PORSCHE,911 CARRERA 4 GTS,8
766,2566,รถยนต์นั่งส่วนบุคคลไม่เกิน 7 คน,PORSCHE,911 CARRERA 4S,5
767,2566,รถยนต์นั่งส่วนบุคคลไม่เกิน 7 คน,PORSCHE,911 CARRERA 4S CABRIOLET,1
768,2566,รถยนต์นั่งส่วนบุคคลไม่เกิน 7 คน,PORSCHE,911 CARRERA CABRIOLET,1
769,2566,รถยนต์นั่งส่วนบุคคลไม่เกิน 7 คน,PORSCHE,911 CARRERA COUPE,1
770,2566,รถยนต์นั่งส่วนบุคคลไม่เกิน 7 คน,PORSCHE,911 CARRERA COUPE PDK,2
771,2566,รถยนต์นั่งส่วนบุคคลไม่เกิน 7 คน,PORSCHE,911 CARRERA GTS,20
772,2566,รถยนต์นั่งส่วนบุคคลไม่เกิน 7 คน,PORSCHE,911 CARRERA GTS CABRIOLET,1
773,2566,รถยนต์นั่งส่วนบุคคลไม่เกิน 7 คน,PORSCHE,911 CARRERA GTS COUPE,1
774,2566,รถยนต์นั่งส่วนบุคคลไม่เกิน 7 คน,PORSCHE,911 CARRERA S,33
775,2566,รถยนต์นั่งส่วนบุคคลไม่เกิน 7 คน,PORSCHE,911 CARRERA S CABRIOLET,1
776,2566,รถยนต์นั่งส่วนบุคคลไม่เกิน 7 คน,PORSCHE,911 CARRERA S COUPE,1
777,2566,รถยนต์นั่งส่วนบุคคลไม่เกิน 7 คน,PORSCHE,911 CARRERA S COUPE 3.0,1
778,2566,รถยนต์นั่งส่วนบุคคลไม่เกิน 7 คน,PORSCHE,911 CARRERA S COUPE PDK,4
779,2566,รถยนต์นั่งส่วนบุคคลไม่เกิน 7 คน,PORSCHE,911 CARRERA T,6
780,2566,รถยนต์นั่งส่วนบุคคลไม่เกิน 7 คน,PORSCHE,911 GT3,10
781,2566,รถยนต์นั่งส่วนบุคคลไม่เกิน 7 คน,PORSCHE,911 GT3 RS,1
782,2566,รถยนต์นั่งส่วนบุคคลไม่เกิน 7 คน,PORSCHE,911 GT3 WITH T.P.,4
783,2566,รถยนต์นั่งส่วนบุคคลไม่เกิน 7 คน,PORSCHE,911 GT3 WITH TOURING PACKAGE,1
784,2566,รถยนต์นั่งส่วนบุคคลไม่เกิน 7 คน,PORSCHE,911 SPORT CLASSIC,3
785,2566,รถยนต์นั่งส่วนบุคคลไม่เกิน 7 คน,PORSCHE,911 TARGA 4,7
786,2566,รถยนต์นั่งส่วนบุคคลไม่เกิน 7 คน,PORSCHE,911 TARGA 4 GTS,16
787,2566,รถยนต์นั่งส่วนบุคคลไม่เกิน 7 คน,PORSCHE,911 TARGA 4 GTS 50 YEARS,1
788,2566,รถยนต์นั่งส่วนบุคคลไม่เกิน 7 คน,PORSCHE,911 TARGA 4 GTS PDK,1
789,2566,รถยนต์นั่งส่วนบุคคลไม่เกิน 7 คน,PORSCHE,911 TARGA 4S,8
790,2566,รถยนต์นั่งส่วนบุคคลไม่เกิน 7 คน,PORSCHE,911 TARGA 4S HERITAGE,1
791,2566,รถยนต์นั่งส่วนบุคคลไม่เกิน 7 คน,PORSCHE,911 TARGA 4S HERITAGE DESIGN,1
792,2566,รถยนต์นั่งส่วนบุคคลไม่เกิน 7 คน,PORSCHE,911 TARGA 4S PDK,1
793,2566,รถยนต์นั่งส่วนบุคคลไม่เกิน 7 คน,PORSCHE,911 TECHART GT STREET R,1
794,2566,รถยนต์นั่งส่วนบุคคลไม่เกิน 7 คน,PORSCHE,911 TURBO S,6
795,2566,รถยนต์นั่งส่วนบุคคลไม่เกิน 7 คน,PORSCHE,911 TURBO S CABRIOLET,4
796,2566,รถยนต์นั่งส่วนบุคคลไม่เกิน 7 คน,PORSCHE,CAYENNE COUPE,2
797,2566,รถยนต์นั่งส่วนบุคคลไม่เกิน 7 คน,PORSCHE,CAYENNE E-HYBRID,92
798,2566,รถยนต์นั่งส่วนบุคคลไม่เกิน 7 คน,PORSCHE,CAYENNE E-HYBRID COUPE,299
799,2566,รถยนต์นั่งส่วนบุคคลไม่เกิน 7 คน,PORSCHE,CAYENNE E-HYBRID COUPE P.,231
800,2566,รถยนต์นั่งส่วนบุคคลไม่เกิน 7 คน,PORSCHE,CAYENNE E-HYBRID P.E.,70
801,2566,รถยนต์นั่งส่วนบุคคลไม่เกิน 7 คน,PORSCHE,CAYENNE E-HYBRID PLATINUM,20
802,2566,รถยนต์นั่งส่วนบุคคลไม่เกิน 7 คน,PORSCHE,CAYENNE E-HYBRID SUV,1
803,2566,รถยนต์นั่งส่วนบุคคลไม่เกิน 7 คน,PORSCHE,CAYENNE GTS,2
804,2566,รถยนต์นั่งส่วนบุคคลไม่เกิน 7 คน,PORSCHE,CAYENNE GTS COUPE,4
805,2566,รถยนต์นั่งส่วนบุคคลไม่เกิน 7 คน,PORSCHE,CAYENNE HYBRID PLATINUM,1
806,2566,รถยนต์นั่งส่วนบุคคลไม่เกิน 7 คน,PORSCHE,CAYENNE TURBO GT,3
807,2566,รถยนต์นั่งส่วนบุคคลไม่เกิน 7 คน,PORSCHE,MACAN,202
808,2566,รถยนต์นั่งส่วนบุคคลไม่เกิน 7 คน,PORSCHE,MACAN 2.0,5
809,2566,รถยนต์นั่งส่วนบุคคลไม่เกิน 7 คน,PORSCHE,MACAN 2.0 PDK,19
810,2566,รถยนต์นั่งส่วนบุคคลไม่เกิน 7 คน,PORSCHE,MACAN GTS,10
811,2566,รถยนต์นั่งส่วนบุคคลไม่เกิน 7 คน,PORSCHE,MACAN S,28
812,2566,รถยนต์นั่งส่วนบุคคลไม่เกิน 7 คน,PORSCHE,MACAN T,7
813,2566,รถยนต์นั่งส่วนบุคคลไม่เกิน 7 คน,PORSCHE,MACAN T 2.0,1
814,2566,รถยนต์นั่งส่วนบุคคลไม่เกิน 7 คน,PORSCHE,PANAMERA 4 E-HYBRID,44
815,2566,รถยนต์นั่งส่วนบุคคลไม่เกิน 7 คน,PORSCHE,PANAMERA 4 E-HYBRID 10YR,3
816,2566,รถยนต์นั่งส่วนบุคคลไม่เกิน 7 คน,PORSCHE,PANAMERA 4 E-HYBRID EXEC.,53
817,2566,รถยนต์นั่งส่วนบุคคลไม่เกิน 7 คน,PORSCHE,PANAMERA 4 E-HYBRID EXECUTIVE,9
818,2566,รถยนต์นั่งส่วนบุคคลไม่เกิน 7 คน,PORSCHE,PANAMERA 4 E-HYBRID P.E.,138
819,2566,รถยนต์นั่งส่วนบุคคลไม่เกิน 7 คน,PORSCHE,PANAMERA 4 E-HYBRID PLATINUM,15
820,2566,รถยนต์นั่งส่วนบุคคลไม่เกิน 7 คน,PORSCHE,PANAMERA 4 E-HYBRID S.T.,6
821,2566,รถยนต์นั่งส่วนบุคคลไม่เกิน 7 คน,PORSCHE,PANAMERA 4 E-HYBRID SPORT,4
822,2566,รถยนต์นั่งส่วนบุคคลไม่เกิน 7 คน,PORSCHE,PANAMERA 4S E-HYBRID,9
823,2566,รถยนต์นั่งส่วนบุคคลไม่เกิน 7 คน,PORSCHE,PANAMERA GTS SPORT TURIS,1
824,2566,รถยนต์นั่งส่วนบุคคลไม่เกิน 7 คน,PORSCHE,TAYCAN,92
825,2566,รถยนต์นั่งส่วนบุคคลไม่เกิน 7 คน,PORSCHE,TAYCAN 4 CROSS TURISMO,13
826,2566,รถยนต์นั่งส่วนบุคคลไม่เกิน 7 คน,PORSCHE,TAYCAN 4S,94
827,2566,รถยนต์นั่งส่วนบุคคลไม่เกิน 7 คน,PORSCHE,TAYCAN 4S CROSS TURISMO,10
828,2566,รถยนต์นั่งส่วนบุคคลไม่เกิน 7 คน,PORSCHE,TAYCAN GTS,18
829,2566,รถยนต์นั่งส่วนบุคคลไม่เกิน 7 คน,PORSCHE,TAYCAN SPORT TURISMO,5
830,2566,รถยนต์นั่งส่วนบุคคลไม่เกิน 7 คน,PORSCHE,TAYCAN TURBO,3
831,2566,รถยนต์นั่งส่วนบุคคลไม่เกิน 7 คน,PORSCHE,TAYCAN TURBO CROSS TURIS,1
832,2566,รถยนต์นั่งส่วนบุคคลไม่เกิน 7 คน,PORSCHE,TAYCAN TURBO S,7
833,2566,รถยนต์นั่งส่วนบุคคลไม่เกิน 7 คน,PRODRIVE,P25,1
834,2566,รถยนต์นั่งส่วนบุคคลไม่เกิน 7 คน,PROTON,EXORA,1
835,2566,รถยนต์นั่งส่วนบุคคลไม่เกิน 7 คน,RANGE ROVER,EVOQUE 2.2 SD4 DYNAMIC,1
836,2566,รถยนต์นั่งส่วนบุคคลไม่เกิน 7 คน,RANGE ROVER,EVOQUE 2.2L SD4,1
837,2566,รถยนต์นั่งส่วนบุคคลไม่เกิน 7 คน,ROLLS-ROYCE,Black Badge Cullinan,2
838,2566,รถยนต์นั่งส่วนบุคคลไม่เกิน 7 คน,ROLLS-ROYCE,Black Badge Ghost,1
839,2566,รถยนต์นั่งส่วนบุคคลไม่เกิน 7 คน,ROLLS-ROYCE,Cullinan,4
840,2566,รถยนต์นั่งส่วนบุคคลไม่เกิน 7 คน,ROLLS-ROYCE,CULLINAN,1
841,2566,รถยนต์นั่งส่วนบุคคลไม่เกิน 7 คน,ROLLS-ROYCE,DAWN,1
842,2566,รถยนต์นั่งส่วนบุคคลไม่เกิน 7 คน,ROLLS-ROYCE,Ghost,5
843,2566,รถยนต์นั่งส่วนบุคคลไม่เกิน 7 คน,ROLLS-ROYCE,Ghost Black Badge,1
844,2566,รถยนต์นั่งส่วนบุคคลไม่เกิน 7 คน,ROLLS-ROYCE,Ghost Extended,2
845,2566,รถยนต์นั่งส่วนบุคคลไม่เกิน 7 คน,ROLLS-ROYCE,Ghost Extended Wheelbase,3
846,2566,รถยนต์นั่งส่วนบุคคลไม่เกิน 7 คน,ROLLS-ROYCE,GHOST,3
847,2566,รถยนต์นั่งส่วนบุคคลไม่เกิน 7 คน,ROLLS-ROYCE,GHOST BLACK BADGE,1
848,2566,รถยนต์นั่งส่วนบุคคลไม่เกิน 7 คน,ROLLS-ROYCE,GHOST EWB,1
849,2566,รถยนต์นั่งส่วนบุคคลไม่เกิน 7 คน,ROLLS-ROYCE,Phantom Extended,2
850,2566,รถยนต์นั่งส่วนบุคคลไม่เกิน 7 คน,ROLLS-ROYCE,Phantom Extended Wheelbas,1
851,2566,รถยนต์นั่งส่วนบุคคลไม่เกิน 7 คน,ROLLS-ROYCE,Wraith,1
852,2566,รถยนต์นั่งส่วนบุคคลไม่เกิน 7 คน,SMART,FORTWO EQ EXCLUSIVE CABRIO,1
853,2566,รถยนต์นั่งส่วนบุคคลไม่เกิน 7 คน,SOKON,CRC5021CLS,1
854,2566,รถยนต์นั่งส่วนบุคคลไม่เกิน 7 คน,SSANGYONG,REXTON,1
855,2566,รถยนต์นั่งส่วนบุคคลไม่เกิน 7 คน,SUBARU,BRZ,1
856,2566,รถยนต์นั่งส่วนบุคคลไม่เกิน 7 คน,SUBARU,BRZ 2.4 RWD 6MT,25
857,2566,รถยนต์นั่งส่วนบุคคลไม่เกิน 7 คน,SUBARU,BRZ 2.4 RWD EyeSight 6AT,33
858,2566,รถยนต์นั่งส่วนบุคคลไม่เกิน 7 คน,SUBARU,BRZ CUP CAR BASIC,1
859,2566,รถยนต์นั่งส่วนบุคคลไม่เกิน 7 คน,SUBARU,BRZ S 10TH ANNIVERSARY LIMITED,1
860,2566,รถยนต์นั่งส่วนบุคคลไม่เกิน 7 คน,SUBARU,FORESTER 2.0i-L,2
861,2566,รถยนต์นั่งส่วนบุคคลไม่เกิน 7 คน,SUBARU,FORESTER 2.0i-L ES,232
862,2566,รถยนต์นั่งส่วนบุคคลไม่เกิน 7 คน,SUBARU,FORESTER 2.0i-P,2
863,2566,รถยนต์นั่งส่วนบุคคลไม่เกิน 7 คน,SUBARU,FORESTER 2.0i-S,17
864,2566,รถยนต์นั่งส่วนบุคคลไม่เกิน 7 คน,SUBARU,FORESTER 2.0i-S ES,1379
865,2566,รถยนต์นั่งส่วนบุคคลไม่เกิน 7 คน,SUBARU,LEVORG STI SPORTS R EX,1
866,2566,รถยนต์นั่งส่วนบุคคลไม่เกิน 7 คน,SUBARU,NBR CHALLENGE S208 WRX STI,2
867,2566,รถยนต์นั่งส่วนบุคคลไม่เกิน 7 คน,SUBARU,OUTBACK 2.5i-T EyeSight,19
868,2566,รถยนต์นั่งส่วนบุคคลไม่เกิน 7 คน,SUBARU,WRX 4D 2.4 AWD 6MT,3
869,2566,รถยนต์นั่งส่วนบุคคลไม่เกิน 7 คน,SUBARU,WRX 4D 2.4 EyeSight AWD CVT,6
870,2566,รถยนต์นั่งส่วนบุคคลไม่เกิน 7 คน,SUBARU,WRX 4D 2.4 EYESIGHT AWD CVT,1
871,2566,รถยนต์นั่งส่วนบุคคลไม่เกิน 7 คน,SUBARU,WRX STI RA-R,2
872,2566,รถยนต์นั่งส่วนบุคคลไม่เกิน 7 คน,SUBARU,WRX Wagon 2.4 EyeSight AWD CVT,3
873,2566,รถยนต์นั่งส่วนบุคคลไม่เกิน 7 คน,SUBARU,XV 2.0i,1
874,2566,รถยนต์นั่งส่วนบุคคลไม่เกิน 7 คน,SUBARU,XV 2.0i-P,13
875,2566,รถยนต์นั่งส่วนบุคคลไม่เกิน 7 คน,SUBARU,XV 2.0i-P ES,288
876,2566,รถยนต์นั่งส่วนบุคคลไม่เกิน 7 คน,SUZUKI,CARRY 1.5L MT,2
877,2566,รถยนต์นั่งส่วนบุคคลไม่เกิน 7 คน,SUZUKI,CELERIO GA 1.0L,382
878,2566,รถยนต์นั่งส่วนบุคคลไม่เกิน 7 คน,SUZUKI,CELERIO GA 1.0L MT,204
879,2566,รถยนต์นั่งส่วนบุคคลไม่เกิน 7 คน,SUZUKI,CELERIO GL 1.0L,1051
880,2566,รถยนต์นั่งส่วนบุคคลไม่เกิน 7 คน,SUZUKI,CELERIO GL 1.0L CVT,298
881,2566,รถยนต์นั่งส่วนบุคคลไม่เกิน 7 คน,SUZUKI,CELERIO GL UP 1.0L CVT,334
882,2566,รถยนต์นั่งส่วนบุคคลไม่เกิน 7 คน,SUZUKI,CELERIO GX 1.0L,333
883,2566,รถยนต์นั่งส่วนบุคคลไม่เกิน 7 คน,SUZUKI,CELERIO GX 1.0L CVT,321
884,2566,รถยนต์นั่งส่วนบุคคลไม่เกิน 7 คน,SUZUKI,CIAZ GL CVT,441
885,2566,รถยนต์นั่งส่วนบุคคลไม่เกิน 7 คน,SUZUKI,CIAZ GL MT,49
886,2566,รถยนต์นั่งส่วนบุคคลไม่เกิน 7 คน,SUZUKI,CIAZ GL PLUS CVT,1
887,2566,รถยนต์นั่งส่วนบุคคลไม่เกิน 7 คน,SUZUKI,CIAZ GLX 1.25L CVT,3
888,2566,รถยนต์นั่งส่วนบุคคลไม่เกิน 7 คน,SUZUKI,CIAZ GLX CVT,50
889,2566,รถยนต์นั่งส่วนบุคคลไม่เกิน 7 คน,SUZUKI,CIAZ RS CVT,65
890,2566,รถยนต์นั่งส่วนบุคคลไม่เกิน 7 คน,SUZUKI,ERTIGA GL 1.5L,62
891,2566,รถยนต์นั่งส่วนบุคคลไม่เกิน 7 คน,SUZUKI,ERTIGA GX 1.4L,2
892,2566,รถยนต์นั่งส่วนบุคคลไม่เกิน 7 คน,SUZUKI,ERTIGA GX 1.5L,424
893,2566,รถยนต์นั่งส่วนบุคคลไม่เกิน 7 คน,SUZUKI,HUSTLER J STYLE II TURBO,3
894,2566,รถยนต์นั่งส่วนบุคคลไม่เกิน 7 คน,SUZUKI,JIMNY 1.5L 4AT,41
895,2566,รถยนต์นั่งส่วนบุคคลไม่เกิน 7 คน,SUZUKI,JIMNY ALPHA 5 DOOR,2
896,2566,รถยนต์นั่งส่วนบุคคลไม่เกิน 7 คน,SUZUKI,JIMNY SIERRA,34
897,2566,รถยนต์นั่งส่วนบุคคลไม่เกิน 7 คน,SUZUKI,JIMNY SIERRA 1.5L,1
898,2566,รถยนต์นั่งส่วนบุคคลไม่เกิน 7 คน,SUZUKI,JIMNY SIERRA JC,94
899,2566,รถยนต์นั่งส่วนบุคคลไม่เกิน 7 คน,SUZUKI,JIMNY SIERRA JC 1.5L,7
900,2566,รถยนต์นั่งส่วนบุคคลไม่เกิน 7 คน,SUZUKI,JIMNY XC,1
901,2566,รถยนต์นั่งส่วนบุคคลไม่เกิน 7 คน,SUZUKI,SPACIA CUSTOM HYBRID XS,1
902,2566,รถยนต์นั่งส่วนบุคคลไม่เกิน 7 คน,SUZUKI,SPACIA CUSTOM HYBRID XS TURBO,8
903,2566,รถยนต์นั่งส่วนบุคคลไม่เกิน 7 คน,SUZUKI,SPACIA GEAR HYBRID XZ TURBO,7
904,2566,รถยนต์นั่งส่วนบุคคลไม่เกิน 7 คน,SUZUKI,SPACIA GEAR MY STYLE HYBRID,9
905,2566,รถยนต์นั่งส่วนบุคคลไม่เกิน 7 คน,SUZUKI,SWIFT GA 1.25L CVT,2
906,2566,รถยนต์นั่งส่วนบุคคลไม่เกิน 7 คน,SUZUKI,SWIFT GL 1.2L CVT,1593
907,2566,รถยนต์นั่งส่วนบุคคลไม่เกิน 7 คน,SUZUKI,SWIFT GL MAX EDITION,7
908,2566,รถยนต์นั่งส่วนบุคคลไม่เกิน 7 คน,SUZUKI,SWIFT GL NEXT 1.2L CVT,923
909,2566,รถยนต์นั่งส่วนบุคคลไม่เกิน 7 คน,SUZUKI,SWIFT GL PLUS 1.2L CVT,1919
910,2566,รถยนต์นั่งส่วนบุคคลไม่เกิน 7 คน,SUZUKI,SWIFT GLX 1.25L CVT,1
911,2566,รถยนต์นั่งส่วนบุคคลไม่เกิน 7 คน,SUZUKI,SWIFT GLX 1.2L CVT,2323
912,2566,รถยนต์นั่งส่วนบุคคลไม่เกิน 7 คน,SUZUKI,SWIFT GLX-Navi 1.2L CVT,14
913,2566,รถยนต์นั่งส่วนบุคคลไม่เกิน 7 คน,SUZUKI,SWIFT RX 1.25L,1
914,2566,รถยนต์นั่งส่วนบุคคลไม่เกิน 7 คน,SUZUKI,XL7 1.5L,1141
915,2566,รถยนต์นั่งส่วนบุคคลไม่เกิน 7 คน,TATA,XENON,1
916,2566,รถยนต์นั่งส่วนบุคคลไม่เกิน 7 คน,TESLA,Model 3 Performance,451
917,2566,รถยนต์นั่งส่วนบุคคลไม่เกิน 7 คน,TESLA,Model 3 Rear-Wheel Drive,722
918,2566,รถยนต์นั่งส่วนบุคคลไม่เกิน 7 คน,TESLA,Model Y Rear-Wheel Drive,1149
919,2566,รถยนต์นั่งส่วนบุคคลไม่เกิน 7 คน,TESLA,MODEL 3,2
920,2566,รถยนต์นั่งส่วนบุคคลไม่เกิน 7 คน,TESLA,MODEL 3 LONG RANGE,1131
921,2566,รถยนต์นั่งส่วนบุคคลไม่เกิน 7 คน,TESLA,MODEL 3 PERFORMANCE,6
922,2566,รถยนต์นั่งส่วนบุคคลไม่เกิน 7 คน,TESLA,MODEL 3 REAR WHEEL DRIVE,1
923,2566,รถยนต์นั่งส่วนบุคคลไม่เกิน 7 คน,TESLA,MODEL 3 RWD,1
924,2566,รถยนต์นั่งส่วนบุคคลไม่เกิน 7 คน,TESLA,MODEL 3 STANDARD,2
925,2566,รถยนต์นั่งส่วนบุคคลไม่เกิน 7 คน,TESLA,MODEL 3 STANDARD PLUS,2
926,2566,รถยนต์นั่งส่วนบุคคลไม่เกิน 7 คน,TESLA,MODEL 3 STANDARD RANGE PLUS,5
927,2566,รถยนต์นั่งส่วนบุคคลไม่เกิน 7 คน,TESLA,MODEL X PERFORMANCE,1
928,2566,รถยนต์นั่งส่วนบุคคลไม่เกิน 7 คน,TESLA,MODEL Y LONG RANGE,3123
929,2566,รถยนต์นั่งส่วนบุคคลไม่เกิน 7 คน,TESLA,MODEL Y LONG RANGE DUAL MOTOR,5
930,2566,รถยนต์นั่งส่วนบุคคลไม่เกิน 7 คน,TESLA,MODEL Y PERFORMANCE,1590
931,2566,รถยนต์นั่งส่วนบุคคลไม่เกิน 7 คน,TESLA,MODEL Y RWD,1
932,2566,รถยนต์นั่งส่วนบุคคลไม่เกิน 7 คน,TESLA,MODEL Y STANDARD,4
933,2566,รถยนต์นั่งส่วนบุคคลไม่เกิน 7 คน,TESLA,MODEL Y STANDARD RANGE,9
934,2566,รถยนต์นั่งส่วนบุคคลไม่เกิน 7 คน,TESLA,MODEL3 LONG RANGE PER,1
935,2566,รถยนต์นั่งส่วนบุคคลไม่เกิน 7 คน,TOYOTA,1.5S Touring,1
936,2566,รถยนต์นั่งส่วนบุคคลไม่เกิน 7 คน,TOYOTA,2.0G Extremo,2
937,2566,รถยนต์นั่งส่วนบุคคลไม่เกิน 7 คน,TOYOTA,2.5 HV Premium,1
938,2566,รถยนต์นั่งส่วนบุคคลไม่เกิน 7 คน,TOYOTA,3.0V 4WD TRD,1
939,2566,รถยนต์นั่งส่วนบุคคลไม่เกิน 7 คน,TOYOTA,AHV40R-JEXGBT  A1,1
940,2566,รถยนต์นั่งส่วนบุคคลไม่เกิน 7 คน,TOYOTA,ALPHARD,175
941,2566,รถยนต์นั่งส่วนบุคคลไม่เกิน 7 คน,TOYOTA,ALPHARD 2.5 HYBRID EXECUTIVE,7
942,2566,รถยนต์นั่งส่วนบุคคลไม่เกิน 7 คน,TOYOTA,ALPHARD 2.5 HYBRID G F,6
943,2566,รถยนต์นั่งส่วนบุคคลไม่เกิน 7 คน,TOYOTA,ALPHARD 2.5 HYBRID G F PACKAGE,66
944,2566,รถยนต์นั่งส่วนบุคคลไม่เกิน 7 คน,TOYOTA,ALPHARD 2.5 HYBRID S E-FOUR,5
945,2566,รถยนต์นั่งส่วนบุคคลไม่เกิน 7 คน,TOYOTA,ALPHARD 2.5 HYBRID S TYPE GOLD,19
946,2566,รถยนต์นั่งส่วนบุคคลไม่เกิน 7 คน,TOYOTA,ALPHARD 2.5 HYBRID SR C,40
947,2566,รถยนต์นั่งส่วนบุคคลไม่เกิน 7 คน,TOYOTA,ALPHARD 2.5 HYBRID SR C PACKAG,7
948,2566,รถยนต์นั่งส่วนบุคคลไม่เกิน 7 คน,TOYOTA,ALPHARD 2.5 HYBRID SRC PACKAGE,160
949,2566,รถยนต์นั่งส่วนบุคคลไม่เกิน 7 คน,TOYOTA,ALPHARD 2.5 HYBRID X E-FOUR,59
950,2566,รถยนต์นั่งส่วนบุคคลไม่เกิน 7 คน,TOYOTA,ALPHARD 2.5 HYBRID X SIDE,2
951,2566,รถยนต์นั่งส่วนบุคคลไม่เกิน 7 คน,TOYOTA,ALPHARD 2.5 SC PACKAGE,1314
952,2566,รถยนต์นั่งส่วนบุคคลไม่เกิน 7 คน,TOYOTA,ALPHARD 2.5L S TYPE GOLD III,1
953,2566,รถยนต์นั่งส่วนบุคคลไม่เกิน 7 คน,TOYOTA,ALPHARD 2.5L SC PACKAGE,387
954,2566,รถยนต์นั่งส่วนบุคคลไม่เกิน 7 คน,TOYOTA,ALPHARD 2.5S,1
955,2566,รถยนต์นั่งส่วนบุคคลไม่เกิน 7 คน,TOYOTA,"ALPHARD 2.5S ""TYPE GOLD III""",15
956,2566,รถยนต์นั่งส่วนบุคคลไม่เกิน 7 คน,TOYOTA,"ALPHARD 2.5S ""TYPE GOLD""",1
957,2566,รถยนต์นั่งส่วนบุคคลไม่เกิน 7 คน,TOYOTA,ALPHARD 2.5S G PACKAGE,1
958,2566,รถยนต์นั่งส่วนบุคคลไม่เกิน 7 คน,TOYOTA,ALPHARD 2.5X,3
959,2566,รถยนต์นั่งส่วนบุคคลไม่เกิน 7 คน,TOYOTA,ALPHARD 2.5X SIDE LIFT UP SEAT,4
960,2566,รถยนต์นั่งส่วนบุคคลไม่เกิน 7 คน,TOYOTA,ALPHARD GF HYBRID 2.5L,6
961,2566,รถยนต์นั่งส่วนบุคคลไม่เกิน 7 คน,TOYOTA,ALPHARD HYBRID 2.5 S TYPE GOLD,13
962,2566,รถยนต์นั่งส่วนบุคคลไม่เกิน 7 คน,TOYOTA,ALPHARD HYBRID GF 2.5L,19
963,2566,รถยนต์นั่งส่วนบุคคลไม่เกิน 7 คน,TOYOTA,ALPHARD HYBRID GF PACKAGE,26
964,2566,รถยนต์นั่งส่วนบุคคลไม่เกิน 7 คน,TOYOTA,ALPHARD HYBRID GF PACKAGE 2.5L,5
965,2566,รถยนต์นั่งส่วนบุคคลไม่เกิน 7 คน,TOYOTA,ALPHARD HYBRID S 2.5L,4
966,2566,รถยนต์นั่งส่วนบุคคลไม่เกิน 7 คน,TOYOTA,ALPHARD HYBRID S TYPE GOLD,3
967,2566,รถยนต์นั่งส่วนบุคคลไม่เกิน 7 คน,TOYOTA,ALPHARD HYBRID S TYPE GOLD II,8
968,2566,รถยนต์นั่งส่วนบุคคลไม่เกิน 7 คน,TOYOTA,ALPHARD HYBRID S TYPE GOLD III,10
969,2566,รถยนต์นั่งส่วนบุคคลไม่เกิน 7 คน,TOYOTA,ALPHARD HYBRID SR C,10
970,2566,รถยนต์นั่งส่วนบุคคลไม่เกิน 7 คน,TOYOTA,ALPHARD HYBRID SRC 2.5L,74
971,2566,รถยนต์นั่งส่วนบุคคลไม่เกิน 7 คน,TOYOTA,ALPHARD HYBRID SRC PACKAGE,231
972,2566,รถยนต์นั่งส่วนบุคคลไม่เกิน 7 คน,TOYOTA,ALPHARD HYBRID X,28
973,2566,รถยนต์นั่งส่วนบุคคลไม่เกิน 7 คน,TOYOTA,ALPHARD HYBRID X 2.5L,23
974,2566,รถยนต์นั่งส่วนบุคคลไม่เกิน 7 คน,TOYOTA,ALPHARD HYBRID X E-FOUR,16
975,2566,รถยนต์นั่งส่วนบุคคลไม่เกิน 7 คน,TOYOTA,ALPHARD HYBRID X SIDE LIFT UP,1
976,2566,รถยนต์นั่งส่วนบุคคลไม่เกิน 7 คน,TOYOTA,ALPHARD HYBRID Z,2
977,2566,รถยนต์นั่งส่วนบุคคลไม่เกิน 7 คน,TOYOTA,ALPHARD HYBRID Z 2.5L,1
978,2566,รถยนต์นั่งส่วนบุคคลไม่เกิน 7 คน,TOYOTA,"ALPHARD S ""TYPE GOLD III""",8
979,2566,รถยนต์นั่งส่วนบุคคลไม่เกิน 7 คน,TOYOTA,ALPHARD S TYPE GOLD 2.5L,1
980,2566,รถยนต์นั่งส่วนบุคคลไม่เกิน 7 คน,TOYOTA,ALPHARD SC PACKAGE,926
981,2566,รถยนต์นั่งส่วนบุคคลไม่เกิน 7 คน,TOYOTA,ALPHARD SC PACKAGE 2.5L,763
982,2566,รถยนต์นั่งส่วนบุคคลไม่เกิน 7 คน,TOYOTA,ALPHARD SRC HYBRID 2.5L,71
983,2566,รถยนต์นั่งส่วนบุคคลไม่เกิน 7 คน,TOYOTA,ALPHARD X HYBRID 2.5L,11
984,2566,รถยนต์นั่งส่วนบุคคลไม่เกิน 7 คน,TOYOTA,ALPHARD Z 2.5L,4
985,2566,รถยนต์นั่งส่วนบุคคลไม่เกิน 7 คน,TOYOTA,ALPHARD Z 2WD,26
986,2566,รถยนต์นั่งส่วนบุคคลไม่เกิน 7 คน,TOYOTA,ALPHARD Z 4WD,1
987,2566,รถยนต์นั่งส่วนบุคคลไม่เกิน 7 คน,TOYOTA,ALPHARD Z HYBRID 2.5L,1
988,2566,รถยนต์นั่งส่วนบุคคลไม่เกิน 7 คน,TOYOTA,ANH20R-PFXGK   C4,1
989,2566,รถยนต์นั่งส่วนบุคคลไม่เกิน 7 คน,TOYOTA,ASV50R-JETEKT  A1,1
990,2566,รถยนต์นั่งส่วนบุคคลไม่เกิน 7 คน,TOYOTA,AVANZA,1
991,2566,รถยนต์นั่งส่วนบุคคลไม่เกิน 7 คน,TOYOTA,AYGO 1.0 X-CLUSIV,1
992,2566,รถยนต์นั่งส่วนบุคคลไม่เกิน 7 คน,TOYOTA,BZ4X,60
993,2566,รถยนต์นั่งส่วนบุคคลไม่เกิน 7 คน,TOYOTA,C-HR,590
994,2566,รถยนต์นั่งส่วนบุคคลไม่เกิน 7 คน,TOYOTA,CAMRY,5056
995,2566,รถยนต์นั่งส่วนบุคคลไม่เกิน 7 คน,TOYOTA,CENTURY HYBRID,2
996,2566,รถยนต์นั่งส่วนบุคคลไม่เกิน 7 คน,TOYOTA,COASTER,1
997,2566,รถยนต์นั่งส่วนบุคคลไม่เกิน 7 คน,TOYOTA,COMMUTER,474
998,2566,รถยนต์นั่งส่วนบุคคลไม่เกิน 7 คน,TOYOTA,COROLLA,5651
999,2566,รถยนต์นั่งส่วนบุคคลไม่เกิน 7 คน,TOYOTA,COROLLA CROSS,19857
1000,2566,รถยนต์นั่งส่วนบุคคลไม่เกิน 7 คน,TOYOTA,CROWN CROSSOVER G ADVANCED,5
1001,2566,รถยนต์นั่งส่วนบุคคลไม่เกิน 7 คน,TOYOTA,CROWN CROSSOVER G LEATHER,1
1002,2566,รถยนต์นั่งส่วนบุคคลไม่เกิน 7 คน,TOYOTA,CROWN CROSSOVER RS ADVANCE,3
1003,2566,รถยนต์นั่งส่วนบุคคลไม่เกิน 7 คน,TOYOTA,CROWN CROSSOVER RS ADVANCED,6
1004,2566,รถยนต์นั่งส่วนบุคคลไม่เกิน 7 คน,TOYOTA,CROWN RS LIMITED II,1
1005,2566,รถยนต์นั่งส่วนบุคคลไม่เกิน 7 คน,TOYOTA,D-Cab 2x4 2.5E I/C(Black),1
1006,2566,รถยนต์นั่งส่วนบุคคลไม่เกิน 7 คน,TOYOTA,D-Cab 4x2 2.4J Plus,1
1007,2566,รถยนต์นั่งส่วนบุคคลไม่เกิน 7 คน,TOYOTA,D-Cab 4x4 2.4E,3
1008,2566,รถยนต์นั่งส่วนบุคคลไม่เกิน 7 คน,TOYOTA,D-Cab 4x4 2.8G A/T,1
1009,2566,รถยนต์นั่งส่วนบุคคลไม่เกิน 7 คน,TOYOTA,D-Cab 4X2 2.5 J W PS-M/T,2
1010,2566,รถยนต์นั่งส่วนบุคคลไม่เกิน 7 คน,TOYOTA,FJ CRUISER 4.0L,2
1011,2566,รถยนต์นั่งส่วนบุคคลไม่เกิน 7 คน,TOYOTA,FORTUNER,25636
1012,2566,รถยนต์นั่งส่วนบุคคลไม่เกิน 7 คน,TOYOTA,GR 86 RZ,14
1013,2566,รถยนต์นั่งส่วนบุคคลไม่เกิน 7 คน,TOYOTA,GR COROLLA,4
1014,2566,รถยนต์นั่งส่วนบุคคลไม่เกิน 7 คน,TOYOTA,GR COROLLA MORIZO EDITION,2
1015,2566,รถยนต์นั่งส่วนบุคคลไม่เกิน 7 คน,TOYOTA,GR COROLLA RZ,5
1016,2566,รถยนต์นั่งส่วนบุคคลไม่เกิน 7 คน,TOYOTA,GR COROLLA RZ MORIZO EDITION,1
1017,2566,รถยนต์นั่งส่วนบุคคลไม่เกิน 7 คน,TOYOTA,GR SUPRA,4
1018,2566,รถยนต์นั่งส่วนบุคคลไม่เกิน 7 คน,TOYOTA,GR SUPRA RZ,2
1019,2566,รถยนต์นั่งส่วนบุคคลไม่เกิน 7 คน,TOYOTA,GR SUPRA RZ MATTE WHITE EDIT,1
1020,2566,รถยนต์นั่งส่วนบุคคลไม่เกิน 7 คน,TOYOTA,GR YARIS,10
1021,2566,รถยนต์นั่งส่วนบุคคลไม่เกิน 7 คน,TOYOTA,GR YARIS RC,1
1022,2566,รถยนต์นั่งส่วนบุคคลไม่เกิน 7 คน,TOYOTA,GR YARIS RZ,1
1023,2566,รถยนต์นั่งส่วนบุคคลไม่เกิน 7 คน,TOYOTA,GR YARIS RZ HIGH PERFORMANCE,9
1024,2566,รถยนต์นั่งส่วนบุคคลไม่เกิน 7 คน,TOYOTA,GR86,11
1025,2566,รถยนต์นั่งส่วนบุคคลไม่เกิน 7 คน,TOYOTA,GR86 10TH ANNIVERSARY,6
1026,2566,รถยนต์นั่งส่วนบุคคลไม่เกิน 7 คน,TOYOTA,GR86 CUP CAR BASIC,9
1027,2566,รถยนต์นั่งส่วนบุคคลไม่เกิน 7 คน,TOYOTA,GR86 RC,13
1028,2566,รถยนต์นั่งส่วนบุคคลไม่เกิน 7 คน,TOYOTA,GR86 RZ,5
1029,2566,รถยนต์นั่งส่วนบุคคลไม่เกิน 7 คน,TOYOTA,GR86 RZ 10th ANNIVERSARY,15
1030,2566,รถยนต์นั่งส่วนบุคคลไม่เกิน 7 คน,TOYOTA,GR86 RZ 2WD,7
1031,2566,รถยนต์นั่งส่วนบุคคลไม่เกิน 7 คน,TOYOTA,GR86 SZ,2
1032,2566,รถยนต์นั่งส่วนบุคคลไม่เกิน 7 คน,TOYOTA,GT86 14R-60 TRD,2
1033,2566,รถยนต์นั่งส่วนบุคคลไม่เกิน 7 คน,TOYOTA,GT86 RACING,1
1034,2566,รถยนต์นั่งส่วนบุคคลไม่เกิน 7 คน,TOYOTA,HARRIER 2.0 S,1
1035,2566,รถยนต์นั่งส่วนบุคคลไม่เกิน 7 คน,TOYOTA,HARRIER 2.0 Z LEATHER PACKAGE,2
1036,2566,รถยนต์นั่งส่วนบุคคลไม่เกิน 7 คน,TOYOTA,HARRIER 2.5 HYBRID G,1
1037,2566,รถยนต์นั่งส่วนบุคคลไม่เกิน 7 คน,TOYOTA,HARRIER 2.5 HYBRID Z,3
1038,2566,รถยนต์นั่งส่วนบุคคลไม่เกิน 7 คน,TOYOTA,HARRIER 2.5 HYBRID Z LEATHER,6
1039,2566,รถยนต์นั่งส่วนบุคคลไม่เกิน 7 คน,TOYOTA,HARRIER 2.5L HYBRID,1
1040,2566,รถยนต์นั่งส่วนบุคคลไม่เกิน 7 คน,TOYOTA,HARRIER HYBRID G,8
1041,2566,รถยนต์นั่งส่วนบุคคลไม่เกิน 7 คน,TOYOTA,HARRIER HYBRID Z,3
1042,2566,รถยนต์นั่งส่วนบุคคลไม่เกิน 7 คน,TOYOTA,HARRIER HYBRID Z LEATHER,3
1043,2566,รถยนต์นั่งส่วนบุคคลไม่เกิน 7 คน,TOYOTA,HILUX REVO,45010
1044,2566,รถยนต์นั่งส่วนบุคคลไม่เกิน 7 คน,TOYOTA,INNOVA,625
1045,2566,รถยนต์นั่งส่วนบุคคลไม่เกิน 7 คน,TOYOTA,KDH222R-LEMDYT A1,2
1046,2566,รถยนต์นั่งส่วนบุคคลไม่เกิน 7 คน,TOYOTA,KDH223R-LEPDYT A1,2
1047,2566,รถยนต์นั่งส่วนบุคคลไม่เกิน 7 คน,TOYOTA,KUN15R-PRMDYT  A3,1
1048,2566,รถยนต์นั่งส่วนบุคคลไม่เกิน 7 คน,TOYOTA,KUN25R-PRMSHT  A4,1
1049,2566,รถยนต์นั่งส่วนบุคคลไม่เกิน 7 คน,TOYOTA,KUN36R-PRMSYT  B5,1
1050,2566,รถยนต์นั่งส่วนบุคคลไม่เกิน 7 คน,TOYOTA,LAND CRUISER 300 GR SPORT,12
1051,2566,รถยนต์นั่งส่วนบุคคลไม่เกิน 7 คน,TOYOTA,LAND CRUISER 300 SERIES GR,1
1052,2566,รถยนต์นั่งส่วนบุคคลไม่เกิน 7 คน,TOYOTA,LAND CRUISER 300 ZX,3
1053,2566,รถยนต์นั่งส่วนบุคคลไม่เกิน 7 คน,TOYOTA,LAND CRUISER 300 ZX 3.3L,5
1054,2566,รถยนต์นั่งส่วนบุคคลไม่เกิน 7 คน,TOYOTA,LAND CRUISER 300 ZX DIESEL,6
1055,2566,รถยนต์นั่งส่วนบุคคลไม่เกิน 7 คน,TOYOTA,LAND CRUISER 70 30TH,1
1056,2566,รถยนต์นั่งส่วนบุคคลไม่เกิน 7 คน,TOYOTA,LAND CRUISER ACTIVE 2.8D,1
1057,2566,รถยนต์นั่งส่วนบุคคลไม่เกิน 7 คน,TOYOTA,LAND CRUISER AX,4
1058,2566,รถยนต์นั่งส่วนบุคคลไม่เกิน 7 คน,TOYOTA,LAND CRUISER GR SPORT,2
1059,2566,รถยนต์นั่งส่วนบุคคลไม่เกิน 7 คน,TOYOTA,LAND CRUISER GX,1
1060,2566,รถยนต์นั่งส่วนบุคคลไม่เกิน 7 คน,TOYOTA,LAND CRUISER PRADO 2.7 TX-L,3
1061,2566,รถยนต์นั่งส่วนบุคคลไม่เกิน 7 คน,TOYOTA,LAND CRUISER PRADO TX,5
1062,2566,รถยนต์นั่งส่วนบุคคลไม่เกิน 7 คน,TOYOTA,LAND CRUISER PRADO TX L,4
1063,2566,รถยนต์นั่งส่วนบุคคลไม่เกิน 7 คน,TOYOTA,LAND CRUISER PRADO TZ G 2.8L,11
1064,2566,รถยนต์นั่งส่วนบุคคลไม่เกิน 7 คน,TOYOTA,LAND CRUISER PRADO TZ-G,9
1065,2566,รถยนต์นั่งส่วนบุคคลไม่เกิน 7 คน,TOYOTA,LAND CRUISER ZX,9
1066,2566,รถยนต์นั่งส่วนบุคคลไม่เกิน 7 คน,TOYOTA,LANDCRUISER LC300 GR SPORT,5
1067,2566,รถยนต์นั่งส่วนบุคคลไม่เกิน 7 คน,TOYOTA,LANDCRUISER LC300 SAHARA,3
1068,2566,รถยนต์นั่งส่วนบุคคลไม่เกิน 7 คน,TOYOTA,LANDCRUISER LC300 SAHARA ZX,1
1069,2566,รถยนต์นั่งส่วนบุคคลไม่เกิน 7 คน,TOYOTA,LANDCRUISER PRADO 2.8,2
1070,2566,รถยนต์นั่งส่วนบุคคลไม่เกิน 7 คน,TOYOTA,LANDCRUISER PRADO 2.8 DIESEL,4
1071,2566,รถยนต์นั่งส่วนบุคคลไม่เกิน 7 คน,TOYOTA,LANDCRUISER PRADO 2.8 TXL,4
1072,2566,รถยนต์นั่งส่วนบุคคลไม่เกิน 7 คน,TOYOTA,LANDCRUISER PRADO TXL PACKAGE,1
1073,2566,รถยนต์นั่งส่วนบุคคลไม่เกิน 7 คน,TOYOTA,NCP93R-BEPRKT  A4,1
1074,2566,รถยนต์นั่งส่วนบุคคลไม่เกิน 7 คน,TOYOTA,NOAH HYBRID S-Z,3
1075,2566,รถยนต์นั่งส่วนบุคคลไม่เกิน 7 คน,TOYOTA,NOAH HYBRID X,3
1076,2566,รถยนต์นั่งส่วนบุคคลไม่เกิน 7 คน,TOYOTA,NOAH SZ,1
1077,2566,รถยนต์นั่งส่วนบุคคลไม่เกิน 7 คน,TOYOTA,NOAH SZ HYBRID,2
1078,2566,รถยนต์นั่งส่วนบุคคลไม่เกิน 7 คน,TOYOTA,NSP152R-AHXRKT CA,1
1079,2566,รถยนต์นั่งส่วนบุคคลไม่เกิน 7 คน,TOYOTA,SIENTA,442
1080,2566,รถยนต์นั่งส่วนบุคคลไม่เกิน 7 คน,TOYOTA,SIENTA HYBRID Z,1
1081,2566,รถยนต์นั่งส่วนบุคคลไม่เกิน 7 คน,TOYOTA,SUPRA,1
1082,2566,รถยนต์นั่งส่วนบุคคลไม่เกิน 7 คน,TOYOTA,SUPRA RZ,1
1083,2566,รถยนต์นั่งส่วนบุคคลไม่เกิน 7 คน,TOYOTA,SUPRA RZ 3.0L,2
1084,2566,รถยนต์นั่งส่วนบุคคลไม่เกิน 7 คน,TOYOTA,TGN16R-PRMSKT  A7,1
1085,2566,รถยนต์นั่งส่วนบุคคลไม่เกิน 7 คน,TOYOTA,TGN16R-PRMSKT  A8,1
1086,2566,รถยนต์นั่งส่วนบุคคลไม่เกิน 7 คน,TOYOTA,TR TRANSFORMER,21
1087,2566,รถยนต์นั่งส่วนบุคคลไม่เกิน 7 คน,TOYOTA,TR-TRANSFORTMER,3
1088,2566,รถยนต์นั่งส่วนบุคคลไม่เกิน 7 คน,TOYOTA,VELLFIRE,36
1089,2566,รถยนต์นั่งส่วนบุคคลไม่เกิน 7 คน,TOYOTA,VELLFIRE 2.5 GOLDEN EYES III,6
1090,2566,รถยนต์นั่งส่วนบุคคลไม่เกิน 7 คน,TOYOTA,VELLFIRE 2.5 HYBRID X E-FOUR,1
1091,2566,รถยนต์นั่งส่วนบุคคลไม่เกิน 7 คน,TOYOTA,VELLFIRE 2.5 HYBRID ZR G,5
1092,2566,รถยนต์นั่งส่วนบุคคลไม่เกิน 7 คน,TOYOTA,VELLFIRE 2.5Z G EDITION,9
1093,2566,รถยนต์นั่งส่วนบุคคลไม่เกิน 7 คน,TOYOTA,VELLFIRE HYBRID E-FOUR,1
1094,2566,รถยนต์นั่งส่วนบุคคลไม่เกิน 7 คน,TOYOTA,VELLFIRE HYBRID V L EDITION,2
1095,2566,รถยนต์นั่งส่วนบุคคลไม่เกิน 7 คน,TOYOTA,VELLFIRE HYBRID X,1
1096,2566,รถยนต์นั่งส่วนบุคคลไม่เกิน 7 คน,TOYOTA,VELLFIRE HYBRID X 2.5L,6
1097,2566,รถยนต์นั่งส่วนบุคคลไม่เกิน 7 คน,TOYOTA,VELLFIRE HYBRID Z PREMIER,3
1098,2566,รถยนต์นั่งส่วนบุคคลไม่เกิน 7 คน,TOYOTA,VELLFIRE HYBRID ZRG EDITION,4
1099,2566,รถยนต์นั่งส่วนบุคคลไม่เกิน 7 คน,TOYOTA,VELLFIRE Z G EDITION,2
1100,2566,รถยนต์นั่งส่วนบุคคลไม่เกิน 7 คน,TOYOTA,VELLFIRE Z PREMIER,1
1101,2566,รถยนต์นั่งส่วนบุคคลไม่เกิน 7 คน,TOYOTA,VELLFIRE Z PREMIER 2WD 2.5L,1
1102,2566,รถยนต์นั่งส่วนบุคคลไม่เกิน 7 คน,TOYOTA,VELLFIRE Z PREMIER HYBRID,2
1103,2566,รถยนต์นั่งส่วนบุคคลไม่เกิน 7 คน,TOYOTA,VELLFIRE Z PREMIER HYBRID 2.5L,1
1104,2566,รถยนต์นั่งส่วนบุคคลไม่เกิน 7 คน,TOYOTA,VELOZ,13227
1105,2566,รถยนต์นั่งส่วนบุคคลไม่เกิน 7 คน,TOYOTA,VIOS,72
1106,2566,รถยนต์นั่งส่วนบุคคลไม่เกิน 7 คน,TOYOTA,VIOS 1.5J M/T,1
1107,2566,รถยนต์นั่งส่วนบุคคลไม่เกิน 7 คน,TOYOTA,VOXY,1
1108,2566,รถยนต์นั่งส่วนบุคคลไม่เกิน 7 คน,TOYOTA,VOXY HYBRID S-G,6
1109,2566,รถยนต์นั่งส่วนบุคคลไม่เกิน 7 คน,TOYOTA,VOXY HYBRID S-Z,104
1110,2566,รถยนต์นั่งส่วนบุคคลไม่เกิน 7 คน,TOYOTA,VOXY HYBRID SZ 1.8L,15
1111,2566,รถยนต์นั่งส่วนบุคคลไม่เกิน 7 คน,TOYOTA,VOXY S-Z 2WD,17
1112,2566,รถยนต์นั่งส่วนบุคคลไม่เกิน 7 คน,TOYOTA,VOXY SZ,11
1113,2566,รถยนต์นั่งส่วนบุคคลไม่เกิน 7 คน,TOYOTA,VOXY SZ 2.0L,2
1114,2566,รถยนต์นั่งส่วนบุคคลไม่เกิน 7 คน,TOYOTA,VOXY SZ HYBRID,4
1115,2566,รถยนต์นั่งส่วนบุคคลไม่เกิน 7 คน,TOYOTA,VOXY ZS,1
1116,2566,รถยนต์นั่งส่วนบุคคลไม่เกิน 7 คน,TOYOTA,Yaris 1.2J CVT,2
1117,2566,รถยนต์นั่งส่วนบุคคลไม่เกิน 7 คน,TOYOTA,YARIS,18089
1118,2566,รถยนต์นั่งส่วนบุคคลไม่เกิน 7 คน,TOYOTA,YARIS ATIV,55527
1119,2566,รถยนต์นั่งส่วนบุคคลไม่เกิน 7 คน,TOYOTA,YARIS CROSS,2100
1120,2566,รถยนต์นั่งส่วนบุคคลไม่เกิน 7 คน,TOYOTA,YARIS GR CIRCUIT PACK,4
1121,2566,รถยนต์นั่งส่วนบุคคลไม่เกิน 7 คน,TOYOTA,YARIS GRMN CIRCUIT PACKAGE,8
1122,2566,รถยนต์นั่งส่วนบุคคลไม่เกิน 7 คน,TOYOTA,YARIS RZ HIGH PERFORMANCE,1
1123,2566,รถยนต์นั่งส่วนบุคคลไม่เกิน 7 คน,TOYOTA,ZZE141R-GEMDKT A1,1
1124,2566,รถยนต์นั่งส่วนบุคคลไม่เกิน 7 คน,TOYOTA,,3
1125,2566,รถยนต์นั่งส่วนบุคคลไม่เกิน 7 คน,VOLKSWAGEN,ID4 CROZZ PURE PLUS,1
1126,2566,รถยนต์นั่งส่วนบุคคลไม่เกิน 7 คน,VOLKSWAGEN,MULTIVAN 2.0 BI TDI,1
1127,2566,รถยนต์นั่งส่วนบุคคลไม่เกิน 7 คน,VOLKSWAGEN,SCIROCCO 2.0 TSI,1
1128,2566,รถยนต์นั่งส่วนบุคคลไม่เกิน 7 คน,VOLT,VOLT FOR FOUR,332
1129,2566,รถยนต์นั่งส่วนบุคคลไม่เกิน 7 คน,VOLT,VOLT FOR TWO,73
1130,2566,รถยนต์นั่งส่วนบุคคลไม่เกิน 7 คน,VOLVO,C40,761
1131,2566,รถยนต์นั่งส่วนบุคคลไม่เกิน 7 คน,VOLVO,S60,160
1132,2566,รถยนต์นั่งส่วนบุคคลไม่เกิน 7 คน,VOLVO,S90,121
1133,2566,รถยนต์นั่งส่วนบุคคลไม่เกิน 7 คน,VOLVO,V60,295
1134,2566,รถยนต์นั่งส่วนบุคคลไม่เกิน 7 คน,VOLVO,XC40,1459
1135,2566,รถยนต์นั่งส่วนบุคคลไม่เกิน 7 คน,VOLVO,XC60,663
1136,2566,รถยนต์นั่งส่วนบุคคลไม่เกิน 7 คน,VOLVO,XC90,229
1137,2566,รถยนต์นั่งส่วนบุคคลไม่เกิน 7 คน,WEIAO BOMA,,1
1138,2566,รถยนต์นั่งส่วนบุคคลไม่เกิน 7 คน,WULING,Air EV LR,468
1139,2566,รถยนต์นั่งส่วนบุคคลไม่เกิน 7 คน,WULING,Air EV SR,23
1140,2566,รถยนต์นั่งส่วนบุคคลเกิน 7 คน,CHTC,HTK6600BEVK,1
1141,2566,รถยนต์นั่งส่วนบุคคลเกิน 7 คน,FORD,RANGER,88
1142,2566,รถยนต์นั่งส่วนบุคคลเกิน 7 คน,FORD,RANGER RAPTOR,80
1143,2566,รถยนต์นั่งส่วนบุคคลเกิน 7 คน,FOTON,BJ1031EVJA3,1
1144,2566,รถยนต์นั่งส่วนบุคคลเกิน 7 คน,FOTON,BJ6549B1PDA-RA,4
1145,2566,รถยนต์นั่งส่วนบุคคลเกิน 7 คน,HIGER,H5C EV CARGO,1
1146,2566,รถยนต์นั่งส่วนบุคคลเกิน 7 คน,HIGER,H5C EV VAN,1
1147,2566,รถยนต์นั่งส่วนบุคคลเกิน 7 คน,HINO,XZB70R-ZEMHY,5
1148,2566,รถยนต์นั่งส่วนบุคคลเกิน 7 คน,HYUNDAI,H-1,1123
1149,2566,รถยนต์นั่งส่วนบุคคลเกิน 7 คน,HYUNDAI,STARIA,2887
1150,2566,รถยนต์นั่งส่วนบุคคลเกิน 7 คน,HYUNDAI,,1
1151,2566,รถยนต์นั่งส่วนบุคคลเกิน 7 คน,ISUZU,D-MAX,320
1152,2566,รถยนต์นั่งส่วนบุคคลเกิน 7 คน,JOYLONG,HKL6540RBEV,1
1153,2566,รถยนต์นั่งส่วนบุคคลเกิน 7 คน,JOYLONG,,2
1154,2566,รถยนต์นั่งส่วนบุคคลเกิน 7 คน,KIA,CARNIVAL,1319
1155,2566,รถยนต์นั่งส่วนบุคคลเกิน 7 คน,KIA,GRAND CARNIVAL,37
1156,2566,รถยนต์นั่งส่วนบุคคลเกิน 7 คน,KIA,,5
1157,2566,รถยนต์นั่งส่วนบุคคลเกิน 7 คน,MAXUS,V80,1
1158,2566,รถยนต์นั่งส่วนบุคคลเกิน 7 คน,MERCEDES BENZ,SPRINTER 319 CDI,1
1159,2566,รถยนต์นั่งส่วนบุคคลเกิน 7 คน,MERCEDES BENZ,SPRINTER 319 CDI VAN,1
1160,2566,รถยนต์นั่งส่วนบุคคลเกิน 7 คน,MERCEDES BENZ,SPRINTER 416 CDI VAN,5
1161,2566,รถยนต์นั่งส่วนบุคคลเกิน 7 คน,MERCEDES BENZ,SPRINTER 419 CDI (907),4
1162,2566,รถยนต์นั่งส่วนบุคคลเกิน 7 คน,MERCEDES BENZ,SPRINTER 519 CDI VAN,1
1163,2566,รถยนต์นั่งส่วนบุคคลเกิน 7 คน,MERCEDES BENZ,VITO 116 CDI,1
1164,2566,รถยนต์นั่งส่วนบุคคลเกิน 7 คน,MERCEDES BENZ,VITO 119 CDI,203
1165,2566,รถยนต์นั่งส่วนบุคคลเกิน 7 คน,MERCEDES BENZ,,2
1166,2566,รถยนต์นั่งส่วนบุคคลเกิน 7 คน,MG,MG EXTENDER,60
1167,2566,รถยนต์นั่งส่วนบุคคลเกิน 7 คน,MG,V80,10
1168,2566,รถยนต์นั่งส่วนบุคคลเกิน 7 คน,MITSUBISHI,TRITON,46
1169,2566,รถยนต์นั่งส่วนบุคคลเกิน 7 คน,NEX,XML6593JEVJ0,1
1170,2566,รถยนต์นั่งส่วนบุคคลเกิน 7 คน,NISSAN,NAVARA,330
1171,2566,รถยนต์นั่งส่วนบุคคลเกิน 7 คน,NISSAN,TDB4RTFE25EWAY27BY,1
1172,2566,รถยนต์นั่งส่วนบุคคลเกิน 7 คน,NISSAN,UDB4RDRE26EWDDER-C,3
1173,2566,รถยนต์นั่งส่วนบุคคลเกิน 7 คน,NISSAN,UDB4RGKE26EWB--S-C,2
1174,2566,รถยนต์นั่งส่วนบุคคลเกิน 7 คน,NISSAN,URVAN,76
1175,2566,รถยนต์นั่งส่วนบุคคลเกิน 7 คน,NISSAN,UVL4RDRE26KHE-----,102
1176,2566,รถยนต์นั่งส่วนบุคคลเกิน 7 คน,NISSAN,UVL4RDRE26KHE----A,7
1177,2566,รถยนต์นั่งส่วนบุคคลเกิน 7 คน,NISSAN,UVL4RDRE26KWDDER-C,1
1178,2566,รถยนต์นั่งส่วนบุคคลเกิน 7 คน,NISSAN,UVL4RDRE26KWDMER-E,3
1179,2566,รถยนต์นั่งส่วนบุคคลเกิน 7 คน,NISSAN,UVL4RDRE26KWDMER9E,3
1180,2566,รถยนต์นั่งส่วนบุคคลเกิน 7 คน,SSANGYONG,RODIUS,1
1181,2566,รถยนต์นั่งส่วนบุคคลเกิน 7 คน,SSANGYONG,STAVIC SV200,1
1182,2566,รถยนต์นั่งส่วนบุคคลเกิน 7 คน,SUZUKI,CARRY 1.5L MT,133
1183,2566,รถยนต์นั่งส่วนบุคคลเกิน 7 คน,TOYOTA,Commuter (Silver) E4,1
1184,2566,รถยนต์นั่งส่วนบุคคลเกิน 7 คน,TOYOTA,COMMUTER,5801
1185,2566,รถยนต์นั่งส่วนบุคคลเกิน 7 คน,TOYOTA,HIACE,271
1186,2566,รถยนต์นั่งส่วนบุคคลเกิน 7 คน,TOYOTA,HIACE MAJESTY,78
1187,2566,รถยนต์นั่งส่วนบุคคลเกิน 7 คน,TOYOTA,HILUX REVO,1337
1188,2566,รถยนต์นั่งส่วนบุคคลเกิน 7 คน,TOYOTA,KDH202R-RDMNY  A1,1
1189,2566,รถยนต์นั่งส่วนบุคคลเกิน 7 คน,TOYOTA,KDH222R-LEMDYT A1,1
1190,2566,รถยนต์นั่งส่วนบุคคลเกิน 7 คน,TOYOTA,KDH222R-LEMDYT A3,3
1191,2566,รถยนต์นั่งส่วนบุคคลเกิน 7 คน,TOYOTA,KDH222R-LEMDYT A4,1
1192,2566,รถยนต์นั่งส่วนบุคคลเกิน 7 คน,TOYOTA,KDH222R-LEMDYT A6,1
1193,2566,รถยนต์นั่งส่วนบุคคลเกิน 7 คน,TOYOTA,KDH222R-LEMDYT B4,1
1194,2566,รถยนต์นั่งส่วนบุคคลเกิน 7 คน,TOYOTA,KDH222R-LEMDYT B5,1
1195,2566,รถยนต์นั่งส่วนบุคคลเกิน 7 คน,TOYOTA,KDH222R-LEMDYT B6,1
1196,2566,รถยนต์นั่งส่วนบุคคลเกิน 7 คน,TOYOTA,KDH223R-LEMDYT A2,3
1197,2566,รถยนต์นั่งส่วนบุคคลเกิน 7 คน,TOYOTA,KDH223R-LEMDYT B2,5
1198,2566,รถยนต์นั่งส่วนบุคคลเกิน 7 คน,TOYOTA,KDH223R-LEPDYT A1,1
1199,2566,รถยนต์นั่งส่วนบุคคลเกิน 7 คน,TOYOTA,KDH223R-LEPDYT B1,1
1200,2566,รถยนต์นั่งส่วนบุคคลเกิน 7 คน,TOYOTA,TR TRANSFORMER,21
1201,2566,รถยนต์นั่งส่วนบุคคลเกิน 7 คน,TOYOTA,TR-TRANSFORTMER,1
1202,2566,รถยนต์นั่งส่วนบุคคลเกิน 7 คน,TOYOTA,TRH213R-KDPNKT C5,1
1203,2566,รถยนต์นั่งส่วนบุคคลเกิน 7 คน,TOYOTA,TRH223R-LEMDKT C6,2
1204,2566,รถยนต์นั่งส่วนบุคคลเกิน 7 คน,VOLKSWAGEN,CARAVELLE 2.0 BI TDI,1
1205,2566,รถยนต์นั่งส่วนบุคคลเกิน 7 คน,VOLKSWAGEN,CARAVELLE COMFORTLINE 2,2
1206,2566,รถยนต์นั่งส่วนบุคคลเกิน 7 คน,VOLKSWAGEN,CARAVELLE COMFORTLINE2.0L,99
1207,2566,รถยนต์นั่งส่วนบุคคลเกิน 7 คน,VOLKSWAGEN,CARAVELLE MINORCHANGE 2,2
1208,2566,รถยนต์นั่งส่วนบุคคลเกิน 7 คน,VOLKSWAGEN,CARAVELLE T69 2.0 L,61
1209,2566,รถยนต์นั่งส่วนบุคคลเกิน 7 คน,VOLKSWAGEN,T6,1
1210,2566,รถยนต์นั่งส่วนบุคคลเกิน 7 คน,VOLKSWAGEN,TRANSPORTER,1
1211,2566,รถยนต์บรรทุกส่วนบุคคล,BYD,T3,92
1212,2566,รถยนต์บรรทุกส่วนบุคคล,CHANGAN,STAR TRUCK 1.3 5MT,1
1213,2566,รถยนต์บรรทุกส่วนบุคคล,CHEVROLET,COLORADO X-CAB,9
1214,2566,รถยนต์บรรทุกส่วนบุคคล,DAIHATSU,HIJET CARGO,94
1215,2566,รถยนต์บรรทุกส่วนบุคคล,DAIHATSU,HIJET CARGO CRUISE TURBO,1
1216,2566,รถยนต์บรรทุกส่วนบุคคล,DAIHATSU,HIJET TRUCK JUMBO EXTRA,1
1217,2566,รถยนต์บรรทุกส่วนบุคคล,DAIHATSU,HIJET TRUCK JUMBO SAIIIt,1
1218,2566,รถยนต์บรรทุกส่วนบุคคล,DEVA,HERCULES KMC1048D3,1
1219,2566,รถยนต์บรรทุกส่วนบุคคล,DFM,EQ1020TF,1
1220,2566,รถยนต์บรรทุกส่วนบุคคล,DFSK,DFSK EC31,2
1221,2566,รถยนต์บรรทุกส่วนบุคคล,DFSK,EQ1021GF24Q7,1
1222,2566,รถยนต์บรรทุกส่วนบุคคล,DFSK,EVO-P3,4
1223,2566,รถยนต์บรรทุกส่วนบุคคล,FORD,FORD RANGER,4
1224,2566,รถยนต์บรรทุกส่วนบุคคล,FORD,FORD RANGER iJCT9AH,1
1225,2566,รถยนต์บรรทุกส่วนบุคคล,FORD,FORD RANGER zFEA9GD,1
1226,2566,รถยนต์บรรทุกส่วนบุคคล,FORD,RANGER,4913
1227,2566,รถยนต์บรรทุกส่วนบุคคล,FORD,RANGER SWB,105
1228,2566,รถยนต์บรรทุกส่วนบุคคล,FOTON,BJ1031EVJA3,63
1229,2566,รถยนต์บรรทุกส่วนบุคคล,FOTON,BJ1041V8JD3-RF,5
1230,2566,รถยนต์บรรทุกส่วนบุคคล,FOTON,BJ1045V8JD3-FA,93
1231,2566,รถยนต์บรรทุกส่วนบุคคล,FOTON,YZR5116GXFPM,1
1232,2566,รถยนต์บรรทุกส่วนบุคคล,HINO,FC9JE1A-BBAHF,1
1233,2566,รถยนต์บรรทุกส่วนบุคคล,HINO,FG1JGRD,1
1234,2566,รถยนต์บรรทุกส่วนบุคคล,HINO,FG8JF1D-JGT,3
1235,2566,รถยนต์บรรทุกส่วนบุคคล,HINO,FG8JF1D-JJT,15
1236,2566,รถยนต์บรรทุกส่วนบุคคล,HINO,FG8JJ1A-JJT,8
1237,2566,รถยนต์บรรทุกส่วนบุคคล,HINO,FL8JT1A-SGT,1
1238,2566,รถยนต์บรรทุกส่วนบุคคล,HINO,FM8JN1D-SGT,11
1239,2566,รถยนต์บรรทุกส่วนบุคคล,HINO,XZU600R-HKMLKT3,617
1240,2566,รถยนต์บรรทุกส่วนบุคคล,HINO,XZU710R-HKFTLT3,1
1241,2566,รถยนต์บรรทุกส่วนบุคคล,HOMIDA,PICKMAN-KAI,1
1242,2566,รถยนต์บรรทุกส่วนบุคคล,ISUZU,D-MAX,59876
1243,2566,รถยนต์บรรทุกส่วนบุคคล,ISUZU,D-MAX New Style,5
1244,2566,รถยนต์บรรทุกส่วนบุคคล,ISUZU,FRR90HSXFU,2
1245,2566,รถยนต์บรรทุกส่วนบุคคล,ISUZU,FRR90LSXXY,2
1246,2566,รถยนต์บรรทุกส่วนบุคคล,ISUZU,FTR34JXXXU,65
1247,2566,รถยนต์บรรทุกส่วนบุคคล,ISUZU,FTR34LXXXU,27
1248,2566,รถยนต์บรรทุกส่วนบุคคล,ISUZU,FTR34PXXXU,1
1249,2566,รถยนต์บรรทุกส่วนบุคคล,ISUZU,FVZ34QNDXU,20
1250,2566,รถยนต์บรรทุกส่วนบุคคล,ISUZU,FVZ34QSDFU,6
1251,2566,รถยนต์บรรทุกส่วนบุคคล,ISUZU,FVZ34QSDTU,1
1252,2566,รถยนต์บรรทุกส่วนบุคคล,ISUZU,FXZ77QXDFV,8
1253,2566,รถยนต์บรรทุกส่วนบุคคล,ISUZU,FYH77SXDFV,2
1254,2566,รถยนต์บรรทุกส่วนบุคคล,ISUZU,MU-X,1
1255,2566,รถยนต์บรรทุกส่วนบุคคล,ISUZU,NLR77EXXXW,69
1256,2566,รถยนต์บรรทุกส่วนบุคคล,ISUZU,NLR85EXSXY,149
1257,2566,รถยนต์บรรทุกส่วนบุคคล,ISUZU,NLR85EXXXS,1
1258,2566,รถยนต์บรรทุกส่วนบุคคล,ISUZU,NLR85EXXXU,2211
1259,2566,รถยนต์บรรทุกส่วนบุคคล,ISUZU,NMR85EXXXU,2
1260,2566,รถยนต์บรรทุกส่วนบุคคล,ISUZU,NPR75HXXXU,1
1261,2566,รถยนต์บรรทุกส่วนบุคคล,ISUZU,NPR75KXXXU,1
1262,2566,รถยนต์บรรทุกส่วนบุคคล,ISUZU,NQR75HXXXU,7
1263,2566,รถยนต์บรรทุกส่วนบุคคล,ISUZU,NQR75LXXXU,1
1264,2566,รถยนต์บรรทุกส่วนบุคคล,ISUZU,RODEO S 3.0,2
1265,2566,รถยนต์บรรทุกส่วนบุคคล,ISUZU,,3
1266,2566,รถยนต์บรรทุกส่วนบุคคล,JUST,J2-P,1
1267,2566,รถยนต์บรรทุกส่วนบุคคล,KIA,K2500,14
1268,2566,รถยนต์บรรทุกส่วนบุคคล,KIA,K2500(COOL BOX),1
1269,2566,รถยนต์บรรทุกส่วนบุคคล,MAN,TGL 12.250 4X2 BB CH,7
1270,2566,รถยนต์บรรทุกส่วนบุคคล,MAZDA,MAZDA BT-50,503
1271,2566,รถยนต์บรรทุกส่วนบุคคล,MAZDA,MAZDA BT50,1
1272,2566,รถยนต์บรรทุกส่วนบุคคล,MERCEDES BENZ,VITO 116 CDI VAN EX.LONG,2
1273,2566,รถยนต์บรรทุกส่วนบุคคล,MG,MG EXTENDER,356
1274,2566,รถยนต์บรรทุกส่วนบุคคล,MINE MOBILITY,MTS-MT30,21
1275,2566,รถยนต์บรรทุกส่วนบุคคล,MITSUBISHI,KP3TEYJFPRU,1
1276,2566,รถยนต์บรรทุกส่วนบุคคล,MITSUBISHI,L200 2.5 STD. P/S (STRADA 2WD),1
1277,2566,รถยนต์บรรทุกส่วนบุคคล,MITSUBISHI,L200 P 2.5 S-CAB LOW,1
1278,2566,รถยนต์บรรทุกส่วนบุคคล,MITSUBISHI,L200 SUPER 2.8 GLX 4WD (STRADA,1
1279,2566,รถยนต์บรรทุกส่วนบุคคล,MITSUBISHI,TRITON,7538
1280,2566,รถยนต์บรรทุกส่วนบุคคล,MITSUBISHI,XPANDER,1
1281,2566,รถยนต์บรรทุกส่วนบุคคล,MITSUBISHI,,1
1282,2566,รถยนต์บรรทุกส่วนบุคคล,NEX,DYQ1031BEV1R,1
1283,2566,รถยนต์บรรทุกส่วนบุคคล,NISSAN,BVL2RDYD23FHN---CA,1
1284,2566,รถยนต์บรรทุกส่วนบุคคล,NISSAN,BVL2RHYD23FHN---CA,1
1285,2566,รถยนต์บรรทุกส่วนบุคคล,NISSAN,BVL2RSYD23FHP--AAA,1
1286,2566,รถยนต์บรรทุกส่วนบุคคล,NISSAN,BVL2RTYD23FHP--A--,1
1287,2566,รถยนต์บรรทุกส่วนบุคคล,NISSAN,BVL2RWLD23FHP-A--G,1
1288,2566,รถยนต์บรรทุกส่วนบุคคล,NISSAN,KTGD21FX3%,1
1289,2566,รถยนต์บรรทุกส่วนบุคคล,NISSAN,NAVARA,1932
1290,2566,รถยนต์บรรทุกส่วนบุคคล,NISSAN,UVL4RDRE26KHE-----,2
1291,2566,รถยนต์บรรทุกส่วนบุคคล,NISSAN,,1
1292,2566,รถยนต์บรรทุกส่วนบุคคล,POER,SAHAR,1
1293,2566,รถยนต์บรรทุกส่วนบุคคล,ROSENBAUER,PANTHER 6X6,15
1294,2566,รถยนต์บรรทุกส่วนบุคคล,SERES,EC31,10
1295,2566,รถยนต์บรรทุกส่วนบุคคล,SHANGCH,ZQK5027XXYEV1R,1
1296,2566,รถยนต์บรรทุกส่วนบุคคล,SKYWELL,T05,11
1297,2566,รถยนต์บรรทุกส่วนบุคคล,SOKON,CRC5020CLS,5
1298,2566,รถยนต์บรรทุกส่วนบุคคล,SOKON,EC35,2
1299,2566,รถยนต์บรรทุกส่วนบุคคล,SUZUKI,AF416PUM14060,2
1300,2566,รถยนต์บรรทุกส่วนบุคคล,SUZUKI,AP416PUM14058,1
1301,2566,รถยนต์บรรทุกส่วนบุคคล,SUZUKI,AQ416PUM14058,2
1302,2566,รถยนต์บรรทุกส่วนบุคคล,SUZUKI,CARRY 1.5L MT,2707
1303,2566,รถยนต์บรรทุกส่วนบุคคล,SUZUKI,SUPER CARRY X PICK UP,1
1304,2566,รถยนต์บรรทุกส่วนบุคคล,TAKANO,TTE-500,2
1305,2566,รถยนต์บรรทุกส่วนบุคคล,TAKANO,TTE-500L,3
1306,2566,รถยนต์บรรทุกส่วนบุคคล,TOYOTA,A-Cab 4x2 2.7J,1
1307,2566,รถยนต์บรรทุกส่วนบุคคล,TOYOTA,B-Cab 4x2 2.4J,2
1308,2566,รถยนต์บรรทุกส่วนบุคคล,TOYOTA,B-Cab 4X2 2.7J,1
1309,2566,รถยนต์บรรทุกส่วนบุคคล,TOYOTA,COMMUTER,48
1310,2566,รถยนต์บรรทุกส่วนบุคคล,TOYOTA,HIACE,259
1311,2566,รถยนต์บรรทุกส่วนบุคคล,TOYOTA,HIACE DIESEL COMMUTER,1
1312,2566,รถยนต์บรรทุกส่วนบุคคล,TOYOTA,HILUX REVO,68209
1313,2566,รถยนต์บรรทุกส่วนบุคคล,TOYOTA,"HILUX TIGER C-CAB / 2L,P/S",1
1314,2566,รถยนต์บรรทุกส่วนบุคคล,TOYOTA,KUN15R-TRMDHT  B8,1
1315,2566,รถยนต์บรรทุกส่วนบุคคล,TOYOTA,KUN25R-URMSHT  A4,2
1316,2566,รถยนต์บรรทุกส่วนบุคคล,TOYOTA,LAND CRUISER 79 PICK UP 4.2,8
1317,2566,รถยนต์บรรทุกส่วนบุคคล,TOYOTA,LN152R-CRMSSTA,1
1318,2566,รถยนต์บรรทุกส่วนบุคคล,TOYOTA,LN155R-TRMDST,1
1319,2566,รถยนต์บรรทุกส่วนบุคคล,TOYOTA,TGN16R-URMDMT  A7,2
1320,2566,รถยนต์บรรทุกส่วนบุคคล,TOYOTA,TGN16R-URMDMT  A8,3
1321,2566,รถยนต์บรรทุกส่วนบุคคล,TOYOTA,YN85R-TRMRST,1
1322,2566,รถยนต์บรรทุกส่วนบุคคล,TOYOTA,,3
1323,2566,รถยนต์บรรทุกส่วนบุคคล,UD TRUCKS,CWE11N43R390SSI,1
1324,2566,รถยนต์บรรทุกส่วนบุคคล,UD TRUCKS,PKE250HLRM,1
1325,2566,รถยนต์บรรทุกส่วนบุคคล,VOLVO,FM1164R49370AASI-TH,1
1326,2566,รถยนต์บรรทุกส่วนบุคคล,VOLVO,PANTHER 8X8,3
1327,2566,รถยนต์บรรทุกส่วนบุคคล,VOLVO,VOLKAN M24,1
1328,2566,รถยนต์สามล้อส่วนบุคคล,ASM,ATT6,1
1329,2566,รถยนต์สามล้อส่วนบุคคล,BIZ NEX,NEX2.0,3
1330,2566,รถยนต์สามล้อส่วนบุคคล,E-TUK,LIMO GT,1
1331,2566,รถยนต์สามล้อส่วนบุคคล,NKT,G130,33
1332,2566,รถยนต์สามล้อส่วนบุคคล,PANTHERA,Classic II,7
1333,2566,รถยนต์สามล้อส่วนบุคคล,S.T.TUK TUK,ST,3
1334,2566,รถยนต์สามล้อส่วนบุคคล,SUMOTA,,11
1335,2566,รถยนต์สามล้อส่วนบุคคล,THAI TUK TUK,TT 550 ESD,3
1336,2566,รถยนต์สามล้อส่วนบุคคล,TKI,002EV TUK TUK,1
1337,2566,รถยนต์สามล้อส่วนบุคคล,TKI,003EV TUK TUK,3
1338,2566,รถยนต์สามล้อส่วนบุคคล,TKI,005EV TUK TUK,1
1339,2566,รถยนต์สามล้อส่วนบุคคล,TO TUK TUK,TO,1
1340,2566,รถยนต์รับจ้างบรรทุกคนโดยสารไม่เกิน 7 คน,BYD,E6,100
1341,2566,รถยนต์รับจ้างบรรทุกคนโดยสารไม่เกิน 7 คน,ISUZU,MU-X,13
1342,2566,รถยนต์รับจ้างบรรทุกคนโดยสารไม่เกิน 7 คน,MG,EP,294
1343,2566,รถยนต์รับจ้างบรรทุกคนโดยสารไม่เกิน 7 คน,MG,ES,1
1344,2566,รถยนต์รับจ้างบรรทุกคนโดยสารไม่เกิน 7 คน,TOYOTA,COROLLA,1352
1345,2566,รถยนต์รับจ้างบรรทุกคนโดยสารไม่เกิน 7 คน,TOYOTA,FORTUNER,43
1346,2566,รถยนต์รับจ้างบรรทุกคนโดยสารไม่เกิน 7 คน,TOYOTA,ZRE142R-GEXNGT A2,1
1347,2566,รถยนต์รับจ้างสามล้อ,BIZ NEX,NEX2.0,402
1348,2566,รถยนต์รับจ้างสามล้อ,EVT,EV6,1
1349,2566,รถยนต์รับจ้างสามล้อ,MUV,NEX1.5,7
1350,2566,รถยนต์รับจ้างสามล้อ,PANTHERA,Classic 1,2
1351,2566,รถยนต์บริการธุรกิจ,AION,AION Y PLUS,1
1352,2566,รถยนต์บริการธุรกิจ,BMW,i7 xDrive60 Limousine RHD,4
1353,2566,รถยนต์บริการธุรกิจ,BYD,E6,2
1354,2566,รถยนต์บริการธุรกิจ,FORD,EVEREST,4
1355,2566,รถยนต์บริการธุรกิจ,ISUZU,MU-X,179
1356,2566,รถยนต์บริการธุรกิจ,LEXUS,LM300h,1
1357,2566,รถยนต์บริการธุรกิจ,MERCEDES BENZ,E 220 d,6
1358,2566,รถยนต์บริการธุรกิจ,MERCEDES BENZ,E 300 e,6
1359,2566,รถยนต์บริการธุรกิจ,MERCEDES BENZ,GLE 350 de 4MATIC,2
1360,2566,รถยนต์บริการธุรกิจ,MERCEDES BENZ,S 350 d,1
1361,2566,รถยนต์บริการธุรกิจ,MG,EP,3
1362,2566,รถยนต์บริการธุรกิจ,MG,ES,1
1363,2566,รถยนต์บริการธุรกิจ,MG,MAXUS 9,1
1364,2566,รถยนต์บริการธุรกิจ,MITSUBISHI,PAJERO SPORT,8
1365,2566,รถยนต์บริการธุรกิจ,TOYOTA,ALPHARD 2.5 SC PACKAGE,2
1366,2566,รถยนต์บริการธุรกิจ,TOYOTA,ALPHARD 2.5L SC PACKAGE,2
1367,2566,รถยนต์บริการธุรกิจ,TOYOTA,ALPHARD HYBRID SRC 2.5L,3
1368,2566,รถยนต์บริการธุรกิจ,TOYOTA,ALPHARD HYBRID SRC PACKAGE,1
1369,2566,รถยนต์บริการธุรกิจ,TOYOTA,CAMRY,37
1370,2566,รถยนต์บริการธุรกิจ,TOYOTA,COROLLA,27
1371,2566,รถยนต์บริการธุรกิจ,TOYOTA,COROLLA CROSS,9
1372,2566,รถยนต์บริการธุรกิจ,TOYOTA,FORTUNER,30
1373,2566,รถยนต์บริการธุรกิจ,TOYOTA,HILUX REVO,1
1374,2566,รถยนต์บริการธุรกิจ,TOYOTA,MIRAI,2
1375,2566,รถยนต์บริการทัศนาจร,BMW,520d M Sport,6
1376,2566,รถยนต์บริการทัศนาจร,BMW,530e Highline,2
1377,2566,รถยนต์บริการทัศนาจร,BMW,730Ld M Sport,3
1378,2566,รถยนต์บริการทัศนาจร,BMW,750e xDrive M Sport,4
1379,2566,รถยนต์บริการทัศนาจร,BYD,BYD ATTO 3,1
1380,2566,รถยนต์บริการทัศนาจร,FORD,EVEREST,4
1381,2566,รถยนต์บริการทัศนาจร,HONDA,CIVIC,1
1382,2566,รถยนต์บริการทัศนาจร,ISUZU,MU-X,319
1383,2566,รถยนต์บริการทัศนาจร,MAZDA,MAZDA CX-30,1
1384,2566,รถยนต์บริการทัศนาจร,MERCEDES BENZ,E 220 d,8
1385,2566,รถยนต์บริการทัศนาจร,MERCEDES BENZ,S 350 d,1
1386,2566,รถยนต์บริการทัศนาจร,MERCEDES BENZ,,4
1387,2566,รถยนต์บริการทัศนาจร,MG,EP,16
1388,2566,รถยนต์บริการทัศนาจร,MG,ES,4
1389,2566,รถยนต์บริการทัศนาจร,MG,MG4 ELECTRIC,1
1390,2566,รถยนต์บริการทัศนาจร,MITSUBISHI,OUTLANDER PHEV,1
1391,2566,รถยนต์บริการทัศนาจร,MITSUBISHI,PAJERO SPORT,12
1392,2566,รถยนต์บริการทัศนาจร,NISSAN,TERRA,1
1393,2566,รถยนต์บริการทัศนาจร,TOYOTA,ALPHARD 2.5L SC PACKAGE,2
1394,2566,รถยนต์บริการทัศนาจร,TOYOTA,ALPHARD HYBRID SRC 2.5L,1
1395,2566,รถยนต์บริการทัศนาจร,TOYOTA,ALPHARD SC PACKAGE 2.5L,1
1396,2566,รถยนต์บริการทัศนาจร,TOYOTA,CAMRY,79
1397,2566,รถยนต์บริการทัศนาจร,TOYOTA,COROLLA,84
1398,2566,รถยนต์บริการทัศนาจร,TOYOTA,COROLLA CROSS,31
1399,2566,รถยนต์บริการทัศนาจร,TOYOTA,FORTUNER,131
1400,2566,รถยนต์บริการทัศนาจร,TOYOTA,INNOVA,3
1401,2566,รถยนต์บริการให้เช่า,TOYOTA,CAMRY,3
1402,2566,รถยนต์บริการให้เช่า,TOYOTA,COROLLA,2
1403,2566,รถยนต์บริการให้เช่า,TOYOTA,FORTUNER,5
1404,2566,รถยนต์บริการให้เช่า,TOYOTA,VELLFIRE,1
1405,2566,รถจักรยานยนต์,AIMA,A500,215
1406,2566,รถจักรยานยนต์,AIMA,U1-2,8
1407,2566,รถจักรยานยนต์,AJ,C-LIKE,1485
1408,2566,รถจักรยานยนต์,AJ,C-LION,477
1409,2566,รถจักรยานยนต์,AJ,MINE PLUS,23
1410,2566,รถจักรยานยนต์,AJ,Q5,23
1411,2566,รถจักรยานยนต์,AJ,RAYMAN,251
1412,2566,รถจักรยานยนต์,AJ,SABER TIGER,121
1413,2566,รถจักรยานยนต์,AJ,Z3,14
1414,2566,รถจักรยานยนต์,ALENDA-DARKON,ALENDA DARKON AMANO i,3
1415,2566,รถจักรยานยนต์,ALENDA-DARKON,ALENDA DARKON JAZZY,1
1416,2566,รถจักรยานยนต์,ALENDA-DARKON,ALENDA DARKON MONKEE,1
1417,2566,รถจักรยานยนต์,ALENDA-DARKON,ALENDA DARKON NOVA,1
1418,2566,รถจักรยานยนต์,ALENDA-DARKON,ALENDA DARKON ZHOPPER,1
1419,2566,รถจักรยานยนต์,ALPHA VOLANTIS,HORIZON 150A,33
1420,2566,รถจักรยานยนต์,ALPHA VOLANTIS,HORIZON 300A,46
1421,2566,รถจักรยานยนต์,APRILIA,RS 660,1
1422,2566,รถจักรยานยนต์,APRILIA,RSV4 RF,1
1423,2566,รถจักรยานยนต์,APRILIA,SR GT 200,226
1424,2566,รถจักรยานยนต์,APRILIA,SR GT 200 SPORT,381
1425,2566,รถจักรยานยนต์,APRILIA,TUAREG 660,5
1426,2566,รถจักรยานยนต์,BAJAJ,CHETAK 2413 PREMIUM,10
1427,2566,รถจักรยานยนต์,BAJAJ,Dominar D 400,53
1428,2566,รถจักรยานยนต์,BAJAJ,DOMINAR D250,9
1429,2566,รถจักรยานยนต์,BAJAJ,Pulsar RS 200,48
1430,2566,รถจักรยานยนต์,BAJAJ,PULSAR NS 160,22
1431,2566,รถจักรยานยนต์,BAJAJ,PULSAR NS 200,62
1432,2566,รถจักรยานยนต์,BCM,BS1,1
1433,2566,รถจักรยานยนต์,BELLA,BELLA,1
1434,2566,รถจักรยานยนต์,BENELLI,502C,5
1435,2566,รถจักรยานยนต์,BENELLI,IMPERIALE 400,124
1436,2566,รถจักรยานยนต์,BENELLI,LEONCINO 250,8
1437,2566,รถจักรยานยนต์,BENELLI,LEONCINO 500,1
1438,2566,รถจักรยานยนต์,BENELLI,LEONCINO TRAIL,9
1439,2566,รถจักรยานยนต์,BENELLI,TNT135,17
1440,2566,รถจักรยานยนต์,BENELLI,TNT25,2
1441,2566,รถจักรยานยนต์,BENELLI,TNT300S,2
1442,2566,รถจักรยานยนต์,BENELLI,TRK251,3
1443,2566,รถจักรยานยนต์,BENELLI,TRK502 ABS,14
1444,2566,รถจักรยานยนต์,BENELLI,TRK502X ABS,163
1445,2566,รถจักรยานยนต์,BENELLI,,1
1446,2566,รถจักรยานยนต์,BIGBULL,Z1,5
1447,2566,รถจักรยานยนต์,BMW,C 400 GT,176
1448,2566,รถจักรยานยนต์,BMW,C 400 X,3
1449,2566,รถจักรยานยนต์,BMW,C 650 GT US,1
1450,2566,รถจักรยานยนต์,BMW,C 650 Sport US,2
1451,2566,รถจักรยานยนต์,BMW,CE 04,12
1452,2566,รถจักรยานยนต์,BMW,F 750 GS,4
1453,2566,รถจักรยานยนต์,BMW,F 800 GS,1
1454,2566,รถจักรยานยนต์,BMW,F 850 GS,39
1455,2566,รถจักรยานยนต์,BMW,F 850 GS Adventure,48
1456,2566,รถจักรยานยนต์,BMW,F 900 R,40
1457,2566,รถจักรยานยนต์,BMW,F 900 XR,38
1458,2566,รถจักรยานยนต์,BMW,G 310 GS,12
1459,2566,รถจักรยานยนต์,BMW,G 310 GS US,6
1460,2566,รถจักรยานยนต์,BMW,G 310 R,7
1461,2566,รถจักรยานยนต์,BMW,G 310 R US,4
1462,2566,รถจักรยานยนต์,BMW,K 1600 B,3
1463,2566,รถจักรยานยนต์,BMW,K 1600 GT,1
1464,2566,รถจักรยานยนต์,BMW,M 1000 R,2
1465,2566,รถจักรยานยนต์,BMW,M1000RR,1
1466,2566,รถจักรยานยนต์,BMW,R 1200 GS,1
1467,2566,รถจักรยานยนต์,BMW,R 1200 GS ADVENTURE,6
1468,2566,รถจักรยานยนต์,BMW,R 1250 GS,106
1469,2566,รถจักรยานยนต์,BMW,R 1250 GS Adventure,258
1470,2566,รถจักรยานยนต์,BMW,R 1250 RT,36
1471,2566,รถจักรยานยนต์,BMW,R 18 Roctane,1
1472,2566,รถจักรยานยนต์,BMW,R nine T US,1
1473,2566,รถจักรยานยนต์,BMW,R nineT,22
1474,2566,รถจักรยานยนต์,BMW,R nineT Pure,12
1475,2566,รถจักรยานยนต์,BMW,R nineT Scrambler,8
1476,2566,รถจักรยานยนต์,BMW,R nineT Urban G/S,14
1477,2566,รถจักรยานยนต์,BMW,R NINET US,1
1478,2566,รถจักรยานยนต์,BMW,R18,61
1479,2566,รถจักรยานยนต์,BMW,R18 B,17
1480,2566,รถจักรยานยนต์,BMW,R18 Classic,20
1481,2566,รถจักรยานยนต์,BMW,R18 Transcontinental,10
1482,2566,รถจักรยานยนต์,BMW,S 1000 R,10
1483,2566,รถจักรยานยนต์,BMW,S 1000 RR,63
1484,2566,รถจักรยานยนต์,BMW,S 1000 XR,32
1485,2566,รถจักรยานยนต์,BMW,,1
1486,2566,รถจักรยานยนต์,CF,250NK,8
1487,2566,รถจักรยานยนต์,CF,250NK ABS,11
1488,2566,รถจักรยานยนต์,CFMOTO,650MT,1
1489,2566,รถจักรยานยนต์,CFMOTO,650MT TOURING,1
1490,2566,รถจักรยานยนต์,CFMOTO,650NK,3
1491,2566,รถจักรยานยนต์,CINECO,ES5,6
1492,2566,รถจักรยานยนต์,COOPER,COOPER,1
1493,2566,รถจักรยานยนต์,CYCLONE,RE3,259
1494,2566,รถจักรยานยนต์,CYCLONE,RT1,7
1495,2566,รถจักรยานยนต์,DECO,CJDS60,1187
1496,2566,รถจักรยานยนต์,DECO,DOUBLEACE,362
1497,2566,รถจักรยานยนต์,DECO,Ekon,29
1498,2566,รถจักรยานยนต์,DECO,G-FIVE,656
1499,2566,รถจักรยานยนต์,DECO,Hannah,2738
1500,2566,รถจักรยานยนต์,DECO,Luciano,1674
1501,2566,รถจักรยานยนต์,DECO,Max One,28
1502,2566,รถจักรยานยนต์,DECO,Sally,6
1503,2566,รถจักรยานยนต์,DECO,Super Ace,1617
1504,2566,รถจักรยานยนต์,DECO,SUSU,269
1505,2566,รถจักรยานยนต์,DECO,Sylla,12
1506,2566,รถจักรยานยนต์,DECO,TITAN,1
1507,2566,รถจักรยานยนต์,DECO,VIGOR,213
1508,2566,รถจักรยานยนต์,DUCATI,Desert X,67
1509,2566,รถจักรยานยนต์,DUCATI,DIAVEL 1260,1
1510,2566,รถจักรยานยนต์,DUCATI,DIAVEL 1260 S,5
1511,2566,รถจักรยานยนต์,DUCATI,HYPERMOTARD 950 RVE,18
1512,2566,รถจักรยานยนต์,DUCATI,HYPERMOTARD 950 SP,10
1513,2566,รถจักรยานยนต์,DUCATI,Monster SP,7
1514,2566,รถจักรยานยนต์,DUCATI,MONSTER,126
1515,2566,รถจักรยานยนต์,DUCATI,MONSTER 821,3
1516,2566,รถจักรยานยนต์,DUCATI,Multistrada V2,3
1517,2566,รถจักรยานยนต์,DUCATI,Multistrada V2 S,25
1518,2566,รถจักรยานยนต์,DUCATI,Multistrada V4 Pikes Peak,17
1519,2566,รถจักรยานยนต์,DUCATI,MULTISTRADA 1200 ENDURO,1
1520,2566,รถจักรยานยนต์,DUCATI,MULTISTRADA 1260,2
1521,2566,รถจักรยานยนต์,DUCATI,MULTISTRADA 1260 S,1
1522,2566,รถจักรยานยนต์,DUCATI,MULTISTRADA V4,5
1523,2566,รถจักรยานยนต์,DUCATI,MULTISTRADA V4 S,24
1524,2566,รถจักรยานยนต์,DUCATI,Panigale V4 SP2,10
1525,2566,รถจักรยานยนต์,DUCATI,PANIGALE V2,6
1526,2566,รถจักรยานยนต์,DUCATI,PANIGALE V2 BAYLISS,10
1527,2566,รถจักรยานยนต์,DUCATI,PANIGALE V4,11
1528,2566,รถจักรยานยนต์,DUCATI,PANIGALE V4 S,23
1529,2566,รถจักรยานยนต์,DUCATI,PS1000LE,1
1530,2566,รถจักรยานยนต์,DUCATI,SCRAMBLER,2
1531,2566,รถจักรยานยนต์,DUCATI,SCRAMBLER 1100 DARK PRO,2
1532,2566,รถจักรยานยนต์,DUCATI,SCRAMBLER 1100 SPORT PRO,4
1533,2566,รถจักรยานยนต์,DUCATI,SCRAMBLER 1100 TB PRO,10
1534,2566,รถจักรยานยนต์,DUCATI,SCRAMBLER DESERT SLED,4
1535,2566,รถจักรยานยนต์,DUCATI,SCRAMBLER ICON,3
1536,2566,รถจักรยานยนต์,DUCATI,SCRAMBLER ICON DARK,13
1537,2566,รถจักรยานยนต์,DUCATI,SCRAMBLER NIGHTSHIFT,21
1538,2566,รถจักรยานยนต์,DUCATI,SCRAMBLER URBAN MOTARD,14
1539,2566,รถจักรยานยนต์,DUCATI,Streetfighter V2,12
1540,2566,รถจักรยานยนต์,DUCATI,STREETFIGHTER V4,5
1541,2566,รถจักรยานยนต์,DUCATI,STREETFIGHTER V4 S,9
1542,2566,รถจักรยานยนต์,DUCATI,STREETFIGHTER V4 SP,5
1543,2566,รถจักรยานยนต์,DUCATI,SUPERBIKE 1199,1
1544,2566,รถจักรยานยนต์,DUCATI,SUPERSPORT 950 S,3
1545,2566,รถจักรยานยนต์,DUCATI,XDiavel Nera,3
1546,2566,รถจักรยานยนต์,DUCATI,XDIAVEL BLACK STAR,2
1547,2566,รถจักรยานยนต์,DUCATI,XDIAVEL S,2
1548,2566,รถจักรยานยนต์,ECO,GF,1
1549,2566,รถจักรยานยนต์,ECOOTER,ELONE2,1
1550,2566,รถจักรยานยนต์,EM,CARGOO,1
1551,2566,รถจักรยานยนต์,EM,ENZO,201
1552,2566,รถจักรยานยนต์,EM,LEGEND,760
1553,2566,รถจักรยานยนต์,ENGY,GREENER,34
1554,2566,รถจักรยานยนต์,ETRAN,ETRAN MYRA,38
1555,2566,รถจักรยานยนต์,EVO,ROBOS-V1,8
1556,2566,รถจักรยานยนต์,FST,F300,1
1557,2566,รถจักรยานยนต์,GPX,200VT0302CS,12
1558,2566,รถจักรยานยนต์,GPX,COUNTRY125,2
1559,2566,รถจักรยานยนต์,GPX,CR5,15
1560,2566,รถจักรยานยนต์,GPX,DEMON,8
1561,2566,รถจักรยานยนต์,GPX,DEMON GR200R,42
1562,2566,รถจักรยานยนต์,GPX,DEMON GR200R DaCorsa,2
1563,2566,รถจักรยานยนต์,GPX,DEMON GR200RDACORSA2,1282
1564,2566,รถจักรยานยนต์,GPX,DEMON-150GN,33
1565,2566,รถจักรยานยนต์,GPX,DEMON-150GR,5
1566,2566,รถจักรยานยนต์,GPX,DEMON-150GR LIMITED,1
1567,2566,รถจักรยานยนต์,GPX,DEMON-150GR LUXURY,4
1568,2566,รถจักรยานยนต์,GPX,DEMON-150GR SPORT,3
1569,2566,รถจักรยานยนต์,GPX,DEMON-X,15
1570,2566,รถจักรยานยนต์,GPX,DEMON150-GR Fi,9
1571,2566,รถจักรยานยนต์,GPX,DP125,2
1572,2566,รถจักรยานยนต์,GPX,DRONE KEYLESS,7788
1573,2566,รถจักรยานยนต์,GPX,DRONE KEYLESS-S,8249
1574,2566,รถจักรยานยนต์,GPX,DRONE STANDARD,1070
1575,2566,รถจักรยานยนต์,GPX,LEGEND 150Fi,9
1576,2566,รถจักรยานยนต์,GPX,LEGEND-GENTLEMAN,40
1577,2566,รถจักรยานยนต์,GPX,LEGEND150,19
1578,2566,รถจักรยานยนต์,GPX,LEGEND200-A1,11
1579,2566,รถจักรยานยนต์,GPX,LEGEND200-A2,2
1580,2566,รถจักรยานยนต์,GPX,LEGEND200-A3,2
1581,2566,รถจักรยานยนต์,GPX,LEGEND200-A4,1
1582,2566,รถจักรยานยนต์,GPX,LEGEND250 Brighton,9
1583,2566,รถจักรยานยนต์,GPX,LEGEND250 TWIN,10
1584,2566,รถจักรยานยนต์,GPX,LEGEND250 TWIN II,19
1585,2566,รถจักรยานยนต์,GPX,LEGEND250 TWIN III,1057
1586,2566,รถจักรยานยนต์,GPX,MAD300,17
1587,2566,รถจักรยานยนต์,GPX,MAD300 MAX,3
1588,2566,รถจักรยานยนต์,GPX,NEW DEMON GR200R,496
1589,2566,รถจักรยานยนต์,GPX,POPZ,35
1590,2566,รถจักรยานยนต์,GPX,POPZ 110,1163
1591,2566,รถจักรยานยนต์,GPX,RAZER,9
1592,2566,รถจักรยานยนต์,GPX,ROCK Classic,1926
1593,2566,รถจักรยานยนต์,GPX,ROCK Elegance,15
1594,2566,รถจักรยานยนต์,GPX,ROCK Racing,10
1595,2566,รถจักรยานยนต์,GPX,ROCK Sport,15
1596,2566,รถจักรยานยนต์,GPX,RZ180 Raptor,24
1597,2566,รถจักรยานยนต์,GPX,THUNDER125,3
1598,2566,รถจักรยานยนต์,GPX,Tuscany150 Keyless,8931
1599,2566,รถจักรยานยนต์,GPX,Tuscany150 Keyset,926
1600,2566,รถจักรยานยนต์,H SEM,CIAO,18
1601,2566,รถจักรยานยนต์,H SEM,LAZER,75
1602,2566,รถจักรยานยนต์,H SEM,MOBILA G,1573
1603,2566,รถจักรยานยนต์,H SEM,MOBILA S,2
1604,2566,รถจักรยานยนต์,H SEM,WINGS,3
1605,2566,รถจักรยานยนต์,HANWAY,HS 150,6
1606,2566,รถจักรยานยนต์,HANWAY,Muscle,1
1607,2566,รถจักรยานยนต์,HANWAY,RAW150,1
1608,2566,รถจักรยานยนต์,HANWAY,Scrambler250,1
1609,2566,รถจักรยานยนต์,HANWAY,V BOB,12
1610,2566,รถจักรยานยนต์,HAONAIQI,LION-Q1,601
1611,2566,รถจักรยานยนต์,HAONAIQI,LION-Q1 SMART,745
1612,2566,รถจักรยานยนต์,HAONAIQI,LION-Q2,362
1613,2566,รถจักรยานยนต์,HARLEY DAVIDSON,FATBOY,1
1614,2566,รถจักรยานยนต์,HARLEY DAVIDSON,FLFBS,111
1615,2566,รถจักรยานยนต์,HARLEY DAVIDSON,FLFBSANV,11
1616,2566,รถจักรยานยนต์,HARLEY DAVIDSON,FLH,10
1617,2566,รถจักรยานยนต์,HARLEY DAVIDSON,FLHCS,78
1618,2566,รถจักรยานยนต์,HARLEY DAVIDSON,FLHCSANV,14
1619,2566,รถจักรยานยนต์,HARLEY DAVIDSON,FLHFB,5
1620,2566,รถจักรยานยนต์,HARLEY DAVIDSON,FLHP,2
1621,2566,รถจักรยานยนต์,HARLEY DAVIDSON,FLHR,14
1622,2566,รถจักรยานยนต์,HARLEY DAVIDSON,FLHRXS,41
1623,2566,รถจักรยานยนต์,HARLEY DAVIDSON,FLHTK,24
1624,2566,รถจักรยานยนต์,HARLEY DAVIDSON,FLHTKANV,7
1625,2566,รถจักรยานยนต์,HARLEY DAVIDSON,FLHTP,1
1626,2566,รถจักรยานยนต์,HARLEY DAVIDSON,FLHX,2
1627,2566,รถจักรยานยนต์,HARLEY DAVIDSON,FLHXS,74
1628,2566,รถจักรยานยนต์,HARLEY DAVIDSON,FLHXSANV,7
1629,2566,รถจักรยานยนต์,HARLEY DAVIDSON,FLHXSE,1
1630,2566,รถจักรยานยนต์,HARLEY DAVIDSON,FLHXST,66
1631,2566,รถจักรยานยนต์,HARLEY DAVIDSON,FLSB,103
1632,2566,รถจักรยานยนต์,HARLEY DAVIDSON,FLSTC,1
1633,2566,รถจักรยานยนต์,HARLEY DAVIDSON,FLSTF,1
1634,2566,รถจักรยานยนต์,HARLEY DAVIDSON,FLSTS,7
1635,2566,รถจักรยานยนต์,HARLEY DAVIDSON,FLSTSB,2
1636,2566,รถจักรยานยนต์,HARLEY DAVIDSON,FLSTSCI,1
1637,2566,รถจักรยานยนต์,HARLEY DAVIDSON,FLSTSI,6
1638,2566,รถจักรยานยนต์,HARLEY DAVIDSON,FLTRKSE,8
1639,2566,รถจักรยานยนต์,HARLEY DAVIDSON,FLTRSE3,1
1640,2566,รถจักรยานยนต์,HARLEY DAVIDSON,FLTRX,3
1641,2566,รถจักรยานยนต์,HARLEY DAVIDSON,FLTRXS,213
1642,2566,รถจักรยานยนต์,HARLEY DAVIDSON,FLTRXSANV,6
1643,2566,รถจักรยานยนต์,HARLEY DAVIDSON,FLTRXSE,9
1644,2566,รถจักรยานยนต์,HARLEY DAVIDSON,FLTRXST,132
1645,2566,รถจักรยานยนต์,HARLEY DAVIDSON,FXBBS,77
1646,2566,รถจักรยานยนต์,HARLEY DAVIDSON,FXBR,25
1647,2566,รถจักรยานยนต์,HARLEY DAVIDSON,FXBRS,54
1648,2566,รถจักรยานยนต์,HARLEY DAVIDSON,FXD,2
1649,2566,รถจักรยานยนต์,HARLEY DAVIDSON,FXDB,1
1650,2566,รถจักรยานยนต์,HARLEY DAVIDSON,FXDL,2
1651,2566,รถจักรยานยนต์,HARLEY DAVIDSON,FXDLS,4
1652,2566,รถจักรยานยนต์,HARLEY DAVIDSON,FXDP,3
1653,2566,รถจักรยานยนต์,HARLEY DAVIDSON,FXDRS,1
1654,2566,รถจักรยานยนต์,HARLEY DAVIDSON,FXDWG,1
1655,2566,รถจักรยานยนต์,HARLEY DAVIDSON,FXDXT,1
1656,2566,รถจักรยานยนต์,HARLEY DAVIDSON,FXFB,1
1657,2566,รถจักรยานยนต์,HARLEY DAVIDSON,FXFBS,66
1658,2566,รถจักรยานยนต์,HARLEY DAVIDSON,FXLRS,107
1659,2566,รถจักรยานยนต์,HARLEY DAVIDSON,FXLRST,294
1660,2566,รถจักรยานยนต์,HARLEY DAVIDSON,FXR3,1
1661,2566,รถจักรยานยนต์,HARLEY DAVIDSON,FXR4,1
1662,2566,รถจักรยานยนต์,HARLEY DAVIDSON,FXRP,7
1663,2566,รถจักรยานยนต์,HARLEY DAVIDSON,FXRS,1
1664,2566,รถจักรยานยนต์,HARLEY DAVIDSON,FXRST,23
1665,2566,รถจักรยานยนต์,HARLEY DAVIDSON,FXST,29
1666,2566,รถจักรยานยนต์,HARLEY DAVIDSON,FXSTS,3
1667,2566,รถจักรยานยนต์,HARLEY DAVIDSON,FXSTSB,6
1668,2566,รถจักรยานยนต์,HARLEY DAVIDSON,FXSTSI,2
1669,2566,รถจักรยานยนต์,HARLEY DAVIDSON,HIGHWAY KING,3
1670,2566,รถจักรยานยนต์,HARLEY DAVIDSON,LOW RIDER S,2
1671,2566,รถจักรยานยนต์,HARLEY DAVIDSON,RA1250,4
1672,2566,รถจักรยานยนต์,HARLEY DAVIDSON,RA1250S,62
1673,2566,รถจักรยานยนต์,HARLEY DAVIDSON,RH1250S,282
1674,2566,รถจักรยานยนต์,HARLEY DAVIDSON,RH975,76
1675,2566,รถจักรยานยนต์,HARLEY DAVIDSON,RH975S,6
1676,2566,รถจักรยานยนต์,HARLEY DAVIDSON,ROAD GLIDE CVO,5
1677,2566,รถจักรยานยนต์,HARLEY DAVIDSON,ROAD GLIDE ST,2
1678,2566,รถจักรยานยนต์,HARLEY DAVIDSON,ROADGLIDE SPECIAL,5
1679,2566,รถจักรยานยนต์,HARLEY DAVIDSON,SOFTAIL BADBOY,1
1680,2566,รถจักรยานยนต์,HARLEY DAVIDSON,SOFTAIL SPRINGER CLASSIC,1
1681,2566,รถจักรยานยนต์,HARLEY DAVIDSON,XL1200CX,1
1682,2566,รถจักรยานยนต์,HARLEY DAVIDSON,XL1200NS,1
1683,2566,รถจักรยานยนต์,HARLEY DAVIDSON,XL1200X,58
1684,2566,รถจักรยานยนต์,HARLEY DAVIDSON,XL883N,9
1685,2566,รถจักรยานยนต์,HARLEY DAVIDSON,XL883R,1
1686,2566,รถจักรยานยนต์,HONDA,ADV150,22
1687,2566,รถจักรยานยนต์,HONDA,ADV160,18651
1688,2566,รถจักรยานยนต์,HONDA,ADV350,5296
1689,2566,รถจักรยานยนต์,HONDA,AIR BLADE,1
1690,2566,รถจักรยานยนต์,HONDA,BENLY e,420
1691,2566,รถจักรยานยนต์,HONDA,C125,2333
1692,2566,รถจักรยานยนต์,HONDA,CB1000R,13
1693,2566,รถจักรยานยนต์,HONDA,CB1100 RS,17
1694,2566,รถจักรยานยนต์,HONDA,CB1300 SUPER BOL D'OR,23
1695,2566,รถจักรยานยนต์,HONDA,CB1300 SUPER FOUR,21
1696,2566,รถจักรยานยนต์,HONDA,CB150R,813
1697,2566,รถจักรยานยนต์,HONDA,CB300F,12
1698,2566,รถจักรยานยนต์,HONDA,CB300FA,9
1699,2566,รถจักรยานยนต์,HONDA,CB300R,226
1700,2566,รถจักรยานยนต์,HONDA,CB500 HORNET,4
1701,2566,รถจักรยานยนต์,HONDA,CB500F,64
1702,2566,รถจักรยานยนต์,HONDA,CB500X,2365
1703,2566,รถจักรยานยนต์,HONDA,CB650R,281
1704,2566,รถจักรยานยนต์,HONDA,CB750 HORNET,56
1705,2566,รถจักรยานยนต์,HONDA,CBR1000RR-R,10
1706,2566,รถจักรยานยนต์,HONDA,CBR1000RR-R SP,24
1707,2566,รถจักรยานยนต์,HONDA,CBR150R,1908
1708,2566,รถจักรยานยนต์,HONDA,CBR250RA,2
1709,2566,รถจักรยานยนต์,HONDA,CBR250RR,78
1710,2566,รถจักรยานยนต์,HONDA,CBR300R,36
1711,2566,รถจักรยานยนต์,HONDA,CBR300RA,22
1712,2566,รถจักรยานยนต์,HONDA,CBR500R,1116
1713,2566,รถจักรยานยนต์,HONDA,CBR600RR,13
1714,2566,รถจักรยานยนต์,HONDA,CBR650R,1208
1715,2566,รถจักรยานยนต์,HONDA,CL300,834
1716,2566,รถจักรยานยนต์,HONDA,CL500,293
1717,2566,รถจักรยานยนต์,HONDA,CLICK,1
1718,2566,รถจักรยานยนต์,HONDA,CLICK I,1
1719,2566,รถจักรยานยนต์,HONDA,CLICK125,24166
1720,2566,รถจักรยานยนต์,HONDA,CLICK125I,707
1721,2566,รถจักรยานยนต์,HONDA,CLICK150I,83
1722,2566,รถจักรยานยนต์,HONDA,CLICK160,89210
1723,2566,รถจักรยานยนต์,HONDA,CRF1100L AFRICA TWIN,96
1724,2566,รถจักรยานยนต์,HONDA,CRF250L,15
1725,2566,รถจักรยานยนต์,HONDA,CRF250RALLY,7
1726,2566,รถจักรยานยนต์,HONDA,CRF300L,7513
1727,2566,รถจักรยานยนต์,HONDA,CRF300RALLY,331
1728,2566,รถจักรยานยนต์,HONDA,CRF450RL,148
1729,2566,รถจักรยานยนต์,HONDA,CT125,4086
1730,2566,รถจักรยานยนต์,HONDA,DAX125,3782
1731,2566,รถจักรยานยนต์,HONDA,DREAM,5
1732,2566,รถจักรยานยนต์,HONDA,FORZA,12
1733,2566,รถจักรยานยนต์,HONDA,FORZA350,37443
1734,2566,รถจักรยานยนต์,HONDA,GIORNO +,26583
1735,2566,รถจักรยานยนต์,HONDA,GOLDWING TOUR,37
1736,2566,รถจักรยานยนต์,HONDA,GROM,49
1737,2566,รถจักรยานยนต์,HONDA,LEAD125,61860
1738,2566,รถจักรยานยนต์,HONDA,MONKEY,3830
1739,2566,รถจักรยานยนต์,HONDA,MOOVE,9
1740,2566,รถจักรยานยนต์,HONDA,MSX GROM,1554
1741,2566,รถจักรยานยนต์,HONDA,MSX125,14
1742,2566,รถจักรยานยนต์,HONDA,MSX125SF,99
1743,2566,รถจักรยานยนต์,HONDA,NC750X,54
1744,2566,รถจักรยานยนต์,HONDA,NT1100,70
1745,2566,รถจักรยานยนต์,HONDA,NX500,91
1746,2566,รถจักรยานยนต์,HONDA,PCX e:HEV,834
1747,2566,รถจักรยานยนต์,HONDA,PCX HYBRID,6
1748,2566,รถจักรยานยนต์,HONDA,PCX150,24
1749,2566,รถจักรยานยนต์,HONDA,PCX160,159066
1750,2566,รถจักรยานยนต์,HONDA,REBEL,886
1751,2566,รถจักรยานยนต์,HONDA,REPSOL,6
1752,2566,รถจักรยานยนต์,HONDA,SCOOPY,218041
1753,2566,รถจักรยานยนต์,HONDA,SCOOPY I,73
1754,2566,รถจักรยานยนต์,HONDA,SH150I,7
1755,2566,รถจักรยานยนต์,HONDA,SPACY I,6
1756,2566,รถจักรยานยนต์,HONDA,SUPER CUB,20457
1757,2566,รถจักรยานยนต์,HONDA,SUPER CUB 60TH ANNlVERSARY,1
1758,2566,รถจักรยานยนต์,HONDA,WAVE,1
1759,2566,รถจักรยานยนต์,HONDA,WAVE 110 I-AT,4
1760,2566,รถจักรยานยนต์,HONDA,WAVE Z,2
1761,2566,รถจักรยานยนต์,HONDA,WAVE100S,4
1762,2566,รถจักรยานยนต์,HONDA,WAVE110I,511494
1763,2566,รถจักรยานยนต์,HONDA,WAVE125,5
1764,2566,รถจักรยานยนต์,HONDA,WAVE125I,253651
1765,2566,รถจักรยานยนต์,HONDA,WAVEZ,1
1766,2566,รถจักรยานยนต์,HONDA,X-ADV,465
1767,2566,รถจักรยานยนต์,HONDA,XL750 TRANSALP,91
1768,2566,รถจักรยานยนต์,HONDA,ZOOMER-X,3967
1769,2566,รถจักรยานยนต์,HONDA,โนวา 125 เอ็น,1
1770,2566,รถจักรยานยนต์,HONDA,,31
1771,2566,รถจักรยานยนต์,HUSQVARNA,FE 350,34
1772,2566,รถจักรยานยนต์,HUSQVARNA,NORDEN 901 EXPEDITION,1
1773,2566,รถจักรยานยนต์,HUSQVARNA,NORDEN901,1
1774,2566,รถจักรยานยนต์,HUSQVARNA,SVARTPILEN 200,14
1775,2566,รถจักรยานยนต์,HUSQVARNA,SVARTPILEN 401,24
1776,2566,รถจักรยานยนต์,HUSQVARNA,VITPILEN 401,4
1777,2566,รถจักรยานยนต์,HYOSUNG,Aquila,1
1778,2566,รถจักรยานยนต์,I-MOTOR,VAPOR,384
1779,2566,รถจักรยานยนต์,INDIAN,SCOUT,1
1780,2566,รถจักรยานยนต์,INDIAN MOTORCYCLE,CHALLENGER,3
1781,2566,รถจักรยานยนต์,INDIAN MOTORCYCLE,CHIEF BOBBER DARK HORSE,1
1782,2566,รถจักรยานยนต์,INDIAN MOTORCYCLE,CHIEF DARK HORSE,4
1783,2566,รถจักรยานยนต์,INDIAN MOTORCYCLE,CHIEFTAIN LIMITED,1
1784,2566,รถจักรยานยนต์,INDIAN MOTORCYCLE,SCOUT,2
1785,2566,รถจักรยานยนต์,INDIAN MOTORCYCLE,SCOUT BOBBER,3
1786,2566,รถจักรยานยนต์,INDIAN MOTORCYCLE,SCOUT BOBBER TWENTY,3
1787,2566,รถจักรยานยนต์,INDIAN MOTORCYCLE,SPRINGFIELD,1
1788,2566,รถจักรยานยนต์,JRD,TORNADO JTR 150,3
1789,2566,รถจักรยานยนต์,JUNENG,DREAMERS FUN-A,7
1790,2566,รถจักรยานยนต์,KAVALLO,EASY WATT,334
1791,2566,รถจักรยานยนต์,KAVALLO,MINI SCOOTER,11
1792,2566,รถจักรยานยนต์,KAVALLO,VESPAL,133
1793,2566,รถจักรยานยนต์,KAWASAKI,AN112-D1,1
1794,2566,รถจักรยานยนต์,KAWASAKI,AR080H,1
1795,2566,รถจักรยานยนต์,KAWASAKI,BR125GHF,5
1796,2566,รถจักรยานยนต์,KAWASAKI,BR125HHF,1
1797,2566,รถจักรยานยนต์,KAWASAKI,D-TRACKER 125,2
1798,2566,รถจักรยานยนต์,KAWASAKI,D-TRACKER 150,3
1799,2566,รถจักรยานยนต์,KAWASAKI,D-TRACKER X,1
1800,2566,รถจักรยานยนต์,KAWASAKI,D-TRACKER150LW,1
1801,2566,รถจักรยานยนต์,KAWASAKI,ELIMINATOR 400,35
1802,2566,รถจักรยานยนต์,KAWASAKI,ELIMINATOR 400 SE,1
1803,2566,รถจักรยานยนต์,KAWASAKI,KL110EFFA,6
1804,2566,รถจักรยานยนต์,KAWASAKI,KLE650FJF,1
1805,2566,รถจักรยานยนต์,KAWASAKI,KLR650,20
1806,2566,รถจักรยานยนต์,KAWASAKI,KLR650 ABS,31
1807,2566,รถจักรยานยนต์,KAWASAKI,KLR650 ABS ADVENTURE,15
1808,2566,รถจักรยานยนต์,KAWASAKI,KLR650 ADVENTURE,27
1809,2566,รถจักรยานยนต์,KAWASAKI,KLX150BF,1
1810,2566,รถจักรยานยนต์,KAWASAKI,KLX150G,1
1811,2566,รถจักรยานยนต์,KAWASAKI,KLX230,393
1812,2566,รถจักรยานยนต์,KAWASAKI,KLX230 ABS SE,8
1813,2566,รถจักรยานยนต์,KAWASAKI,KLX230 S,130
1814,2566,รถจักรยานยนต์,KAWASAKI,KLX230 SE,425
1815,2566,รถจักรยานยนต์,KAWASAKI,KLX230SM SE,99
1816,2566,รถจักรยานยนต์,KAWASAKI,KP150A,4
1817,2566,รถจักรยานยนต์,KAWASAKI,KRR-ZX,1
1818,2566,รถจักรยานยนต์,KAWASAKI,KSR,68
1819,2566,รถจักรยานยนต์,KAWASAKI,KSR DIRT,5
1820,2566,รถจักรยานยนต์,KAWASAKI,KSR LIMITED,1
1821,2566,รถจักรยานยนต์,KAWASAKI,KSR PRO,21
1822,2566,รถจักรยานยนต์,KAWASAKI,KSR PRO LIMITED,2
1823,2566,รถจักรยานยนต์,KAWASAKI,MEGURO K3,9
1824,2566,รถจักรยานยนต์,KAWASAKI,NINJA 1000,2
1825,2566,รถจักรยานยนต์,KAWASAKI,NINJA 1000SX,1
1826,2566,รถจักรยานยนต์,KAWASAKI,NINJA 250,9
1827,2566,รถจักรยานยนต์,KAWASAKI,NINJA H2,1
1828,2566,รถจักรยานยนต์,KAWASAKI,NINJA H2 SX,1
1829,2566,รถจักรยานยนต์,KAWASAKI,NINJA ZX-10R,37
1830,2566,รถจักรยานยนต์,KAWASAKI,NINJA ZX-10R SE,1
1831,2566,รถจักรยานยนต์,KAWASAKI,NINJA ZX-10RR,2
1832,2566,รถจักรยานยนต์,KAWASAKI,NINJA ZX-14R ABS,1
1833,2566,รถจักรยานยนต์,KAWASAKI,NINJA ZX-25R ABS SE,134
1834,2566,รถจักรยานยนต์,KAWASAKI,NINJA ZX-4R,23
1835,2566,รถจักรยานยนต์,KAWASAKI,NINJA ZX-4R SE,99
1836,2566,รถจักรยานยนต์,KAWASAKI,NINJA ZX-6R,58
1837,2566,รถจักรยานยนต์,KAWASAKI,NINJA250SL,1
1838,2566,รถจักรยานยนต์,KAWASAKI,NINJA250SLKRTEDITION,1
1839,2566,รถจักรยานยนต์,KAWASAKI,NINJA300,1
1840,2566,รถจักรยานยนต์,KAWASAKI,NINJA400,146
1841,2566,รถจักรยานยนต์,KAWASAKI,NINJA400 HG,58
1842,2566,รถจักรยานยนต์,KAWASAKI,NINJA400 SE,85
1843,2566,รถจักรยานยนต์,KAWASAKI,NINJA650,11
1844,2566,รถจักรยานยนต์,KAWASAKI,SERPICO-SS,1
1845,2566,รถจักรยานยนต์,KAWASAKI,TAXEDO,1
1846,2566,รถจักรยานยนต์,KAWASAKI,VERSYS 1000,2
1847,2566,รถจักรยานยนต์,KAWASAKI,VERSYS 650,24
1848,2566,รถจักรยานยนต์,KAWASAKI,VERSYS-X 300 ABS,9
1849,2566,รถจักรยานยนต์,KAWASAKI,VERSYS-X 300 ABS CITY,2
1850,2566,รถจักรยานยนต์,KAWASAKI,VERSYS-X 300 ABS TOURING,6
1851,2566,รถจักรยานยนต์,KAWASAKI,VERSYS-X300ABSTOURER,3
1852,2566,รถจักรยานยนต์,KAWASAKI,VERSYS1000,2
1853,2566,รถจักรยานยนต์,KAWASAKI,VERSYS1000 SE,1
1854,2566,รถจักรยานยนต์,KAWASAKI,VERSYS1000 STD,4
1855,2566,รถจักรยานยนต์,KAWASAKI,VERSYS650,34
1856,2566,รถจักรยานยนต์,KAWASAKI,VULCAN CAFE,39
1857,2566,รถจักรยานยนต์,KAWASAKI,VULCAN S,9
1858,2566,รถจักรยานยนต์,KAWASAKI,VULCAN S CAFE,1
1859,2566,รถจักรยานยนต์,KAWASAKI,VULCAN S STD,16
1860,2566,รถจักรยานยนต์,KAWASAKI,W175,164
1861,2566,รถจักรยานยนต์,KAWASAKI,W175 CAFE,2
1862,2566,รถจักรยานยนต์,KAWASAKI,W175 SE,1
1863,2566,รถจักรยานยนต์,KAWASAKI,W250,17
1864,2566,รถจักรยานยนต์,KAWASAKI,W800 CAFE,12
1865,2566,รถจักรยานยนต์,KAWASAKI,W800 SE,2
1866,2566,รถจักรยานยนต์,KAWASAKI,W800 STREET,6
1867,2566,รถจักรยานยนต์,KAWASAKI,W800SPECIALEDITION,1
1868,2566,รถจักรยานยนต์,KAWASAKI,Z H2,2
1869,2566,รถจักรยานยนต์,KAWASAKI,Z1000,5
1870,2566,รถจักรยานยนต์,KAWASAKI,Z125,4
1871,2566,รถจักรยานยนต์,KAWASAKI,Z125 PRO,10
1872,2566,รถจักรยานยนต์,KAWASAKI,Z125 PRO KRT EDITION,3
1873,2566,รถจักรยานยนต์,KAWASAKI,Z250,5
1874,2566,รถจักรยานยนต์,KAWASAKI,Z400 ABS,64
1875,2566,รถจักรยานยนต์,KAWASAKI,Z400 ABS SE,36
1876,2566,รถจักรยานยนต์,KAWASAKI,Z650,10
1877,2566,รถจักรยานยนต์,KAWASAKI,Z650RS,14
1878,2566,รถจักรยานยนต์,KAWASAKI,Z650RS 50TH ANNIVERSARY,2
1879,2566,รถจักรยานยนต์,KAWASAKI,Z900,3
1880,2566,รถจักรยานยนต์,KAWASAKI,Z900 ABS,6
1881,2566,รถจักรยานยนต์,KAWASAKI,Z900 ABS SE,11
1882,2566,รถจักรยานยนต์,KAWASAKI,Z900 SE,1
1883,2566,รถจักรยานยนต์,KAWASAKI,Z900 SE ACC,7
1884,2566,รถจักรยานยนต์,KAWASAKI,Z900RS,16
1885,2566,รถจักรยานยนต์,KAWASAKI,,2
1886,2566,รถจักรยานยนต์,KEEWAY,GT270 ABS,48
1887,2566,รถจักรยานยนต์,KEEWAY,GT270 EXTREAM,5
1888,2566,รถจักรยานยนต์,KEEWAY,JL200GY-2C,4
1889,2566,รถจักรยานยนต์,KEEWAY,JL200GY-4C,1
1890,2566,รถจักรยานยนต์,KEEWAY,K-LIGHT202,4
1891,2566,รถจักรยานยนต์,KEEWAY,QJ250-L,8
1892,2566,รถจักรยานยนต์,KEEWAY,SHINY 150,129
1893,2566,รถจักรยานยนต์,KEEWAY,VERSIRIA 150,1076
1894,2566,รถจักรยานยนต์,KEEWAY,VICTORIA 200,124
1895,2566,รถจักรยานยนต์,KRONOS,HYDRA-S,1
1896,2566,รถจักรยานยนต์,KTM,200 DUKE,86
1897,2566,รถจักรยานยนต์,KTM,250 DUKE,5
1898,2566,รถจักรยานยนต์,KTM,350 EXC-F SIX DAYS,78
1899,2566,รถจักรยานยนต์,KTM,390 ADVENTURE,42
1900,2566,รถจักรยานยนต์,KTM,390 DUKE,58
1901,2566,รถจักรยานยนต์,KTM,790 ADVENTURE R,23
1902,2566,รถจักรยานยนต์,KTM,790 DUKE,20
1903,2566,รถจักรยานยนต์,KTM,890 DUKE R,4
1904,2566,รถจักรยานยนต์,KTM,KTM200DUKE ABS,1
1905,2566,รถจักรยานยนต์,KTM,RC390,11
1906,2566,รถจักรยานยนต์,KTM,,1
1907,2566,รถจักรยานยนต์,LAMBRETTA,G350,201
1908,2566,รถจักรยานยนต์,LAMBRETTA,V125 Special Flex,217
1909,2566,รถจักรยานยนต์,LAMBRETTA,V200 GP,870
1910,2566,รถจักรยานยนต์,LAMBRETTA,V200 Special,606
1911,2566,รถจักรยานยนต์,LAMBRETTA,V200 Special Fix,2
1912,2566,รถจักรยานยนต์,LAMBRETTA,V200 Special Flex,3550
1913,2566,รถจักรยานยนต์,LAMBRETTA,X300,7901
1914,2566,รถจักรยานยนต์,LIFAN,LF100-3R,20
1915,2566,รถจักรยานยนต์,LIFAN,LF110-11H,23
1916,2566,รถจักรยานยนต์,LIFAN,LF110-26H,13
1917,2566,รถจักรยานยนต์,LIFAN,LF110-S,7
1918,2566,รถจักรยานยนต์,LIFAN,LF125-5F,8
1919,2566,รถจักรยานยนต์,LIFAN,LF150-10B,13
1920,2566,รถจักรยานยนต์,LIFAN,LF200-10L,9
1921,2566,รถจักรยานยนต์,LIFAN,LF200GY-5A,6
1922,2566,รถจักรยานยนต์,LIFAN,LF250-B,13
1923,2566,รถจักรยานยนต์,LION,ALPHA EV,11
1924,2566,รถจักรยานยนต์,LION,E1 EV,2
1925,2566,รถจักรยานยนต์,LION,FIERCE EV,1
1926,2566,รถจักรยานยนต์,LION,JAVA EV,1
1927,2566,รถจักรยานยนต์,LION,MERCURY EV,161
1928,2566,รถจักรยานยนต์,LION,S-01 EV,1
1929,2566,รถจักรยานยนต์,LION,SKS Z2,2274
1930,2566,รถจักรยานยนต์,LION,SKS Z2 PLUS,2
1931,2566,รถจักรยานยนต์,LION,T-3000 EV,1
1932,2566,รถจักรยานยนต์,LUYUAN,MB5,158
1933,2566,รถจักรยานยนต์,LUYUAN,S30 plus,16
1934,2566,รถจักรยานยนต์,LUYUAN,S30 PLUS,45
1935,2566,รถจักรยานยนต์,LVNENG,SWAG TYPE-S,2
1936,2566,รถจักรยานยนต์,LVNENG,SWAG TYPE-X,3
1937,2566,รถจักรยานยนต์,M BIKE,LC-125,1
1938,2566,รถจักรยานยนต์,M BIKE,MB110-3,7
1939,2566,รถจักรยานยนต์,M BIKE,MB125T-16,3
1940,2566,รถจักรยานยนต์,MADANG,Speed Hawk,1
1941,2566,รถจักรยานยนต์,MALAGUTI,MADISON,3334
1942,2566,รถจักรยานยนต์,MODYAK,MY2,34
1943,2566,รถจักรยานยนต์,MODYAK,MY4,1
1944,2566,รถจักรยานยนต์,MOTO GUZZI,V7 III CARBON SHINE,1
1945,2566,รถจักรยานยนต์,MOTO GUZZI,V7 III MILANO,2
1946,2566,รถจักรยานยนต์,MOTO GUZZI,V7 III RACER,1
1947,2566,รถจักรยานยนต์,MOTO GUZZI,V7 III ROUGH,1
1948,2566,รถจักรยานยนต์,MOTO GUZZI,V7 III STONE,1
1949,2566,รถจักรยานยนต์,MOTO GUZZI,V7 STONE,2
1950,2566,รถจักรยานยนต์,MOTO GUZZI,V9 BOBBER,1
1951,2566,รถจักรยานยนต์,MOTO PARILLA,LEVRIERO150,11
1952,2566,รถจักรยานยนต์,MOTOGUZZI,V7 III CARBON,1
1953,2566,รถจักรยานยนต์,MOTOGUZZI,V7 III STONE,1
1954,2566,รถจักรยานยนต์,MV AGUSTA,BRUTALE 800,2
1955,2566,รถจักรยานยนต์,MV AGUSTA,F3 800,1
1956,2566,รถจักรยานยนต์,MV AGUSTA,F4 RC,1
1957,2566,รถจักรยานยนต์,MV AGUSTA,TURISMO VELOCE 800 LUSSO,1
1958,2566,รถจักรยานยนต์,NIU,GOVA 03,23
1959,2566,รถจักรยานยนต์,NIU,MQi GT,10
1960,2566,รถจักรยานยนต์,NIU,MQi GT EVO,26
1961,2566,รถจักรยานยนต์,NIU,MQi+Sport,14
1962,2566,รถจักรยานยนต์,NIU,NQi GTS,45
1963,2566,รถจักรยานยนต์,NIU,NQi Sport,41
1964,2566,รถจักรยานยนต์,NIU,NQiGT Sport,116
1965,2566,รถจักรยานยนต์,NKT,GO125,6
1966,2566,รถจักรยานยนต์,NKT,NOW125,2
1967,2566,รถจักรยานยนต์,OPAI,YW-04,1
1968,2566,รถจักรยานยนต์,PEUGEOT,DJANGO,4
1969,2566,รถจักรยานยนต์,PEUGEOT,DJANGO125,1
1970,2566,รถจักรยานยนต์,PHOENIX ENGINEERING,GUNNER 100,38
1971,2566,รถจักรยานยนต์,PIAGGIO,GILERA CX125,2
1972,2566,รถจักรยานยนต์,PIAGGIO,LIBERTY 125 IE,3
1973,2566,รถจักรยานยนต์,PLATINUM,MONACO 200 C,1
1974,2566,รถจักรยานยนต์,PLATINUM,VIEW SCOOTER 125 J,2
1975,2566,รถจักรยานยนต์,RENNY,R88E,40
1976,2566,รถจักรยานยนต์,RENNY,R88X,19
1977,2566,รถจักรยานยนต์,ROYAL ALLOY,GP 150,1
1978,2566,รถจักรยานยนต์,ROYAL ALLOY,GP 200S,1
1979,2566,รถจักรยานยนต์,ROYAL ALLOY,Grand Prix,160
1980,2566,รถจักรยานยนต์,ROYAL ALLOY,Grand Prix TV175,287
1981,2566,รถจักรยานยนต์,ROYAL ALLOY,Tigara Grande,154
1982,2566,รถจักรยานยนต์,ROYAL ENFIELD,BULLET CLASSIC EFI,2
1983,2566,รถจักรยานยนต์,ROYAL ENFIELD,BULLET TRIALS 500,2
1984,2566,รถจักรยานยนต์,ROYAL ENFIELD,CLASSIC 350,1211
1985,2566,รถจักรยานยนต์,ROYAL ENFIELD,CONTINENTAL GT 650,49
1986,2566,รถจักรยานยนต์,ROYAL ENFIELD,HIMALAYAN,71
1987,2566,รถจักรยานยนต์,ROYAL ENFIELD,HIMALAYAN SCRAM 411,53
1988,2566,รถจักรยานยนต์,ROYAL ENFIELD,HUNTER 350,1068
1989,2566,รถจักรยานยนต์,ROYAL ENFIELD,INTERCEPTOR 650,708
1990,2566,รถจักรยานยนต์,ROYAL ENFIELD,INTERCEPTOR INT 650,18
1991,2566,รถจักรยานยนต์,ROYAL ENFIELD,METEOR 350 FIREBALL,112
1992,2566,รถจักรยานยนต์,ROYAL ENFIELD,METEOR 350 STELLAR,67
1993,2566,รถจักรยานยนต์,ROYAL ENFIELD,METEOR 350 SUPERNOVA,85
1994,2566,รถจักรยานยนต์,ROYAL ENFIELD,SIGNALS 350,251
1995,2566,รถจักรยานยนต์,ROYAL ENFIELD,SUPER METEOR 650,197
1996,2566,รถจักรยานยนต์,RYUKA,AHEAD,1
1997,2566,รถจักรยานยนต์,RYUKA,CHARLY,5
1998,2566,รถจักรยานยนต์,RYUKA,CLASSIC,72
1999,2566,รถจักรยานยนต์,RYUKA,CLASSIC CUB,28
2000,2566,รถจักรยานยนต์,RYUKA,CLASSIC FI,2153
2001,2566,รถจักรยานยนต์,RYUKA,CLASSIC MINI,3
2002,2566,รถจักรยานยนต์,RYUKA,CRUISER,7
2003,2566,รถจักรยานยนต์,RYUKA,CUTE,24
2004,2566,รถจักรยานยนต์,RYUKA,FLY,1
2005,2566,รถจักรยานยนต์,RYUKA,RA1,3
2006,2566,รถจักรยานยนต์,RYUKA,Retro,37
2007,2566,รถจักรยานยนต์,RYUKA,Retro150,41
2008,2566,รถจักรยานยนต์,RYUKA,RK150,41
2009,2566,รถจักรยานยนต์,RYUKA,RK200GY,6
2010,2566,รถจักรยานยนต์,RYUKA,RK250,50
2011,2566,รถจักรยานยนต์,RYUKA,SAVE-II,4
2012,2566,รถจักรยานยนต์,RYUKA,SAVE-II S,28
2013,2566,รถจักรยานยนต์,RYUKA,SAVE-II S FI,1172
2014,2566,รถจักรยานยนต์,RYUKA,SPORT,4
2015,2566,รถจักรยานยนต์,RYUKA,Z-ONE,3
2016,2566,รถจักรยานยนต์,RYUKA,ZSR,12
2017,2566,รถจักรยานยนต์,SCOMADI,TECHNICA 200i,253
2018,2566,รถจักรยานยนต์,SCOMADI,TURISMO TECHNICA 125i,17
2019,2566,รถจักรยานยนต์,SCOMADI,TURISMO TECHNICA 125I,303
2020,2566,รถจักรยานยนต์,SCOMADI,TURISMO TECHNICA 200i,75
2021,2566,รถจักรยานยนต์,SLEEK,SLEEK ONE,273
2022,2566,รถจักรยานยนต์,SLEEK,TYPE-V,193
2023,2566,รถจักรยานยนต์,SLEEK,TYPE-V GT,35
2024,2566,รถจักรยานยนต์,SOLAR,GROOVE 125A,98
2025,2566,รถจักรยานยนต์,SOLAR,GROOVE CROSS 125A,21
2026,2566,รถจักรยานยนต์,SOLAR,PROUD 125A,79
2027,2566,รถจักรยานยนต์,STALLION,125MINI,10
2028,2566,รถจักรยานยนต์,STALLION,BUDDY 105,1
2029,2566,รถจักรยานยนต์,STALLION,POLO125,2
2030,2566,รถจักรยานยนต์,STALLIONS,170i,84
2031,2566,รถจักรยานยนต์,STALLIONS,BUCCANEER 250I,1
2032,2566,รถจักรยานยนต์,STALLIONS,CARINO,2
2033,2566,รถจักรยานยนต์,STALLIONS,CENTAUR,2
2034,2566,รถจักรยานยนต์,STALLIONS,CENTAUR 400,1
2035,2566,รถจักรยานยนต์,STALLIONS,CENTAUR MAKINA150,6
2036,2566,รถจักรยานยนต์,STALLIONS,CENTAUR MAKINA250,5
2037,2566,รถจักรยานยนต์,STALLIONS,CENTAUR MEGAPHONE,5
2038,2566,รถจักรยานยนต์,STALLIONS,CENTAUR SIAM,13
2039,2566,รถจักรยานยนต์,STALLIONS,IRON-ONE,2
2040,2566,รถจักรยานยนต์,STALLIONS,MINI-EV,4
2041,2566,รถจักรยานยนต์,STALLIONS,VICTORY,21
2042,2566,รถจักรยานยนต์,STALLIONS,VICTORY VTR125,9
2043,2566,รถจักรยานยนต์,STAR 8,HORUS,9
2044,2566,รถจักรยานยนต์,STAR 8,MINERVA,23
2045,2566,รถจักรยานยนต์,STORM,STORM,1
2046,2566,รถจักรยานยนต์,STROM,CHIMPANZEE CPZ-250L2,38
2047,2566,รถจักรยานยนต์,STROM,GORILLA GRL-200L,436
2048,2566,รถจักรยานยนต์,STROM,GORILLA GRL-300L,31
2049,2566,รถจักรยานยนต์,STROM,MONKEY MNK-250L2,13
2050,2566,รถจักรยานยนต์,STROM,PANTHER PNT-300L,1
2051,2566,รถจักรยานยนต์,STROM,Sailfish SFH-150Ls,11
2052,2566,รถจักรยานยนต์,STROM,SEAL SEA-100L,16
2053,2566,รถจักรยานยนต์,SUNRA,MIKU SUPER,4
2054,2566,รถจักรยานยนต์,SUNRA,ROBO S,2
2055,2566,รถจักรยานยนต์,SUPER SOCO,CPX,80
2056,2566,รถจักรยานยนต์,SUPER SOCO,CUX,12
2057,2566,รถจักรยานยนต์,SUPER SOCO,TC MAX,46
2058,2566,รถจักรยานยนต์,SUZUKI,Address,10
2059,2566,รถจักรยานยนต์,SUZUKI,AVENIS,125
2060,2566,รถจักรยานยนต์,SUZUKI,BURGMAN 400,284
2061,2566,รถจักรยานยนต์,SUZUKI,FD110XCSU,1
2062,2566,รถจักรยานยนต์,SUZUKI,FD125XSU,1
2063,2566,รถจักรยานยนต์,SUZUKI,FK110,1
2064,2566,รถจักรยานยนต์,SUZUKI,FK110S,1
2065,2566,รถจักรยานยนต์,SUZUKI,FK110SD,1
2066,2566,รถจักรยานยนต์,SUZUKI,FL125FS,25
2067,2566,รถจักรยานยนต์,SUZUKI,FL125S,1
2068,2566,รถจักรยานยนต์,SUZUKI,FV115JA,588
2069,2566,รถจักรยานยนต์,SUZUKI,FV115JB,6
2070,2566,รถจักรยานยนต์,SUZUKI,FV115LA,640
2071,2566,รถจักรยานยนต์,SUZUKI,FV115LB,781
2072,2566,รถจักรยานยนต์,SUZUKI,FV115LE,2513
2073,2566,รถจักรยานยนต์,SUZUKI,GD110,15
2074,2566,รถจักรยานยนต์,SUZUKI,GIXXER SF,65
2075,2566,รถจักรยานยนต์,SUZUKI,GSX-1000R,1
2076,2566,รถจักรยานยนต์,SUZUKI,GSX-8S,2
2077,2566,รถจักรยานยนต์,SUZUKI,GSX-R1000,3
2078,2566,รถจักรยานยนต์,SUZUKI,GSX-R1000R,4
2079,2566,รถจักรยานยนต์,SUZUKI,GSX-R150,91
2080,2566,รถจักรยานยนต์,SUZUKI,GSX-S1000,4
2081,2566,รถจักรยานยนต์,SUZUKI,GSX-S1000F,7
2082,2566,รถจักรยานยนต์,SUZUKI,GSX-S1000S KATANA,67
2083,2566,รถจักรยานยนต์,SUZUKI,GSX-S150,61
2084,2566,รถจักรยานยนต์,SUZUKI,GSX-S750,4
2085,2566,รถจักรยานยนต์,SUZUKI,GSX-S750ZA,25
2086,2566,รถจักรยานยนต์,SUZUKI,HAYABUSA,15
2087,2566,รถจักรยานยนต์,SUZUKI,Let's,45
2088,2566,รถจักรยานยนต์,SUZUKI,NEX CROSSOVER,323
2089,2566,รถจักรยานยนต์,SUZUKI,RAIDER,165
2090,2566,รถจักรยานยนต์,SUZUKI,RAIDER J CROSSOVER,470
2091,2566,รถจักรยานยนต์,SUZUKI,RC110KD,1
2092,2566,รถจักรยานยนต์,SUZUKI,SHOGUN,3
2093,2566,รถจักรยานยนต์,SUZUKI,SKYDRIVE,9
2094,2566,รถจักรยานยนต์,SUZUKI,SMASH,42
2095,2566,รถจักรยานยนต์,SUZUKI,SV650,10
2096,2566,รถจักรยานยนต์,SUZUKI,UD110NE,1
2097,2566,รถจักรยานยนต์,SUZUKI,UK125ZFS,1
2098,2566,รถจักรยานยนต์,SUZUKI,UK125ZFSC,1
2099,2566,รถจักรยานยนต์,SUZUKI,UW125S,3
2100,2566,รถจักรยานยนต์,SUZUKI,UY125,1
2101,2566,รถจักรยานยนต์,SUZUKI,UY125S,1
2102,2566,รถจักรยานยนต์,SUZUKI,UY125SL,1
2103,2566,รถจักรยานยนต์,SUZUKI,V-Strom,111
2104,2566,รถจักรยานยนต์,SUZUKI,V-Strom1050,19
2105,2566,รถจักรยานยนต์,SUZUKI,V-STROM250SX,17
2106,2566,รถจักรยานยนต์,SUZUKI,V-STROM800DE,22
2107,2566,รถจักรยานยนต์,SUZUKI,VanVan,47
2108,2566,รถจักรยานยนต์,SWAG,TYPE-S,1
2109,2566,รถจักรยานยนต์,SWAG,TYPE-X,13
2110,2566,รถจักรยานยนต์,SYM,FORMULA,2
2111,2566,รถจักรยานยนต์,SYM,JL200GY-2C,4
2112,2566,รถจักรยานยนต์,SYM,LC-125,18
2113,2566,รถจักรยานยนต์,SYM,TINI110,1
2114,2566,รถจักรยานยนต์,TAILG,DRAGONS,106
2115,2566,รถจักรยานยนต์,TAILG,T3,1
2116,2566,รถจักรยานยนต์,TAILG,WARRIOR,50
2117,2566,รถจักรยานยนต์,TAILG,Y3,1
2118,2566,รถจักรยานยนต์,TATUNG,3E,2
2119,2566,รถจักรยานยนต์,TATUNG,EVO 2.0,2
2120,2566,รถจักรยานยนต์,TATUNG,EVO MINI,22
2121,2566,รถจักรยานยนต์,THOMAS,CHARMING,22
2122,2566,รถจักรยานยนต์,THOMAS,CYSTAL,32
2123,2566,รถจักรยานยนต์,THOMAS,Diamond,22
2124,2566,รถจักรยานยนต์,THOMAS,S-2000,27
2125,2566,รถจักรยานยนต์,TIGER,CX125SE,1
2126,2566,รถจักรยานยนต์,TIGER,G-MAX150,3
2127,2566,รถจักรยานยนต์,TIGER,ICE-125,1
2128,2566,รถจักรยานยนต์,TIGER,SM110S-R,6
2129,2566,รถจักรยานยนต์,TIGER,SM125S-C,1
2130,2566,รถจักรยานยนต์,TIGER,ST200,2
2131,2566,รถจักรยานยนต์,TIGER,,1
2132,2566,รถจักรยานยนต์,TRIUMPH,BONNEVILLE BOBBER,69
2133,2566,รถจักรยานยนต์,TRIUMPH,BONNEVILLE SPEEDMASTER,19
2134,2566,รถจักรยานยนต์,TRIUMPH,BONNEVILLE T100,115
2135,2566,รถจักรยานยนต์,TRIUMPH,BONNEVILLE T100 BUD EKINS,1
2136,2566,รถจักรยานยนต์,TRIUMPH,BONNEVILLE T120,62
2137,2566,รถจักรยานยนต์,TRIUMPH,BONNEVILLE T120 BLACK,86
2138,2566,รถจักรยานยนต์,TRIUMPH,ROCKET 3 GT,8
2139,2566,รถจักรยานยนต์,TRIUMPH,ROCKET 3 R,5
2140,2566,รถจักรยานยนต์,TRIUMPH,ROCKET 3 R BLACK,2
2141,2566,รถจักรยานยนต์,TRIUMPH,SCRAMBLER 1200 STEVE MCQUEEN,3
2142,2566,รถจักรยานยนต์,TRIUMPH,SCRAMBLER 1200 XC,8
2143,2566,รถจักรยานยนต์,TRIUMPH,SCRAMBLER 1200 XE,12
2144,2566,รถจักรยานยนต์,TRIUMPH,SCRAMBLER 900,10
2145,2566,รถจักรยานยนต์,TRIUMPH,SPEED TRIPLE 1200 RR,5
2146,2566,รถจักรยานยนต์,TRIUMPH,SPEED TRIPLE 1200 RS,3
2147,2566,รถจักรยานยนต์,TRIUMPH,SPEED TWIN,40
2148,2566,รถจักรยานยนต์,TRIUMPH,SPEED TWIN 900,88
2149,2566,รถจักรยานยนต์,TRIUMPH,STREET SCRAMBLER,22
2150,2566,รถจักรยานยนต์,TRIUMPH,STREET SCRAMBLERSANDSTORM,1
2151,2566,รถจักรยานยนต์,TRIUMPH,STREET TRIPLE MOTO2 TM EDITION,19
2152,2566,รถจักรยานยนต์,TRIUMPH,STREET TRIPLE RS,25
2153,2566,รถจักรยานยนต์,TRIUMPH,STREET TWIN,13
2154,2566,รถจักรยานยนต์,TRIUMPH,THRUXTON RS,11
2155,2566,รถจักรยานยนต์,TRIUMPH,THRUXTON RS SHOWCASE,2
2156,2566,รถจักรยานยนต์,TRIUMPH,TIGER 1200 RALLY EXPLORER,5
2157,2566,รถจักรยานยนต์,TRIUMPH,TIGER 1200 RALLY PRO,5
2158,2566,รถจักรยานยนต์,TRIUMPH,TIGER 850 SPORT,13
2159,2566,รถจักรยานยนต์,TRIUMPH,TIGER 900 GT ARAGON EDITION,5
2160,2566,รถจักรยานยนต์,TRIUMPH,TIGER 900 GT PRO,22
2161,2566,รถจักรยานยนต์,TRIUMPH,TIGER 900 RALLY,1
2162,2566,รถจักรยานยนต์,TRIUMPH,TIGER 900 RALLY ARAGON EDITION,6
2163,2566,รถจักรยานยนต์,TRIUMPH,TIGER 900 RALLY PRO,19
2164,2566,รถจักรยานยนต์,TRIUMPH,TIGER SPORT,54
2165,2566,รถจักรยานยนต์,TRIUMPH,TIGER XCA,1
2166,2566,รถจักรยานยนต์,TRIUMPH,TRIDENT,83
2167,2566,รถจักรยานยนต์,VESPA,946 150 IGET ABS,4
2168,2566,รถจักรยานยนต์,VESPA,GTS 150 3V IE,4
2169,2566,รถจักรยานยนต์,VESPA,GTS 150 IGET ABS,1379
2170,2566,รถจักรยานยนต์,VESPA,GTS 300,1
2171,2566,รถจักรยานยนต์,VESPA,GTS 300 ABS SUPER,11
2172,2566,รถจักรยานยนต์,VESPA,GTS 300 CLASSIC HPE,144
2173,2566,รถจักรยานยนต์,VESPA,GTS 300 SUPER SPORT HPE,134
2174,2566,รถจักรยานยนต์,VESPA,GTS 300 SUPERTECH HPE,307
2175,2566,รถจักรยานยนต์,VESPA,GTS SUPERTECH 300 HPE,2
2176,2566,รถจักรยานยนต์,VESPA,GTV 300 HPE,284
2177,2566,รถจักรยานยนต์,VESPA,LT 125 3V IE,2
2178,2566,รถจักรยานยนต์,VESPA,LX  125 IE,1
2179,2566,รถจักรยานยนต์,VESPA,LX  150 IE,1
2180,2566,รถจักรยานยนต์,VESPA,LX 125 IGET,5590
2181,2566,รถจักรยานยนต์,VESPA,LX 150,3
2182,2566,รถจักรยานยนต์,VESPA,LX125 3V IE,1
2183,2566,รถจักรยานยนต์,VESPA,LX125 3V IE IGET,12
2184,2566,รถจักรยานยนต์,VESPA,LXV150 3V IE,1
2185,2566,รถจักรยานยนต์,VESPA,PRIMAVERA 125 3V IE,3
2186,2566,รถจักรยานยนต์,VESPA,PRIMAVERA 150 3V IE,3
2187,2566,รถจักรยานยนต์,VESPA,PRIMAVERA 150 3V IE ABS,21
2188,2566,รถจักรยานยนต์,VESPA,PRIMAVERA 150 IGET ABS,3074
2189,2566,รถจักรยานยนต์,VESPA,PRIMAVERA 150 IGET ABSTFT,4
2190,2566,รถจักรยานยนต์,VESPA,PX 125,33
2191,2566,รถจักรยานยนต์,VESPA,S 125 IGET,6290
2192,2566,รถจักรยานยนต์,VESPA,S125 3V IE IGET,9
2193,2566,รถจักรยานยนต์,VESPA,S150 3V IE,1
2194,2566,รถจักรยานยนต์,VESPA,SPRINT 125 3V IE,1
2195,2566,รถจักรยานยนต์,VESPA,SPRINT 125 3V IE ABS,5
2196,2566,รถจักรยานยนต์,VESPA,SPRINT 125 IGET ABS,5662
2197,2566,รถจักรยานยนต์,VESPA,SPRINT 150 3V IE ABS,3
2198,2566,รถจักรยานยนต์,VESPA,SPRINT 150 IGET ABS,19350
2199,2566,รถจักรยานยนต์,VESPA,SPRINT 150 IGET ABS TFT,1437
2200,2566,รถจักรยานยนต์,VICTORY,HAMMER,1
2201,2566,รถจักรยานยนต์,VICTORY,VEGAS 8-BALL,1
2202,2566,รถจักรยานยนต์,YADEA,ODORA PRO,5
2203,2566,รถจักรยานยนต์,YADEA,S3 PRO,5
2204,2566,รถจักรยานยนต์,YAMAHA,1P7700,1
2205,2566,รถจักรยานยนต์,YAMAHA,1P7B00,1
2206,2566,รถจักรยานยนต์,YAMAHA,20B100,1
2207,2566,รถจักรยานยนต์,YAMAHA,20B200,3
2208,2566,รถจักรยานยนต์,YAMAHA,20B400,1
2209,2566,รถจักรยานยนต์,YAMAHA,20B600,2
2210,2566,รถจักรยานยนต์,YAMAHA,33S100,1
2211,2566,รถจักรยานยนต์,YAMAHA,4C9200,2
2212,2566,รถจักรยานยนต์,YAMAHA,4D0C00,2
2213,2566,รถจักรยานยนต์,YAMAHA,50P100,1
2214,2566,รถจักรยานยนต์,YAMAHA,50P200,1
2215,2566,รถจักรยานยนต์,YAMAHA,50S300,1
2216,2566,รถจักรยานยนต์,YAMAHA,52B100,2
2217,2566,รถจักรยานยนต์,YAMAHA,52B200,5
2218,2566,รถจักรยานยนต์,YAMAHA,52B300,1
2219,2566,รถจักรยานยนต์,YAMAHA,5P0400,1
2220,2566,รถจักรยานยนต์,YAMAHA,5P6100,1
2221,2566,รถจักรยานยนต์,YAMAHA,AEROX,4294
2222,2566,รถจักรยานยนต์,YAMAHA,AEROX 155,89
2223,2566,รถจักรยานยนต์,YAMAHA,AEROX ABS,2921
2224,2566,รถจักรยานยนต์,YAMAHA,AEROX R,10
2225,2566,รถจักรยานยนต์,YAMAHA,BH-115C,1
2226,2566,รถจักรยานยนต์,YAMAHA,BOLT R,1
2227,2566,รถจักรยานยนต์,YAMAHA,BT-115E,1
2228,2566,รถจักรยานยนต์,YAMAHA,EXCITER,3490
2229,2566,รถจักรยานยนต์,YAMAHA,EXCITER150,20
2230,2566,รถจักรยานยนต์,YAMAHA,Fazzio,18384
2231,2566,รถจักรยานยนต์,YAMAHA,Filano,11
2232,2566,รถจักรยานยนต์,YAMAHA,Fino,7
2233,2566,รถจักรยานยนต์,YAMAHA,Fino FI,7
2234,2566,รถจักรยานยนต์,YAMAHA,Fiore,2
2235,2566,รถจักรยานยนต์,YAMAHA,FINN,67417
2236,2566,รถจักรยานยนต์,YAMAHA,FINO125,16428
2237,2566,รถจักรยานยนต์,YAMAHA,FJR1300,14
2238,2566,รถจักรยานยนต์,YAMAHA,FreeGo,15
2239,2566,รถจักรยานยนต์,YAMAHA,GRAND FILANO,102508
2240,2566,รถจักรยานยนต์,YAMAHA,GT125,2212
2241,2566,รถจักรยานยนต์,YAMAHA,JR-120S,1
2242,2566,รถจักรยานยนต์,YAMAHA,JUPITER RC,19
2243,2566,รถจักรยานยนต์,YAMAHA,LD-110D,1
2244,2566,รถจักรยานยนต์,YAMAHA,LEXI,7
2245,2566,รถจักรยานยนต์,YAMAHA,LEXI ABS,3
2246,2566,รถจักรยานยนต์,YAMAHA,LEXI S,2
2247,2566,รถจักรยานยนต์,YAMAHA,LTA-135ED,2
2248,2566,รถจักรยานยนต์,YAMAHA,M-SLAZ,45
2249,2566,รถจักรยานยนต์,YAMAHA,Mio 125,4
2250,2566,รถจักรยานยนต์,YAMAHA,Mio 125i,15
2251,2566,รถจักรยานยนต์,YAMAHA,MIO115I,8
2252,2566,รถจักรยานยนต์,YAMAHA,MT-03,159
2253,2566,รถจักรยานยนต์,YAMAHA,MT-07,215
2254,2566,รถจักรยานยนต์,YAMAHA,MT-09,96
2255,2566,รถจักรยานยนต์,YAMAHA,MT-09SP,57
2256,2566,รถจักรยานยนต์,YAMAHA,MT-15,1454
2257,2566,รถจักรยานยนต์,YAMAHA,NIKEN,1
2258,2566,รถจักรยานยนต์,YAMAHA,NMAX,17753
2259,2566,รถจักรยานยนต์,YAMAHA,Nouvo Elegance,2
2260,2566,รถจักรยานยนต์,YAMAHA,Nouvo SX,4
2261,2566,รถจักรยานยนต์,YAMAHA,PG-1,230
2262,2566,รถจักรยานยนต์,YAMAHA,QBIX,47
2263,2566,รถจักรยานยนต์,YAMAHA,QBIX ABS,128
2264,2566,รถจักรยานยนต์,YAMAHA,QBIX S,83
2265,2566,รถจักรยานยนต์,YAMAHA,R7,341
2266,2566,รถจักรยานยนต์,YAMAHA,Spark 115i,27
2267,2566,รถจักรยานยนต์,YAMAHA,Spark Nano,3
2268,2566,รถจักรยานยนต์,YAMAHA,SPARK LX,10
2269,2566,รถจักรยานยนต์,YAMAHA,SR400,828
2270,2566,รถจักรยานยนต์,YAMAHA,TENERE700,192
2271,2566,รถจักรยานยนต์,YAMAHA,TMAX DX,25
2272,2566,รถจักรยานยนต์,YAMAHA,TMAX SX,3
2273,2566,รถจักรยานยนต์,YAMAHA,TMAX TECH MAX,212
2274,2566,รถจักรยานยนต์,YAMAHA,TMAX560,133
2275,2566,รถจักรยานยนต์,YAMAHA,Tricity,20
2276,2566,รถจักรยานยนต์,YAMAHA,TRACER 9 GT,75
2277,2566,รถจักรยานยนต์,YAMAHA,TRACER 9 GT+,11
2278,2566,รถจักรยานยนต์,YAMAHA,TRACER 900GT,3
2279,2566,รถจักรยานยนต์,YAMAHA,TTX,17
2280,2566,รถจักรยานยนต์,YAMAHA,VR150RS,1
2281,2566,รถจักรยานยนต์,YAMAHA,WR155R,1772
2282,2566,รถจักรยานยนต์,YAMAHA,XMAX,19840
2283,2566,รถจักรยานยนต์,YAMAHA,XMAX 300,1968
2284,2566,รถจักรยานยนต์,YAMAHA,XMAX SP,124
2285,2566,รถจักรยานยนต์,YAMAHA,XSR155,2492
2286,2566,รถจักรยานยนต์,YAMAHA,XSR700,20
2287,2566,รถจักรยานยนต์,YAMAHA,XSR900,25
2288,2566,รถจักรยานยนต์,YAMAHA,Y-111D,1
2289,2566,รถจักรยานยนต์,YAMAHA,YZF-R1,22
2290,2566,รถจักรยานยนต์,YAMAHA,YZF-R15,2105
2291,2566,รถจักรยานยนต์,YAMAHA,YZF-R15M,1158
2292,2566,รถจักรยานยนต์,YAMAHA,YZF-R1M,4
2293,2566,รถจักรยานยนต์,YAMAHA,YZF-R3,92
2294,2566,รถจักรยานยนต์,YAMAHA,YZF-R6,2
2295,2566,รถจักรยานยนต์,ZEEHO,AE8S+,12
2296,2566,รถจักรยานยนต์,ZENKO,ZEED,57
2297,2566,รถจักรยานยนต์,ZONTES,R310,8
2298,2566,รถจักรยานยนต์,ZONTES,X310,10
2299,2566,รถแทร็กเตอร์,AICHI,UJ027,1
2300,2566,รถแทร็กเตอร์,ALPHA,AB100B,1
2301,2566,รถแทร็กเตอร์,ALPHA,AE3500A,2
2302,2566,รถแทร็กเตอร์,ALPHA,ALPHA 404,1
2303,2566,รถแทร็กเตอร์,ALPHA,AT500A,1
2304,2566,รถแทร็กเตอร์,ALPHA,AT900A,1
2305,2566,รถแทร็กเตอร์,ALPHA,AT900H,3
2306,2566,รถแทร็กเตอร์,ALPHA,AW1000F,1
2307,2566,รถแทร็กเตอร์,ALPHA,AW7800,1
2308,2566,รถแทร็กเตอร์,AOLITE,PQ50F,1
2309,2566,รถแทร็กเตอร์,ATLAS COPCO,,1
2310,2566,รถแทร็กเตอร์,ATLAS COPCO KK,powerROC T35,1
2311,2566,รถแทร็กเตอร์,AUSTOFT,7000,1
2312,2566,รถแทร็กเตอร์,BANGKOK PANJAN,PC 200,29
2313,2566,รถแทร็กเตอร์,BANGKOK PANJAN,PC 60,2
2314,2566,รถแทร็กเตอร์,BANGKOK PANJAN,PC120,3
2315,2566,รถแทร็กเตอร์,BOBCAT,E37,24
2316,2566,รถแทร็กเตอร์,BOBCAT,E55W,1
2317,2566,รถแทร็กเตอร์,BOBCAT,E55Z,26
2318,2566,รถแทร็กเตอร์,BOBCAT,S185,1
2319,2566,รถแทร็กเตอร์,BOBCAT,S570,5
2320,2566,รถแทร็กเตอร์,BOMAG,BM 500/15-2,1
2321,2566,รถแทร็กเตอร์,BOMAG,MPH125,1
2322,2566,รถแทร็กเตอร์,BULL,HD 96,2
2323,2566,รถแทร็กเตอร์,BULL,HN611,1
2324,2566,รถแทร็กเตอร์,CASE,570ST 4WD,14
2325,2566,รถแทร็กเตอร์,CASE,695SV,3
2326,2566,รถแทร็กเตอร์,CASE,865B,1
2327,2566,รถแทร็กเตอร์,CASE,A7000,2
2328,2566,รถแทร็กเตอร์,CASE,CX130,1
2329,2566,รถแทร็กเตอร์,CASE,CX220C,6
2330,2566,รถแทร็กเตอร์,CASE,CX58C,1
2331,2566,รถแทร็กเตอร์,CASE,SR175B,3
2332,2566,รถแทร็กเตอร์,CASE,SR220B,1
2333,2566,รถแทร็กเตอร์,CASE,,2
2334,2566,รถแทร็กเตอร์,CASE IH,7700,1
2335,2566,รถแทร็กเตอร์,CASE IH,8000,1
2336,2566,รถแทร็กเตอร์,CASE IH,A7000,1
2337,2566,รถแทร็กเตอร์,CASE IH,A7700,30
2338,2566,รถแทร็กเตอร์,CASE IH,A8000,6
2339,2566,รถแทร็กเตอร์,CASE IH,A8010,5
2340,2566,รถแทร็กเตอร์,CASE IH,A8800,18
2341,2566,รถแทร็กเตอร์,CASE IH,A8800-17,1
2342,2566,รถแทร็กเตอร์,CASE IH,A9000,11
2343,2566,รถแทร็กเตอร์,CASE IH,A9900,1
2344,2566,รถแทร็กเตอร์,CAT,,1
2345,2566,รถแทร็กเตอร์,CATERPILLAR,120K,2
2346,2566,รถแทร็กเตอร์,CATERPILLAR,12G,1
2347,2566,รถแทร็กเตอร์,CATERPILLAR,140G,24
2348,2566,รถแทร็กเตอร์,CATERPILLAR,140G VHP,2
2349,2566,รถแทร็กเตอร์,CATERPILLAR,140GC,4
2350,2566,รถแทร็กเตอร์,CATERPILLAR,140H,40
2351,2566,รถแทร็กเตอร์,CATERPILLAR,140H VHP,4
2352,2566,รถแทร็กเตอร์,CATERPILLAR,140H VHP PLUS,1
2353,2566,รถแทร็กเตอร์,CATERPILLAR,140K,23
2354,2566,รถแทร็กเตอร์,CATERPILLAR,160H,2
2355,2566,รถแทร็กเตอร์,CATERPILLAR,160H W RIPPER,1
2356,2566,รถแทร็กเตอร์,CATERPILLAR,303,1
2357,2566,รถแทร็กเตอร์,CATERPILLAR,303.5CR,12
2358,2566,รถแทร็กเตอร์,CATERPILLAR,303.5ECR,8
2359,2566,รถแทร็กเตอร์,CATERPILLAR,303ECR,1
2360,2566,รถแทร็กเตอร์,CATERPILLAR,303SR,2
2361,2566,รถแทร็กเตอร์,CATERPILLAR,305,1
2362,2566,รถแทร็กเตอร์,CATERPILLAR,305 SR,1
2363,2566,รถแทร็กเตอร์,CATERPILLAR,305.5E,1
2364,2566,รถแทร็กเตอร์,CATERPILLAR,305.5E2,3
2365,2566,รถแทร็กเตอร์,CATERPILLAR,306,1
2366,2566,รถแทร็กเตอร์,CATERPILLAR,306E2,2
2367,2566,รถแทร็กเตอร์,CATERPILLAR,307,1
2368,2566,รถแทร็กเตอร์,CATERPILLAR,307.5,1
2369,2566,รถแทร็กเตอร์,CATERPILLAR,307D,2
2370,2566,รถแทร็กเตอร์,CATERPILLAR,307E,1
2371,2566,รถแทร็กเตอร์,CATERPILLAR,308CCR,3
2372,2566,รถแทร็กเตอร์,CATERPILLAR,311C,1
2373,2566,รถแทร็กเตอร์,CATERPILLAR,311D,3
2374,2566,รถแทร็กเตอร์,CATERPILLAR,311DRR,3
2375,2566,รถแทร็กเตอร์,CATERPILLAR,311FLRR,1
2376,2566,รถแทร็กเตอร์,CATERPILLAR,312C,2
2377,2566,รถแทร็กเตอร์,CATERPILLAR,312D,35
2378,2566,รถแทร็กเตอร์,CATERPILLAR,312D2,1
2379,2566,รถแทร็กเตอร์,CATERPILLAR,312D2GC,3
2380,2566,รถแทร็กเตอร์,CATERPILLAR,312E,10
2381,2566,รถแทร็กเตอร์,CATERPILLAR,312F,3
2382,2566,รถแทร็กเตอร์,CATERPILLAR,313BCR,1
2383,2566,รถแทร็กเตอร์,CATERPILLAR,313C,2
2384,2566,รถแทร็กเตอร์,CATERPILLAR,313CCR,2
2385,2566,รถแทร็กเตอร์,CATERPILLAR,313D,1
2386,2566,รถแทร็กเตอร์,CATERPILLAR,313D2GC,32
2387,2566,รถแทร็กเตอร์,CATERPILLAR,313GC,2
2388,2566,รถแทร็กเตอร์,CATERPILLAR,314ECR,1
2389,2566,รถแทร็กเตอร์,CATERPILLAR,315DL,2
2390,2566,รถแทร็กเตอร์,CATERPILLAR,318D2L,4
2391,2566,รถแทร็กเตอร์,CATERPILLAR,320,47
2392,2566,รถแทร็กเตอร์,CATERPILLAR,320C,1
2393,2566,รถแทร็กเตอร์,CATERPILLAR,320D,29
2394,2566,รถแทร็กเตอร์,CATERPILLAR,320D GC,8
2395,2566,รถแทร็กเตอร์,CATERPILLAR,320D-E,1
2396,2566,รถแทร็กเตอร์,CATERPILLAR,320D2,48
2397,2566,รถแทร็กเตอร์,CATERPILLAR,320D2GC,5
2398,2566,รถแทร็กเตอร์,CATERPILLAR,320D2L,1
2399,2566,รถแทร็กเตอร์,CATERPILLAR,320DL,3
2400,2566,รถแทร็กเตอร์,CATERPILLAR,320DLRR,1
2401,2566,รถแทร็กเตอร์,CATERPILLAR,320E,4
2402,2566,รถแทร็กเตอร์,CATERPILLAR,320GC,22
2403,2566,รถแทร็กเตอร์,CATERPILLAR,320GX,20
2404,2566,รถแทร็กเตอร์,CATERPILLAR,321CLCR,1
2405,2566,รถแทร็กเตอร์,CATERPILLAR,323D2L,1
2406,2566,รถแทร็กเตอร์,CATERPILLAR,323GC,12
2407,2566,รถแทร็กเตอร์,CATERPILLAR,323GX,20
2408,2566,รถแทร็กเตอร์,CATERPILLAR,325BL,1
2409,2566,รถแทร็กเตอร์,CATERPILLAR,330BL,2
2410,2566,รถแทร็กเตอร์,CATERPILLAR,330D2L,1
2411,2566,รถแทร็กเตอร์,CATERPILLAR,330L,1
2412,2566,รถแทร็กเตอร์,CATERPILLAR,336,7
2413,2566,รถแทร็กเตอร์,CATERPILLAR,336D,1
2414,2566,รถแทร็กเตอร์,CATERPILLAR,336E,1
2415,2566,รถแทร็กเตอร์,CATERPILLAR,345C,1
2416,2566,รถแทร็กเตอร์,CATERPILLAR,349D2L,1
2417,2566,รถแทร็กเตอร์,CATERPILLAR,422F,3
2418,2566,รถแทร็กเตอร์,CATERPILLAR,422F2,1
2419,2566,รถแทร็กเตอร์,CATERPILLAR,426,43
2420,2566,รถแทร็กเตอร์,CATERPILLAR,426F2,30
2421,2566,รถแทร็กเตอร์,CATERPILLAR,910F-II,1
2422,2566,รถแทร็กเตอร์,CATERPILLAR,910K,2
2423,2566,รถแทร็กเตอร์,CATERPILLAR,914G,1
2424,2566,รถแทร็กเตอร์,CATERPILLAR,914K,1
2425,2566,รถแทร็กเตอร์,CATERPILLAR,924F,1
2426,2566,รถแทร็กเตอร์,CATERPILLAR,924G,3
2427,2566,รถแทร็กเตอร์,CATERPILLAR,924H,1
2428,2566,รถแทร็กเตอร์,CATERPILLAR,924K,1
2429,2566,รถแทร็กเตอร์,CATERPILLAR,938F,1
2430,2566,รถแทร็กเตอร์,CATERPILLAR,950,1
2431,2566,รถแทร็กเตอร์,CATERPILLAR,950F,2
2432,2566,รถแทร็กเตอร์,CATERPILLAR,950G II,1
2433,2566,รถแทร็กเตอร์,CATERPILLAR,950GC,4
2434,2566,รถแทร็กเตอร์,CATERPILLAR,950H,1
2435,2566,รถแทร็กเตอร์,CATERPILLAR,962K,1
2436,2566,รถแทร็กเตอร์,CATERPILLAR,966G,1
2437,2566,รถแทร็กเตอร์,CATERPILLAR,966GC,1
2438,2566,รถแทร็กเตอร์,CATERPILLAR,966H,3
2439,2566,รถแทร็กเตอร์,CATERPILLAR,972G,1
2440,2566,รถแทร็กเตอร์,CATERPILLAR,980H,1
2441,2566,รถแทร็กเตอร์,CATERPILLAR,988B,1
2442,2566,รถแทร็กเตอร์,CATERPILLAR,AP-1000B,1
2443,2566,รถแทร็กเตอร์,CATERPILLAR,AP-1000E,1
2444,2566,รถแทร็กเตอร์,CATERPILLAR,AP1000B,1
2445,2566,รถแทร็กเตอร์,CATERPILLAR,AP600,1
2446,2566,รถแทร็กเตอร์,CATERPILLAR,AP600F,1
2447,2566,รถแทร็กเตอร์,CATERPILLAR,AP655F,1
2448,2566,รถแทร็กเตอร์,CATERPILLAR,CAT 307,1
2449,2566,รถแทร็กเตอร์,CATERPILLAR,CAT143H,2
2450,2566,รถแทร็กเตอร์,CATERPILLAR,CAT936E,1
2451,2566,รถแทร็กเตอร์,CATERPILLAR,CS11GC,1
2452,2566,รถแทร็กเตอร์,CATERPILLAR,CS76,1
2453,2566,รถแทร็กเตอร์,CATERPILLAR,D3C,1
2454,2566,รถแทร็กเตอร์,CATERPILLAR,D4E,2
2455,2566,รถแทร็กเตอร์,CATERPILLAR,D4H,3
2456,2566,รถแทร็กเตอร์,CATERPILLAR,D4H-2,1
2457,2566,รถแทร็กเตอร์,CATERPILLAR,D5,3
2458,2566,รถแทร็กเตอร์,CATERPILLAR,D5B,2
2459,2566,รถแทร็กเตอร์,CATERPILLAR,D5H,5
2460,2566,รถแทร็กเตอร์,CATERPILLAR,D5N,4
2461,2566,รถแทร็กเตอร์,CATERPILLAR,D6D,8
2462,2566,รถแทร็กเตอร์,CATERPILLAR,D6GC LGP,1
2463,2566,รถแทร็กเตอร์,CATERPILLAR,D6H,6
2464,2566,รถแทร็กเตอร์,CATERPILLAR,D6H XL,1
2465,2566,รถแทร็กเตอร์,CATERPILLAR,D6M,1
2466,2566,รถแทร็กเตอร์,CATERPILLAR,D6N,5
2467,2566,รถแทร็กเตอร์,CATERPILLAR,D6R,2
2468,2566,รถแทร็กเตอร์,CATERPILLAR,D6R LGP,1
2469,2566,รถแทร็กเตอร์,CATERPILLAR,M313C,1
2470,2566,รถแทร็กเตอร์,CATERPILLAR,M315,6
2471,2566,รถแทร็กเตอร์,CATERPILLAR,M315D2,4
2472,2566,รถแทร็กเตอร์,CATERPILLAR,M317D2,5
2473,2566,รถแทร็กเตอร์,CATERPILLAR,,6
2474,2566,รถแทร็กเตอร์,CEDARAPIDS,,3
2475,2566,รถแทร็กเตอร์,CHAMP,CF-1052,7
2476,2566,รถแทร็กเตอร์,CHAMP,CX30-50,1
2477,2566,รถแทร็กเตอร์,CHAMP,LG816,7
2478,2566,รถแทร็กเตอร์,CHAMP,LG828,5
2479,2566,รถแทร็กเตอร์,CHAMP,LG828X,10
2480,2566,รถแทร็กเตอร์,CHAMP,LG836,1
2481,2566,รถแทร็กเตอร์,CHAMP,LG836X,6
2482,2566,รถแทร็กเตอร์,CHAMP,LG836XL,24
2483,2566,รถแทร็กเตอร์,CHAMP,LG839X,4
2484,2566,รถแทร็กเตอร์,CHAMP,LG839XL,15
2485,2566,รถแทร็กเตอร์,CHAMP,MX-6255,5
2486,2566,รถแทร็กเตอร์,CHAMP,YN926,2
2487,2566,รถแทร็กเตอร์,CHAMP,YN926L,5
2488,2566,รถแทร็กเตอร์,CHAMP,YN928L,5
2489,2566,รถแทร็กเตอร์,CHAMP,YN938L,1
2490,2566,รถแทร็กเตอร์,CHAMP,YTO-454,7
2491,2566,รถแทร็กเตอร์,CHAMP,YTO-EF654,7
2492,2566,รถแทร็กเตอร์,CHAMP,YTO-EMF554,8
2493,2566,รถแทร็กเตอร์,CHAMP,YTO-LX954,1
2494,2566,รถแทร็กเตอร์,CHAMP,YTO-ME354,1
2495,2566,รถแทร็กเตอร์,CHAMP,YTO-MF454,2
2496,2566,รถแทร็กเตอร์,CHAMP,YTO-MF504,31
2497,2566,รถแทร็กเตอร์,CHAMP,YTO-MF504X,22
2498,2566,รถแทร็กเตอร์,CHAMP,YTO-NLX1054,2
2499,2566,รถแทร็กเตอร์,CHAMP,YTO-NLX854,11
2500,2566,รถแทร็กเตอร์,CHAMP,YTO-NLX954,3
2501,2566,รถแทร็กเตอร์,CHAMP,YTO-NMF554,2
2502,2566,รถแทร็กเตอร์,CHAMP,YTO-X754,1
2503,2566,รถแทร็กเตอร์,CHAMP,YTO-X904,1
2504,2566,รถแทร็กเตอร์,CHAMPION,730A,1
2505,2566,รถแทร็กเตอร์,CHANGFA,4LZ-5C(CF865),1
2506,2566,รถแทร็กเตอร์,CHANGFA,CFC504T,2
2507,2566,รถแทร็กเตอร์,CHANGLIN,957S,1
2508,2566,รถแทร็กเตอร์,CHENGGONG,CG932H,3
2509,2566,รถแทร็กเตอร์,CLAAS,CROPTIGER 30 TERRA TRAC,4
2510,2566,รถแทร็กเตอร์,CLAAS,JAGUAR 830,1
2511,2566,รถแทร็กเตอร์,CLAAS,OPTIGER30TERRA TRAC,2
2512,2566,รถแทร็กเตอร์,CLAAS,TALOS 230 ROPS,1
2513,2566,รถแทร็กเตอร์,CLAAS,TALOS 240 CABIN,1
2514,2566,รถแทร็กเตอร์,CLAAS,TALOS120,8
2515,2566,รถแทร็กเตอร์,CLAAS,TALOS130,6
2516,2566,รถแทร็กเตอร์,CLAAS,TALOS230,1
2517,2566,รถแทร็กเตอร์,CLAAS,,1
2518,2566,รถแทร็กเตอร์,CMI,PR800-7,1
2519,2566,รถแทร็กเตอร์,CMI,RS-650,3
2520,2566,รถแทร็กเตอร์,DEUTZ FAHR,AGROLUX 50 EI DT,1
2521,2566,รถแทร็กเตอร์,DEVELON,DX220A-2M,2
2522,2566,รถแทร็กเตอร์,DOOSAN,DL300A,4
2523,2566,รถแทร็กเตอร์,DOOSAN,DL420A,4
2524,2566,รถแทร็กเตอร์,DOOSAN,DL550,1
2525,2566,รถแทร็กเตอร์,DOOSAN,DX140W,6
2526,2566,รถแทร็กเตอร์,DOOSAN,DX140WE,2
2527,2566,รถแทร็กเตอร์,DOOSAN,DX200A,37
2528,2566,รถแทร็กเตอร์,DOOSAN,DX200A-7M,3
2529,2566,รถแทร็กเตอร์,DOOSAN,DX210WA,3
2530,2566,รถแทร็กเตอร์,DOOSAN,DX220A-2,25
2531,2566,รถแทร็กเตอร์,DOOSAN,DX220LC-7M,8
2532,2566,รถแทร็กเตอร์,DOOSAN,DX225LCA,18
2533,2566,รถแทร็กเตอร์,DOOSAN,DX225LCA-7M,2
2534,2566,รถแทร็กเตอร์,DOOSAN,DX300LCA,3
2535,2566,รถแทร็กเตอร์,DOOSAN,DX340LCA,2
2536,2566,รถแทร็กเตอร์,DOOSAN,DX35Z,2
2537,2566,รถแทร็กเตอร์,DOOSAN,DX360LCA-7M,1
2538,2566,รถแทร็กเตอร์,DOOSAN,DX55WE,2
2539,2566,รถแทร็กเตอร์,DOOSAN,SD310,1
2540,2566,รถแทร็กเตอร์,DRAGON,916N-L,1
2541,2566,รถแทร็กเตอร์,DYNAPAC,CA30D,1
2542,2566,รถแทร็กเตอร์,DYNAPAC,F1800W,1
2543,2566,รถแทร็กเตอร์,DYNAPAC,SD2500CS,7
2544,2566,รถแทร็กเตอร์,DYNAPAC,SD2500WS,1
2545,2566,รถแทร็กเตอร์,ENERGREEN,ILF ALPHA T12,2
2546,2566,รถแทร็กเตอร์,EPIROC,FLEXIROC T35,1
2547,2566,รถแทร็กเตอร์,EUROTRAC,60K,1
2548,2566,รถแทร็กเตอร์,EUROTRAC,FT824,1
2549,2566,รถแทร็กเตอร์,EUROTRAC,TB,5
2550,2566,รถแทร็กเตอร์,EUROTRAC,,6
2551,2566,รถแทร็กเตอร์,FARM MAC,,2
2552,2566,รถแทร็กเตอร์,FARMER,F8258,8
2553,2566,รถแทร็กเตอร์,FORD,3000,2
2554,2566,รถแทร็กเตอร์,FORD,3000 4WD,1
2555,2566,รถแทร็กเตอร์,FORD,3600,1
2556,2566,รถแทร็กเตอร์,FORD,3930,5
2557,2566,รถแทร็กเตอร์,FORD,4000,1
2558,2566,รถแทร็กเตอร์,FORD,4130,1
2559,2566,รถแทร็กเตอร์,FORD,4600,1
2560,2566,รถแทร็กเตอร์,FORD,4610,2
2561,2566,รถแทร็กเตอร์,FORD,4630,3
2562,2566,รถแทร็กเตอร์,FORD,5000,146
2563,2566,รถแทร็กเตอร์,FORD,5030,1
2564,2566,รถแทร็กเตอร์,FORD,5030(4WD),1
2565,2566,รถแทร็กเตอร์,FORD,5110,5
2566,2566,รถแทร็กเตอร์,FORD,5600,36
2567,2566,รถแทร็กเตอร์,FORD,5610,32
2568,2566,รถแทร็กเตอร์,FORD,5610 4wd,1
2569,2566,รถแทร็กเตอร์,FORD,5640,8
2570,2566,รถแทร็กเตอร์,FORD,5640 4WD,2
2571,2566,รถแทร็กเตอร์,FORD,5900,1
2572,2566,รถแทร็กเตอร์,FORD,6000,2
2573,2566,รถแทร็กเตอร์,FORD,6410,27
2574,2566,รถแทร็กเตอร์,FORD,6410 4wd,1
2575,2566,รถแทร็กเตอร์,FORD,6600,181
2576,2566,รถแทร็กเตอร์,FORD,6610,200
2577,2566,รถแทร็กเตอร์,FORD,6610 (4 WD),1
2578,2566,รถแทร็กเตอร์,FORD,6610 4WD,3
2579,2566,รถแทร็กเตอร์,FORD,6640,47
2580,2566,รถแทร็กเตอร์,FORD,6640 4WD,6
2581,2566,รถแทร็กเตอร์,FORD,6700,14
2582,2566,รถแทร็กเตอร์,FORD,6710,6
2583,2566,รถแทร็กเตอร์,FORD,6810,12
2584,2566,รถแทร็กเตอร์,FORD,7000,7
2585,2566,รถแทร็กเตอร์,FORD,7410,2
2586,2566,รถแทร็กเตอร์,FORD,7600,23
2587,2566,รถแทร็กเตอร์,FORD,7600 4WD,1
2588,2566,รถแทร็กเตอร์,FORD,7610,73
2589,2566,รถแทร็กเตอร์,FORD,7610 4WD,1
2590,2566,รถแทร็กเตอร์,FORD,7700,12
2591,2566,รถแทร็กเตอร์,FORD,7710,12
2592,2566,รถแทร็กเตอร์,FORD,7740,49
2593,2566,รถแทร็กเตอร์,FORD,7740 4WD,1
2594,2566,รถแทร็กเตอร์,FORD,7810,50
2595,2566,รถแทร็กเตอร์,FORD,7810 4WD,2
2596,2566,รถแทร็กเตอร์,FORD,7840,50
2597,2566,รถแทร็กเตอร์,FORD,7840 4WD,2
2598,2566,รถแทร็กเตอร์,FORD,7840(4WD),1
2599,2566,รถแทร็กเตอร์,FORD,7910,5
2600,2566,รถแทร็กเตอร์,FORD,8210,39
2601,2566,รถแทร็กเตอร์,FORD,8210 4WD,1
2602,2566,รถแทร็กเตอร์,FORD,8240,6
2603,2566,รถแทร็กเตอร์,FORD,8240A,1
2604,2566,รถแทร็กเตอร์,FORD,8340,12
2605,2566,รถแทร็กเตอร์,FORD,FR415L,1
2606,2566,รถแทร็กเตอร์,FORD,MOXY3212B,1
2607,2566,รถแทร็กเตอร์,FORD,ROBO S,4
2608,2566,รถแทร็กเตอร์,FORD,SUPER4,1
2609,2566,รถแทร็กเตอร์,FORD,TS90,1
2610,2566,รถแทร็กเตอร์,FORD,,182
2611,2566,รถแทร็กเตอร์,FORD-NEWHOLLAND,6640,1
2612,2566,รถแทร็กเตอร์,FORD-NEWHOLLAND,,2
2613,2566,รถแทร็กเตอร์,FOTON,EURO FT100,1
2614,2566,รถแทร็กเตอร์,FOTON,EUROTRAC FT100,1
2615,2566,รถแทร็กเตอร์,FOTON,EUROTRAC FT90,1
2616,2566,รถแทร็กเตอร์,FOTON,FL938G-II,1
2617,2566,รถแทร็กเตอร์,FOTON,,2
2618,2566,รถแทร็กเตอร์,FOX,F918,2
2619,2566,รถแทร็กเตอร์,FOX,F932L,1
2620,2566,รถแทร็กเตอร์,FUJI,FC235,1
2621,2566,รถแทร็กเตอร์,FURUKAWA,FL325-3,1
2622,2566,รถแทร็กเตอร์,FURUKAWA,FL335-3,1
2623,2566,รถแทร็กเตอร์,FURUKAWA,HCR1000-EDSII,1
2624,2566,รถแทร็กเตอร์,FURUKAWA,HCR8-DS,1
2625,2566,รถแทร็กเตอร์,FURUKAWA,HCR900-DSII,2
2626,2566,รถแทร็กเตอร์,FUWA,FCC55C,1
2627,2566,รถแทร็กเตอร์,GOMACO,GHP-2800,1
2628,2566,รถแทร็กเตอร์,HANIX,S.B550,1
2629,2566,รถแทร็กเตอร์,HANTA,BP40W3,1
2630,2566,รถแทร็กเตอร์,HANTA,F2460W3,1
2631,2566,รถแทร็กเตอร์,HIDROMEK,HMK102B,2
2632,2566,รถแทร็กเตอร์,HIDROMEK,HMK140LC3,1
2633,2566,รถแทร็กเตอร์,HIDROMEK,HMK140W3,2
2634,2566,รถแทร็กเตอร์,HIDROMEK,HMK220LC2,1
2635,2566,รถแทร็กเตอร์,HIDROMEK,HMK220LC3,1
2636,2566,รถแทร็กเตอร์,HIDROMEK,HMK230LC3,17
2637,2566,รถแทร็กเตอร์,HIDROMEK,HMK310LC3,1
2638,2566,รถแทร็กเตอร์,HIDROMEK,HMK390LC3,1
2639,2566,รถแทร็กเตอร์,HIDROMEK,MG.430,7
2640,2566,รถแทร็กเตอร์,HITACHI,EX120-2,1
2641,2566,รถแทร็กเตอร์,HITACHI,EX120-3,1
2642,2566,รถแทร็กเตอร์,HITACHI,EX120-5,1
2643,2566,รถแทร็กเตอร์,HITACHI,EX55UR,1
2644,2566,รถแทร็กเตอร์,HITACHI,EX55UR-3,1
2645,2566,รถแทร็กเตอร์,HITACHI,LX100-2C,1
2646,2566,รถแทร็กเตอร์,HITACHI,LX110-7,2
2647,2566,รถแทร็กเตอร์,HITACHI,LX120,1
2648,2566,รถแทร็กเตอร์,HITACHI,LX120-2C,1
2649,2566,รถแทร็กเตอร์,HITACHI,LX130-7,2
2650,2566,รถแทร็กเตอร์,HITACHI,LX150,1
2651,2566,รถแทร็กเตอร์,HITACHI,LX160-7,1
2652,2566,รถแทร็กเตอร์,HITACHI,LX70-7,2
2653,2566,รถแทร็กเตอร์,HITACHI,LX80-5,1
2654,2566,รถแทร็กเตอร์,HITACHI,ZW100-5B,1
2655,2566,รถแทร็กเตอร์,HITACHI,ZW100-G,1
2656,2566,รถแทร็กเตอร์,HITACHI,ZW120,2
2657,2566,รถแทร็กเตอร์,HITACHI,ZW120-5B,1
2658,2566,รถแทร็กเตอร์,HITACHI,ZW140,3
2659,2566,รถแทร็กเตอร์,HITACHI,ZW150,3
2660,2566,รถแทร็กเตอร์,HITACHI,ZW150-5B,1
2661,2566,รถแทร็กเตอร์,HITACHI,ZW180,1
2662,2566,รถแทร็กเตอร์,HITACHI,ZW180-5B,3
2663,2566,รถแทร็กเตอร์,HITACHI,ZW220,5
2664,2566,รถแทร็กเตอร์,HITACHI,ZW220-5A,6
2665,2566,รถแทร็กเตอร์,HITACHI,ZW220-5B,4
2666,2566,รถแทร็กเตอร์,HITACHI,ZW250,1
2667,2566,รถแทร็กเตอร์,HITACHI,ZW250-5B,1
2668,2566,รถแทร็กเตอร์,HITACHI,ZW310-5A,7
2669,2566,รถแทร็กเตอร์,HITACHI,ZW310-A,1
2670,2566,รถแทร็กเตอร์,HITACHI,ZX110-3,2
2671,2566,รถแทร็กเตอร์,HITACHI,ZX120,9
2672,2566,รถแทร็กเตอร์,HITACHI,ZX120-3,44
2673,2566,รถแทร็กเตอร์,HITACHI,ZX120-5B,8
2674,2566,รถแทร็กเตอร์,HITACHI,ZX120-6,2
2675,2566,รถแทร็กเตอร์,HITACHI,ZX130-5G,44
2676,2566,รถแทร็กเตอร์,HITACHI,ZX130K-3,1
2677,2566,รถแทร็กเตอร์,HITACHI,ZX130W,1
2678,2566,รถแทร็กเตอร์,HITACHI,ZX135US-3,12
2679,2566,รถแทร็กเตอร์,HITACHI,ZX135USK,1
2680,2566,รถแทร็กเตอร์,HITACHI,ZX135USL,1
2681,2566,รถแทร็กเตอร์,HITACHI,ZX140W-3,3
2682,2566,รถแทร็กเตอร์,HITACHI,ZX140W-5B,3
2683,2566,รถแทร็กเตอร์,HITACHI,ZX160LC-5G,1
2684,2566,รถแทร็กเตอร์,HITACHI,ZX170W-5A,3
2685,2566,รถแทร็กเตอร์,HITACHI,ZX200,14
2686,2566,รถแทร็กเตอร์,HITACHI,ZX200-3,2
2687,2566,รถแทร็กเตอร์,HITACHI,ZX200-5G,80
2688,2566,รถแทร็กเตอร์,HITACHI,ZX200LC-3,1
2689,2566,รถแทร็กเตอร์,HITACHI,ZX210-6G,35
2690,2566,รถแทร็กเตอร์,HITACHI,ZX210LC-5G,24
2691,2566,รถแทร็กเตอร์,HITACHI,ZX210LCK-3,2
2692,2566,รถแทร็กเตอร์,HITACHI,ZX240LC-5G,1
2693,2566,รถแทร็กเตอร์,HITACHI,ZX330-3G,1
2694,2566,รถแทร็กเตอร์,HITACHI,ZX330-5A,4
2695,2566,รถแทร็กเตอร์,HITACHI,ZX330LC-5G,1
2696,2566,รถแทร็กเตอร์,HITACHI,ZX33U-5A,24
2697,2566,รถแทร็กเตอร์,HITACHI,ZX350H-3,1
2698,2566,รถแทร็กเตอร์,HITACHI,ZX350H-5G,10
2699,2566,รถแทร็กเตอร์,HITACHI,ZX350LCH-3,1
2700,2566,รถแทร็กเตอร์,HITACHI,ZX350LCN-3,1
2701,2566,รถแทร็กเตอร์,HITACHI,ZX40U,1
2702,2566,รถแทร็กเตอร์,HITACHI,ZX40U-3,1
2703,2566,รถแทร็กเตอร์,HITACHI,ZX450LC-3F,1
2704,2566,รถแทร็กเตอร์,HITACHI,ZX470LCH-5G,4
2705,2566,รถแทร็กเตอร์,HITACHI,ZX48U-5A,7
2706,2566,รถแทร็กเตอร์,HITACHI,ZX55U-5A,7
2707,2566,รถแทร็กเตอร์,HITACHI,ZX60C-5A,1
2708,2566,รถแทร็กเตอร์,HITACHI,ZX70,2
2709,2566,รถแทร็กเตอร์,HITACHI,ZX70-3,2
2710,2566,รถแทร็กเตอร์,HITACHI,ZX70-5G,10
2711,2566,รถแทร็กเตอร์,HITACHI,ZX75UR,1
2712,2566,รถแทร็กเตอร์,HITACHI,ZX75US-5B,1
2713,2566,รถแทร็กเตอร์,HUAJIAN,ZL926,2
2714,2566,รถแทร็กเตอร์,HYUNDAI,H940C,1
2715,2566,รถแทร็กเตอร์,HYUNDAI,HL760-9,1
2716,2566,รถแทร็กเตอร์,HYUNDAI,HL770-9,2
2717,2566,รถแทร็กเตอร์,HYUNDAI,HX210S,9
2718,2566,รถแทร็กเตอร์,HYUNDAI,HX225S,5
2719,2566,รถแทร็กเตอร์,HYUNDAI,HX300SL,1
2720,2566,รถแทร็กเตอร์,HYUNDAI,HX300SL2,2
2721,2566,รถแทร็กเตอร์,HYUNDAI,HX60S,1
2722,2566,รถแทร็กเตอร์,HYUNDAI,HX75S,1
2723,2566,รถแทร็กเตอร์,HYUNDAI,R55-7,1
2724,2566,รถแทร็กเตอร์,HYUNDAI,R60WVSPRO,3
2725,2566,รถแทร็กเตอร์,HYUNDAI,ROBEX140W-9S,2
2726,2566,รถแทร็กเตอร์,HYUNDAI,ROBEX220-9S,1
2727,2566,รถแทร็กเตอร์,HYUNDAI,ROBEX260LC-9S,2
2728,2566,รถแทร็กเตอร์,IHI,20JX,1
2729,2566,รถแทร็กเตอร์,IHI,40VX,1
2730,2566,รถแทร็กเตอร์,IHI,60NS,1
2731,2566,รถแทร็กเตอร์,IHI,65NSL,1
2732,2566,รถแทร็กเตอร์,IHI,CCH650,1
2733,2566,รถแทร็กเตอร์,IHI,CCH700,2
2734,2566,รถแทร็กเตอร์,IHI,IS-30FX,1
2735,2566,รถแทร็กเตอร์,ISEKI,HC80PGBHWE1T,12
2736,2566,รถแทร็กเตอร์,ISEKI,NT536FSTE19,1
2737,2566,รถแทร็กเตอร์,ISEKI,NT540,2
2738,2566,รถแทร็กเตอร์,ISEKI,NT540FSRE1T,5
2739,2566,รถแทร็กเตอร์,ISEKI,NT542FSRE1T,175
2740,2566,รถแทร็กเตอร์,ISEKI,NT554FSRE1T,185
2741,2566,รถแทร็กเตอร์,ISEKI,NTZ227FRE11T,44
2742,2566,รถแทร็กเตอร์,ISEKI,T5000F,1
2743,2566,รถแทร็กเตอร์,ISEKI,T954PWCE1T,1
2744,2566,รถแทร็กเตอร์,ISEKI,T97PVRE1L,1
2745,2566,รถแทร็กเตอร์,ISEKI,T97PWCE1T,3
2746,2566,รถแทร็กเตอร์,ISEKI,T97PWRE1T,7
2747,2566,รถแทร็กเตอร์,ISEKI,TA527F,1
2748,2566,รถแทร็กเตอร์,ISEKI,,1
2749,2566,รถแทร็กเตอร์,JCB,155HD,1
2750,2566,รถแทร็กเตอร์,JCB,214,1
2751,2566,รถแทร็กเตอร์,JCB,2DX,3
2752,2566,รถแทร็กเตอร์,JCB,35Z-1,3
2753,2566,รถแทร็กเตอร์,JCB,3CX,8
2754,2566,รถแทร็กเตอร์,JCB,3CX-4WD,1
2755,2566,รถแทร็กเตอร์,JCB,3DX,1
2756,2566,รถแทร็กเตอร์,JCB,3DX ECO,3
2757,2566,รถแทร็กเตอร์,JCB,3DX PLUS,31
2758,2566,รถแทร็กเตอร์,JCB,3DX PRO,9
2759,2566,รถแทร็กเตอร์,JCB,4CX,32
2760,2566,รถแทร็กเตอร์,JCB,51R-1,7
2761,2566,รถแทร็กเตอร์,JCB,530-110,3
2762,2566,รถแทร็กเตอร์,JCB,530-70,1
2763,2566,รถแทร็กเตอร์,JCB,JS205SC,5
2764,2566,รถแทร็กเตอร์,JINGONG,JGM737K,1
2765,2566,รถแทร็กเตอร์,JINGONG,JGM757K,1
2766,2566,รถแทร็กเตอร์,JINGONG,JGM9085LNZ-9G,37
2767,2566,รถแทร็กเตอร์,JINTAI,,4
2768,2566,รถแทร็กเตอร์,JOHN DEERE,2850,1
2769,2566,รถแทร็กเตอร์,JOHN DEERE,3028EN,39
2770,2566,รถแทร็กเตอร์,JOHN DEERE,3036E,29
2771,2566,รถแทร็กเตอร์,JOHN DEERE,3510,2
2772,2566,รถแทร็กเตอร์,JOHN DEERE,3520,4
2773,2566,รถแทร็กเตอร์,JOHN DEERE,3520W,2
2774,2566,รถแทร็กเตอร์,JOHN DEERE,5040D,268
2775,2566,รถแทร็กเตอร์,JOHN DEERE,5045D,14
2776,2566,รถแทร็กเตอร์,JOHN DEERE,5045DFE,1
2777,2566,รถแทร็กเตอร์,JOHN DEERE,5050D,116
2778,2566,รถแทร็กเตอร์,JOHN DEERE,5050E,139
2779,2566,รถแทร็กเตอร์,JOHN DEERE,5055E,55
2780,2566,รถแทร็กเตอร์,JOHN DEERE,5065E,16
2781,2566,รถแทร็กเตอร์,JOHN DEERE,5075E,24
2782,2566,รถแทร็กเตอร์,JOHN DEERE,5076E,7
2783,2566,รถแทร็กเตอร์,JOHN DEERE,5082E,5
2784,2566,รถแทร็กเตอร์,JOHN DEERE,5090E,15
2785,2566,รถแทร็กเตอร์,JOHN DEERE,5090E OOS,1
2786,2566,รถแทร็กเตอร์,JOHN DEERE,5310,5
2787,2566,รถแทร็กเตอร์,JOHN DEERE,5310J,4
2788,2566,รถแทร็กเตอร์,JOHN DEERE,5310J58,3
2789,2566,รถแทร็กเตอร์,JOHN DEERE,5415,1
2790,2566,รถแทร็กเตอร์,JOHN DEERE,5610,1
2791,2566,รถแทร็กเตอร์,JOHN DEERE,5610J_93,1
2792,2566,รถแทร็กเตอร์,JOHN DEERE,5715,5
2793,2566,รถแทร็กเตอร์,JOHN DEERE,6095B,3
2794,2566,รถแทร็กเตอร์,JOHN DEERE,6095B CAB JDA,1
2795,2566,รถแทร็กเตอร์,JOHN DEERE,6095B OOS STANDARD-V1,1
2796,2566,รถแทร็กเตอร์,JOHN DEERE,6100,1
2797,2566,รถแทร็กเตอร์,JOHN DEERE,6110B,1
2798,2566,รถแทร็กเตอร์,JOHN DEERE,6110M,2
2799,2566,รถแทร็กเตอร์,JOHN DEERE,6125M,9
2800,2566,รถแทร็กเตอร์,JOHN DEERE,6140M,1
2801,2566,รถแทร็กเตอร์,JOHN DEERE,6175M,11
2802,2566,รถแทร็กเตอร์,JOHN DEERE,620G,2
2803,2566,รถแทร็กเตอร์,JOHN DEERE,6650,1
2804,2566,รถแทร็กเตอร์,JOHN DEERE,670G,1
2805,2566,รถแทร็กเตอร์,JOHN DEERE,6750,1
2806,2566,รถแทร็กเตอร์,JOHN DEERE,724K,2
2807,2566,รถแทร็กเตอร์,JOHN DEERE,CH570,7
2808,2566,รถแทร็กเตอร์,JOHN DEERE,E210,1
2809,2566,รถแทร็กเตอร์,JOHN DEERE,WL56,1
2810,2566,รถแทร็กเตอร์,KAMOL,5077,1
2811,2566,รถแทร็กเตอร์,KATO,HD55V4,2
2812,2566,รถแทร็กเตอร์,KATO,HD820-R5,1
2813,2566,รถแทร็กเตอร์,KAWASAKI,50ZV-2,1
2814,2566,รถแทร็กเตอร์,KCM,62Z7,1
2815,2566,รถแทร็กเตอร์,KCM,90Z7,1
2816,2566,รถแทร็กเตอร์,KEESTRACK,F6,1
2817,2566,รถแทร็กเตอร์,KEESTRACK,F8 CR,1
2818,2566,รถแทร็กเตอร์,KIOTI,CK2810,4
2819,2566,รถแทร็กเตอร์,KIOTI,DS3510,1
2820,2566,รถแทร็กเตอร์,KIOTI,EX50,3
2821,2566,รถแทร็กเตอร์,KMT,5095,1
2822,2566,รถแทร็กเตอร์,KOBELCO,7070-1F,1
2823,2566,รถแทร็กเตอร์,KOBELCO,SK035,1
2824,2566,รถแทร็กเตอร์,KOBELCO,SK045,1
2825,2566,รถแทร็กเตอร์,KOBELCO,SK100-2,2
2826,2566,รถแทร็กเตอร์,KOBELCO,SK100-3,1
2827,2566,รถแทร็กเตอร์,KOBELCO,SK100W-2,1
2828,2566,รถแทร็กเตอร์,KOBELCO,SK115SR,1
2829,2566,รถแทร็กเตอร์,KOBELCO,SK120,2
2830,2566,รถแทร็กเตอร์,KOBELCO,SK120-2,2
2831,2566,รถแทร็กเตอร์,KOBELCO,SK120-3,10
2832,2566,รถแทร็กเตอร์,KOBELCO,SK120-5,1
2833,2566,รถแทร็กเตอร์,KOBELCO,SK120LC,1
2834,2566,รถแทร็กเตอร์,KOBELCO,SK125SR,24
2835,2566,รถแทร็กเตอร์,KOBELCO,SK125SR-2,1
2836,2566,รถแทร็กเตอร์,KOBELCO,SK125SR-3,3
2837,2566,รถแทร็กเตอร์,KOBELCO,SK130-10,14
2838,2566,รถแทร็กเตอร์,KOBELCO,SK130-8,14
2839,2566,รถแทร็กเตอร์,KOBELCO,SK135SR,7
2840,2566,รถแทร็กเตอร์,KOBELCO,SK135SR-1ES,3
2841,2566,รถแทร็กเตอร์,KOBELCO,SK135SR-2,30
2842,2566,รถแทร็กเตอร์,KOBELCO,SK135SR-3,10
2843,2566,รถแทร็กเตอร์,KOBELCO,SK135SR-5,1
2844,2566,รถแทร็กเตอร์,KOBELCO,SK135SRLC-2,1
2845,2566,รถแทร็กเตอร์,KOBELCO,SK140-8,2
2846,2566,รถแทร็กเตอร์,KOBELCO,SK140LC-11,55
2847,2566,รถแทร็กเตอร์,KOBELCO,SK140LC-8,26
2848,2566,รถแทร็กเตอร์,KOBELCO,SK140LC-8 SUPER,5
2849,2566,รถแทร็กเตอร์,KOBELCO,SK140LC-8 SUPER X,9
2850,2566,รถแทร็กเตอร์,KOBELCO,SK140LC-8 SUPER XM,70
2851,2566,รถแทร็กเตอร์,KOBELCO,SK200,6
2852,2566,รถแทร็กเตอร์,KOBELCO,SK200-10,116
2853,2566,รถแทร็กเตอร์,KOBELCO,SK200-10 SM,135
2854,2566,รถแทร็กเตอร์,KOBELCO,SK200-2,2
2855,2566,รถแทร็กเตอร์,KOBELCO,SK200-6,3
2856,2566,รถแทร็กเตอร์,KOBELCO,SK200-6E,2
2857,2566,รถแทร็กเตอร์,KOBELCO,SK200-6ES,1
2858,2566,รถแทร็กเตอร์,KOBELCO,SK200-8,36
2859,2566,รถแทร็กเตอร์,KOBELCO,SK200-8 SUPER,17
2860,2566,รถแทร็กเตอร์,KOBELCO,SK200-8 SUPER X,28
2861,2566,รถแทร็กเตอร์,KOBELCO,SK200-8 SUPER XM,35
2862,2566,รถแทร็กเตอร์,KOBELCO,SK200-9,9
2863,2566,รถแทร็กเตอร์,KOBELCO,SK200-VIS,2
2864,2566,รถแทร็กเตอร์,KOBELCO,SK200D-8,2
2865,2566,รถแทร็กเตอร์,KOBELCO,SK200LC-3,2
2866,2566,รถแทร็กเตอร์,KOBELCO,SK200LC-8,2
2867,2566,รถแทร็กเตอร์,KOBELCO,SK200SR,1
2868,2566,รถแทร็กเตอร์,KOBELCO,SK210-8,1
2869,2566,รถแทร็กเตอร์,KOBELCO,SK210D-6E,1
2870,2566,รถแทร็กเตอร์,KOBELCO,SK210D-8,4
2871,2566,รถแทร็กเตอร์,KOBELCO,SK210DLC-8,1
2872,2566,รถแทร็กเตอร์,KOBELCO,SK210LC-10,11
2873,2566,รถแทร็กเตอร์,KOBELCO,SK210LC-8,3
2874,2566,รถแทร็กเตอร์,KOBELCO,SK210LC-8 SUPER XM,2
2875,2566,รถแทร็กเตอร์,KOBELCO,SK235SR,1
2876,2566,รถแทร็กเตอร์,KOBELCO,SK250LCD-6ES,1
2877,2566,รถแทร็กเตอร์,KOBELCO,SK260LC-10,2
2878,2566,รถแทร็กเตอร์,KOBELCO,SK260LC-8 SUPER X,1
2879,2566,รถแทร็กเตอร์,KOBELCO,SK330-8,1
2880,2566,รถแทร็กเตอร์,KOBELCO,SK35,1
2881,2566,รถแทร็กเตอร์,KOBELCO,SK35SR-6,33
2882,2566,รถแทร็กเตอร์,KOBELCO,SK380XDLC-10,2
2883,2566,รถแทร็กเตอร์,KOBELCO,SK40SR-5,1
2884,2566,รถแทร็กเตอร์,KOBELCO,SK45SR-6,21
2885,2566,รถแทร็กเตอร์,KOBELCO,SK50P-6,13
2886,2566,รถแทร็กเตอร์,KOBELCO,SK50UR-2,1
2887,2566,รถแทร็กเตอร์,KOBELCO,SK60-3,1
2888,2566,รถแทร็กเตอร์,KOBELCO,SK60-8,25
2889,2566,รถแทร็กเตอร์,KOBELCO,SK60-C,2
2890,2566,รถแทร็กเตอร์,KOBELCO,SK60SR,1
2891,2566,รถแทร็กเตอร์,KOBELCO,SK70SR,1
2892,2566,รถแทร็กเตอร์,KOBELCO,SK70SR-1ES,3
2893,2566,รถแทร็กเตอร์,KOBELCO,SK70SR-2,7
2894,2566,รถแทร็กเตอร์,KOBELCO,SK70UR-3ES,1
2895,2566,รถแทร็กเตอร์,KOBELCO,SK75-11,15
2896,2566,รถแทร็กเตอร์,KOBELCO,SK75-8,40
2897,2566,รถแทร็กเตอร์,KOBELCO,SK75SR-3,7
2898,2566,รถแทร็กเตอร์,KOBELCO,SK75SRD-3E,1
2899,2566,รถแทร็กเตอร์,KOBELCO,,7
2900,2566,รถแทร็กเตอร์,KOBELCO/SK200-8,SK200-8,1
2901,2566,รถแทร็กเตอร์,KOMATSU,507,1
2902,2566,รถแทร็กเตอร์,KOMATSU,510,2
2903,2566,รถแทร็กเตอร์,KOMATSU,D20P-8EO,1
2904,2566,รถแทร็กเตอร์,KOMATSU,D31PX-22,1
2905,2566,รถแทร็กเตอร์,KOMATSU,D37PX-23,1
2906,2566,รถแทร็กเตอร์,KOMATSU,D39EX-22,1
2907,2566,รถแทร็กเตอร์,KOMATSU,D41P-6E0,1
2908,2566,รถแทร็กเตอร์,KOMATSU,GD37-4H,1
2909,2566,รถแทร็กเตอร์,KOMATSU,GD505A-3,1
2910,2566,รถแทร็กเตอร์,KOMATSU,GD605A-5,2
2911,2566,รถแทร็กเตอร์,KOMATSU,GD655-3EO,1
2912,2566,รถแทร็กเตอร์,KOMATSU,GD655-5,10
2913,2566,รถแทร็กเตอร์,KOMATSU,GH320-2E,1
2914,2566,รถแทร็กเตอร์,KOMATSU,HB205,1
2915,2566,รถแทร็กเตอร์,KOMATSU,PC110-7,2
2916,2566,รถแทร็กเตอร์,KOMATSU,PC120-11,1
2917,2566,รถแทร็กเตอร์,KOMATSU,PC120-6,1
2918,2566,รถแทร็กเตอร์,KOMATSU,PC120-6E,6
2919,2566,รถแทร็กเตอร์,KOMATSU,PC120-6E0,6
2920,2566,รถแทร็กเตอร์,KOMATSU,PC120-6EO,3
2921,2566,รถแทร็กเตอร์,KOMATSU,PC120-6Z,1
2922,2566,รถแทร็กเตอร์,KOMATSU,PC120-8,33
2923,2566,รถแทร็กเตอร์,KOMATSU,PC120SC-6E,1
2924,2566,รถแทร็กเตอร์,KOMATSU,PC128US-8,6
2925,2566,รถแทร็กเตอร์,KOMATSU,PC130-10M0,18
2926,2566,รถแทร็กเตอร์,KOMATSU,PC130-7,13
2927,2566,รถแทร็กเตอร์,KOMATSU,PC130-7K,1
2928,2566,รถแทร็กเตอร์,KOMATSU,PC130-8,59
2929,2566,รถแทร็กเตอร์,KOMATSU,PC130-8M0,1
2930,2566,รถแทร็กเตอร์,KOMATSU,PC138US-10,1
2931,2566,รถแทร็กเตอร์,KOMATSU,PC138US-2,2
2932,2566,รถแทร็กเตอร์,KOMATSU,PC138US-2E1,1
2933,2566,รถแทร็กเตอร์,KOMATSU,PC138US-8,2
2934,2566,รถแทร็กเตอร์,KOMATSU,PC160LC-7,1
2935,2566,รถแทร็กเตอร์,KOMATSU,PC160LC-8,16
2936,2566,รถแทร็กเตอร์,KOMATSU,PC200-10M0,17
2937,2566,รถแทร็กเตอร์,KOMATSU,PC200-7,20
2938,2566,รถแทร็กเตอร์,KOMATSU,PC200-7A,2
2939,2566,รถแทร็กเตอร์,KOMATSU,PC200-7A (SLF),1
2940,2566,รถแทร็กเตอร์,KOMATSU,PC200-8,16
2941,2566,รถแทร็กเตอร์,KOMATSU,PC200-8(SLF),1
2942,2566,รถแทร็กเตอร์,KOMATSU,PC200-8A,5
2943,2566,รถแทร็กเตอร์,KOMATSU,PC200-8A (SLF),1
2944,2566,รถแทร็กเตอร์,KOMATSU,PC200-8M0,82
2945,2566,รถแทร็กเตอร์,KOMATSU,PC200-8MO,1
2946,2566,รถแทร็กเตอร์,KOMATSU,PC200-8N1,14
2947,2566,รถแทร็กเตอร์,KOMATSU,PC200LC-8,1
2948,2566,รถแทร็กเตอร์,KOMATSU,PC200LC-8M0(SLF),3
2949,2566,รถแทร็กเตอร์,KOMATSU,PC210-10M0,118
2950,2566,รถแทร็กเตอร์,KOMATSU,PC210LC-10M0,8
2951,2566,รถแทร็กเตอร์,KOMATSU,PC210LC-7,1
2952,2566,รถแทร็กเตอร์,KOMATSU,PC210LC-7K,1
2953,2566,รถแทร็กเตอร์,KOMATSU,PC220-8,1
2954,2566,รถแทร็กเตอร์,KOMATSU,PC220LC-8N1,1
2955,2566,รถแทร็กเตอร์,KOMATSU,PC228US-2,1
2956,2566,รถแทร็กเตอร์,KOMATSU,PC228US-3E0,1
2957,2566,รถแทร็กเตอร์,KOMATSU,PC28UU-2,2
2958,2566,รถแทร็กเตอร์,KOMATSU,PC30-7,1
2959,2566,รถแทร็กเตอร์,KOMATSU,PC300-8M0,1
2960,2566,รถแทร็กเตอร์,KOMATSU,PC30MR-1,1
2961,2566,รถแทร็กเตอร์,KOMATSU,PC30MR-3,26
2962,2566,รถแทร็กเตอร์,KOMATSU,PC30UU-3,1
2963,2566,รถแทร็กเตอร์,KOMATSU,PC350-8,1
2964,2566,รถแทร็กเตอร์,KOMATSU,PC350-8M0,2
2965,2566,รถแทร็กเตอร์,KOMATSU,PC350-8M2,6
2966,2566,รถแทร็กเตอร์,KOMATSU,PC35MR-2,1
2967,2566,รถแทร็กเตอร์,KOMATSU,PC35R-8,1
2968,2566,รถแทร็กเตอร์,KOMATSU,PC40-7,2
2969,2566,รถแทร็กเตอร์,KOMATSU,PC400-5,1
2970,2566,รถแทร็กเตอร์,KOMATSU,PC40MR-1,1
2971,2566,รถแทร็กเตอร์,KOMATSU,PC40MR-2,1
2972,2566,รถแทร็กเตอร์,KOMATSU,PC40MR-3,1
2973,2566,รถแทร็กเตอร์,KOMATSU,PC40R-8,2
2974,2566,รถแทร็กเตอร์,KOMATSU,PC45MR-1,1
2975,2566,รถแทร็กเตอร์,KOMATSU,PC45MR-3,20
2976,2566,รถแทร็กเตอร์,KOMATSU,PC500LC-10R,2
2977,2566,รถแทร็กเตอร์,KOMATSU,PC55MR-2,2
2978,2566,รถแทร็กเตอร์,KOMATSU,PC55MR-3,1
2979,2566,รถแทร็กเตอร์,KOMATSU,PC56-7,9
2980,2566,รถแทร็กเตอร์,KOMATSU,PC58,1
2981,2566,รถแทร็กเตอร์,KOMATSU,PC60-7,11
2982,2566,รถแทร็กเตอร์,KOMATSU,PC60-7C,1
2983,2566,รถแทร็กเตอร์,KOMATSU,PC60-7E,1
2984,2566,รถแทร็กเตอร์,KOMATSU,PC60-8,2
2985,2566,รถแทร็กเตอร์,KOMATSU,PC70,1
2986,2566,รถแทร็กเตอร์,KOMATSU,PC70-7,1
2987,2566,รถแทร็กเตอร์,KOMATSU,PC70-7C,1
2988,2566,รถแทร็กเตอร์,KOMATSU,PC70-8,56
2989,2566,รถแทร็กเตอร์,KOMATSU,PC78US-10,2
2990,2566,รถแทร็กเตอร์,KOMATSU,PC78US-8,8
2991,2566,รถแทร็กเตอร์,KOMATSU,PC78UU-6EO,1
2992,2566,รถแทร็กเตอร์,KOMATSU,PW100-3A,1
2993,2566,รถแทร็กเตอร์,KOMATSU,PW140-7,1
2994,2566,รถแทร็กเตอร์,KOMATSU,PW150ES-6K,1
2995,2566,รถแทร็กเตอร์,KOMATSU,PW20-1,1
2996,2566,รถแทร็กเตอร์,KOMATSU,W100,1
2997,2566,รถแทร็กเตอร์,KOMATSU,WA100-1,1
2998,2566,รถแทร็กเตอร์,KOMATSU,WA100-3,3
2999,2566,รถแทร็กเตอร์,KOMATSU,WA100-5,6
3000,2566,รถแทร็กเตอร์,KOMATSU,WA100-7,1
3001,2566,รถแทร็กเตอร์,KOMATSU,WA120-3,1
3002,2566,รถแทร็กเตอร์,KOMATSU,WA150-1,2
3003,2566,รถแทร็กเตอร์,KOMATSU,WA150-3E,1
3004,2566,รถแทร็กเตอร์,KOMATSU,WA150-5,1
3005,2566,รถแทร็กเตอร์,KOMATSU,WA200-1,2
3006,2566,รถแทร็กเตอร์,KOMATSU,WA200-3,1
3007,2566,รถแทร็กเตอร์,KOMATSU,WA200-3E,1
3008,2566,รถแทร็กเตอร์,KOMATSU,WA200-5,9
3009,2566,รถแทร็กเตอร์,KOMATSU,WA200-6,5
3010,2566,รถแทร็กเตอร์,KOMATSU,WA200-7,2
3011,2566,รถแทร็กเตอร์,KOMATSU,WA270-6,1
3012,2566,รถแทร็กเตอร์,KOMATSU,WA300-1,3
3013,2566,รถแทร็กเตอร์,KOMATSU,WA300-3,3
3014,2566,รถแทร็กเตอร์,KOMATSU,WA300-3E,2
3015,2566,รถแทร็กเตอร์,KOMATSU,WA320-5,8
3016,2566,รถแทร็กเตอร์,KOMATSU,WA320-6,5
3017,2566,รถแทร็กเตอร์,KOMATSU,WA320-7,5
3018,2566,รถแทร็กเตอร์,KOMATSU,WA350-1,2
3019,2566,รถแทร็กเตอร์,KOMATSU,WA350-3E,1
3020,2566,รถแทร็กเตอร์,KOMATSU,WA380-3,4
3021,2566,รถแทร็กเตอร์,KOMATSU,WA380-3A,1
3022,2566,รถแทร็กเตอร์,KOMATSU,WA380-6,7
3023,2566,รถแทร็กเตอร์,KOMATSU,WA380-7,4
3024,2566,รถแทร็กเตอร์,KOMATSU,WA380-8,1
3025,2566,รถแทร็กเตอร์,KOMATSU,WA380Z-6,1
3026,2566,รถแทร็กเตอร์,KOMATSU,WA400-1,2
3027,2566,รถแทร็กเตอร์,KOMATSU,WA430-6,5
3028,2566,รถแทร็กเตอร์,KOMATSU,WA470-6,3
3029,2566,รถแทร็กเตอร์,KOMATSU,WA470-6R,1
3030,2566,รถแทร็กเตอร์,KOMATSU,WA470-7,1
3031,2566,รถแทร็กเตอร์,KOMATSU,WA470-8,2
3032,2566,รถแทร็กเตอร์,KOMATSU,WA500-1,1
3033,2566,รถแทร็กเตอร์,KOMATSU,WA500-6,1
3034,2566,รถแทร็กเตอร์,KOMATSU,WF350-1,1
3035,2566,รถแทร็กเตอร์,KOMATSU,,9
3036,2566,รถแทร็กเตอร์,KOMATSU/PC28UU-2E,PC28UU-2E,1
3037,2566,รถแทร็กเตอร์,KUBOTA,91-3S2TH HSPLA NBK,1
3038,2566,รถแทร็กเตอร์,KUBOTA,B2140SD (6C617-11100),350
3039,2566,รถแทร็กเตอร์,KUBOTA,B2140SD (6C617-11110),508
3040,2566,รถแทร็กเตอร์,KUBOTA,B2401DWO-USA,1
3041,2566,รถแทร็กเตอร์,KUBOTA,B2420D-THA,1
3042,2566,รถแทร็กเตอร์,KUBOTA,B2440,2
3043,2566,รถแทร็กเตอร์,KUBOTA,B2440SD (6C627-11000),1590
3044,2566,รถแทร็กเตอร์,KUBOTA,B2740SD (6C637-12000),1453
3045,2566,รถแทร็กเตอร์,KUBOTA,CB-105X (5T124-90000),88
3046,2566,รถแทร็กเตอร์,KUBOTA,CB-70(5T078-90000),1
3047,2566,รถแทร็กเตอร์,KUBOTA,CB-70G (5T078-91000),41
3048,2566,รถแทร็กเตอร์,KUBOTA,CB-93G-TH-K (5T127-90001),43
3049,2566,รถแทร็กเตอร์,KUBOTA,CB70G-1TH (5T277-80000),131
3050,2566,รถแทร็กเตอร์,KUBOTA,DC-105X(5T124-00000),131
3051,2566,รถแทร็กเตอร์,KUBOTA,DC-108X-TH (5T286-00000),316
3052,2566,รถแทร็กเตอร์,KUBOTA,DC-35-TH,14
3053,2566,รถแทร็กเตอร์,KUBOTA,DC-60 PLUS,1
3054,2566,รถแทร็กเตอร์,KUBOTA,DC-70,3
3055,2566,รถแทร็กเตอร์,KUBOTA,DC-70 (5T079-10000),2
3056,2566,รถแทร็กเตอร์,KUBOTA,DC-70(5T078-10000),18
3057,2566,รถแทร็กเตอร์,KUBOTA,DC-93G-MM,148
3058,2566,รถแทร็กเตอร์,KUBOTA,DC-93G-TH-K (5T127-00001),87
3059,2566,รถแทร็กเตอร์,KUBOTA,DC-93H-TH-K (5T131-00001),5
3060,2566,รถแทร็กเตอร์,KUBOTA,DC-95GM,3
3061,2566,รถแทร็กเตอร์,KUBOTA,DC70G-1TH (5T277-10000),1067
3062,2566,รถแทร็กเตอร์,KUBOTA,DC70G-1TH-K (5T277-10014),3
3063,2566,รถแทร็กเตอร์,KUBOTA,DC70H-1TH (5T276-10000),63
3064,2566,รถแทร็กเตอร์,KUBOTA,KX033-4,574
3065,2566,รถแทร็กเตอร์,KUBOTA,KX033-4 AC,1041
3066,2566,รถแทร็กเตอร์,KUBOTA,KX080-3S,28
3067,2566,รถแทร็กเตอร์,KUBOTA,KX155-3SZ,2
3068,2566,รถแทร็กเตอร์,KUBOTA,KX155-5,1
3069,2566,รถแทร็กเตอร์,KUBOTA,KX161-3SZ,4
3070,2566,รถแทร็กเตอร์,KUBOTA,KX163-5,2
3071,2566,รถแทร็กเตอร์,KUBOTA,KX165-5,3
3072,2566,รถแทร็กเตอร์,KUBOTA,KX91-3C,1
3073,2566,รถแทร็กเตอร์,KUBOTA,KX91-3S2,2
3074,2566,รถแทร็กเตอร์,KUBOTA,KX91-3SX,3
3075,2566,รถแทร็กเตอร์,KUBOTA,KX91-3SX AC,5
3076,2566,รถแทร็กเตอร์,KUBOTA,L1-20DT,1
3077,2566,รถแทร็กเตอร์,KUBOTA,L1-22DT,1
3078,2566,รถแทร็กเตอร์,KUBOTA,L3008DT,2
3079,2566,รถแทร็กเตอร์,KUBOTA,L3208SP,1
3080,2566,รถแทร็กเตอร์,KUBOTA,L3218DT (TC812-15100),1
3081,2566,รถแทร็กเตอร์,KUBOTA,L3218SP (TC872-15100),1366
3082,2566,รถแทร็กเตอร์,KUBOTA,L3218SP-F (TC872-16100),132
3083,2566,รถแทร็กเตอร์,KUBOTA,L3408DT,15
3084,2566,รถแทร็กเตอร์,KUBOTA,L3608DT,8
3085,2566,รถแทร็กเตอร์,KUBOTA,L3608SP,1
3086,2566,รถแทร็กเตอร์,KUBOTA,L4018DT (TC822-15500),5
3087,2566,รถแทร็กเตอร์,KUBOTA,L4018DT(TC822-15100),7
3088,2566,รถแทร็กเตอร์,KUBOTA,L4018SP (TC882-15100),8917
3089,2566,รถแทร็กเตอร์,KUBOTA,L4018SP-F (TC882-16100),350
3090,2566,รถแทร็กเตอร์,KUBOTA,L4018SP-M (TC882-15200),37
3091,2566,รถแทร็กเตอร์,KUBOTA,L4018SP-MF (TC882-16200),368
3092,2566,รถแทร็กเตอร์,KUBOTA,L4018SP-VF (TC882-16500),9
3093,2566,รถแทร็กเตอร์,KUBOTA,L4018SP-VT (TC882-15500),528
3094,2566,รถแทร็กเตอร์,KUBOTA,L4508DI,1
3095,2566,รถแทร็กเตอร์,KUBOTA,L4508DT,5
3096,2566,รถแทร็กเตอร์,KUBOTA,L4708DT,1
3097,2566,รถแทร็กเตอร์,KUBOTA,L4708DT-2,1
3098,2566,รถแทร็กเตอร์,KUBOTA,L4708SP,1
3099,2566,รถแทร็กเตอร์,KUBOTA,L5018DT,2
3100,2566,รถแทร็กเตอร์,KUBOTA,L5018DT (TC832-15100),6
3101,2566,รถแทร็กเตอร์,KUBOTA,L5018DT (TC832-15500),2
3102,2566,รถแทร็กเตอร์,KUBOTA,L5018DT(TC832-15500),1
3103,2566,รถแทร็กเตอร์,KUBOTA,L5018SP (TC892-15100),11810
3104,2566,รถแทร็กเตอร์,KUBOTA,L5018SP-C (TC892-55100),4
3105,2566,รถแทร็กเตอร์,KUBOTA,L5018SP-CF (TC892-56100),87
3106,2566,รถแทร็กเตอร์,KUBOTA,L5018SP-CVF (TC892-56500),2
3107,2566,รถแทร็กเตอร์,KUBOTA,L5018SP-F (TC892-16100),1087
3108,2566,รถแทร็กเตอร์,KUBOTA,L5018SP-M (TC892-15200),36
3109,2566,รถแทร็กเตอร์,KUBOTA,L5018SP-MF (TC892-16200),733
3110,2566,รถแทร็กเตอร์,KUBOTA,L5018SP-SF (TC892-16103),23
3111,2566,รถแทร็กเตอร์,KUBOTA,L5018SP-SG (TC892-15103),134
3112,2566,รถแทร็กเตอร์,KUBOTA,L5018SP-VF (TC892-16500),53
3113,2566,รถแทร็กเตอร์,KUBOTA,L5018SP-VSF (TC892-16503),28
3114,2566,รถแทร็กเตอร์,KUBOTA,L5018SP-VT (TC892-15500),1296
3115,2566,รถแทร็กเตอร์,KUBOTA,L5018SPVTSG (TC892-15503),104
3116,2566,รถแทร็กเตอร์,KUBOTA,M108S,292
3117,2566,รถแทร็กเตอร์,KUBOTA,M135X,22
3118,2566,รถแทร็กเตอร์,KUBOTA,M5000SUD,2
3119,2566,รถแทร็กเตอร์,KUBOTA,M6040SU,187
3120,2566,รถแทร็กเตอร์,KUBOTA,M6040SU NORMAL,1
3121,2566,รถแทร็กเตอร์,KUBOTA,M6240SUH,2005
3122,2566,รถแทร็กเตอร์,KUBOTA,M7040,195
3123,2566,รถแทร็กเตอร์,KUBOTA,M7040DT,3
3124,2566,รถแทร็กเตอร์,KUBOTA,M7508DTH,647
3125,2566,รถแทร็กเตอร์,KUBOTA,M8540,8
3126,2566,รถแทร็กเตอร์,KUBOTA,M8540DTH,3
3127,2566,รถแทร็กเตอร์,KUBOTA,M8808DTH,516
3128,2566,รถแทร็กเตอร์,KUBOTA,M9000 4WD,1
3129,2566,รถแทร็กเตอร์,KUBOTA,M9000DT,1
3130,2566,รถแทร็กเตอร์,KUBOTA,M9540,24
3131,2566,รถแทร็กเตอร์,KUBOTA,M9540DTH,4
3132,2566,รถแทร็กเตอร์,KUBOTA,M9808DTH,1068
3133,2566,รถแทร็กเตอร์,KUBOTA,MU4902DT (TE012-15000),1066
3134,2566,รถแทร็กเตอร์,KUBOTA,MU5702DT (TE022-15000),971
3135,2566,รถแทร็กเตอร์,KUBOTA,R430M,8
3136,2566,รถแทร็กเตอร์,KUBOTA,U15-3,1
3137,2566,รถแทร็กเตอร์,KUBOTA,U17,129
3138,2566,รถแทร็กเตอร์,KUBOTA,U35-6,3
3139,2566,รถแทร็กเตอร์,KUBOTA,U36-6,56
3140,2566,รถแทร็กเตอร์,KUBOTA,U36-6 AC,68
3141,2566,รถแทร็กเตอร์,KUBOTA,U55-6,55
3142,2566,รถแทร็กเตอร์,KUBOTA,U55-6 AC,204
3143,2566,รถแทร็กเตอร์,KUBOTA,U55-6S,21
3144,2566,รถแทร็กเตอร์,KUBOTA,U55-6S AC,309
3145,2566,รถแทร็กเตอร์,KUBOTA/KX163-5,KX163-5,1
3146,2566,รถแทร็กเตอร์,KUBOTA/KX165-5,KX165-5,1
3147,2566,รถแทร็กเตอร์,KUBOTA/KX165-5,,2
3148,2566,รถแทร็กเตอร์,KUBOTA/U-35-5,,1
3149,2566,รถแทร็กเตอร์,LAIGONG,LG926,1
3150,2566,รถแทร็กเตอร์,LAIGONG,LG926L,2
3151,2566,รถแทร็กเตอร์,LAIGONG,LG936L,2
3152,2566,รถแทร็กเตอร์,LIUGONG,CLG416,1
3153,2566,รถแทร็กเตอร์,LIUGONG,CLG4215D,2
3154,2566,รถแทร็กเตอร์,LIUGONG,CLG816C,11
3155,2566,รถแทร็กเตอร์,LIUGONG,CLG825C,2
3156,2566,รถแทร็กเตอร์,LIUGONG,CLG835,2
3157,2566,รถแทร็กเตอร์,LIUGONG,CLG835H,6
3158,2566,รถแทร็กเตอร์,LIUGONG,CLG842H,5
3159,2566,รถแทร็กเตอร์,LIUGONG,CLG856H,3
3160,2566,รถแทร็กเตอร์,LIUGONG,CLG862H,3
3161,2566,รถแทร็กเตอร์,LIUGONG,CLG9035E,1
3162,2566,รถแทร็กเตอร์,LIUGONG,CLG906E,1
3163,2566,รถแทร็กเตอร์,LIUGONG,CLG908D,1
3164,2566,รถแทร็กเตอร์,LIUGONG,CLG908E,3
3165,2566,รถแทร็กเตอร์,LIUGONG,CLG913E,4
3166,2566,รถแทร็กเตอร์,LIUGONG,CLG915D,1
3167,2566,รถแทร็กเตอร์,LIUGONG,CLG920E,15
3168,2566,รถแทร็กเตอร์,LIUGONG,CLG922E,8
3169,2566,รถแทร็กเตอร์,LIUGONG,CLG933E,1
3170,2566,รถแทร็กเตอร์,LIUGONG,CLG936E,1
3171,2566,รถแทร็กเตอร์,LIUGONG,CLGB160C,6
3172,2566,รถแทร็กเตอร์,LIUGONG,CLGB160CL,8
3173,2566,รถแทร็กเตอร์,LIUGONG,CLGB161CL,1
3174,2566,รถแทร็กเตอร์,LIUGONG,CLGB230,1
3175,2566,รถแทร็กเตอร์,LIUGONG,CLGB230C,1
3176,2566,รถแทร็กเตอร์,LIUGONG,ZL50CN,4
3177,2566,รถแทร็กเตอร์,LONKING,CDM835C,1
3178,2566,รถแทร็กเตอร์,LOVOL,AF100G,1
3179,2566,รถแทร็กเตอร์,LOVOL,EURO 110,2
3180,2566,รถแทร็กเตอร์,LOVOL,EURO LM,3
3181,2566,รถแทร็กเตอร์,LOVOL,EURO LM854,1
3182,2566,รถแทร็กเตอร์,LOVOL,EURO TB,24
3183,2566,รถแทร็กเตอร์,LOVOL,EURO TD,23
3184,2566,รถแทร็กเตอร์,LOVOL,EURO TE,12
3185,2566,รถแทร็กเตอร์,LOVOL,EURO TG,1
3186,2566,รถแทร็กเตอร์,LOVOL,EURO TH,20
3187,2566,รถแทร็กเตอร์,LOVOL,EURO TX,2
3188,2566,รถแทร็กเตอร์,LOVOL,FL926F,1
3189,2566,รถแทร็กเตอร์,LOVOL,FL938G-II,3
3190,2566,รถแทร็กเตอร์,LOVOL,FP80W,1
3191,2566,รถแทร็กเตอร์,LOVOL,FR150D,1
3192,2566,รถแทร็กเตอร์,LOVOL,FR36F-U,1
3193,2566,รถแทร็กเตอร์,LOVOL,FR60E,1
3194,2566,รถแทร็กเตอร์,LOVOL,FR60E2-H,5
3195,2566,รถแทร็กเตอร์,LOVOL,FR80E2,1
3196,2566,รถแทร็กเตอร์,LUGONG,T932,1
3197,2566,รถแทร็กเตอร์,LUYU,ZL936F,1
3198,2566,รถแทร็กเตอร์,MASSEY FERGUSON,MF2635,1
3199,2566,รถแทร็กเตอร์,MASSEY FERGUSON,MF365,1
3200,2566,รถแทร็กเตอร์,MASSEY FERGUSON,MF455,2
3201,2566,รถแทร็กเตอร์,MASSEY FERGUSON,MF455 Xtra,2
3202,2566,รถแทร็กเตอร์,MASSEY FERGUSON,MF470 Xtra,3
3203,2566,รถแทร็กเตอร์,MASSEY FERGUSON,MF4707 NON CAB,7
3204,2566,รถแทร็กเตอร์,MASSEY FERGUSON,MF4708,1
3205,2566,รถแทร็กเตอร์,MASSEY FERGUSON,MF4708 NON CAB,18
3206,2566,รถแทร็กเตอร์,MASSEY FERGUSON,MF5710 CAB,6
3207,2566,รถแทร็กเตอร์,MASSEY FERGUSON,MF5710 NON CAB,9
3208,2566,รถแทร็กเตอร์,MASSEY FERGUSON,MF6712,1
3209,2566,รถแทร็กเตอร์,MASSEY FERGUSON,MF6712 CAB,4
3210,2566,รถแทร็กเตอร์,MASSEY FERGUSON,MF6713 CAB,1
3211,2566,รถแทร็กเตอร์,MASSEY FERGUSON,,1
3212,2566,รถแทร็กเตอร์,MITSUBISHI,GX3600,1
3213,2566,รถแทร็กเตอร์,MITSUBISHI,GX5000,1
3214,2566,รถแทร็กเตอร์,MITSUBISHI,MF43WD,1
3215,2566,รถแทร็กเตอร์,MITSUBISHI,MF44WB,1
3216,2566,รถแทร็กเตอร์,MITSUBISHI,MF61WE,1
3217,2566,รถแทร็กเตอร์,MITSUBISHI,MF61WF,2
3218,2566,รถแทร็กเตอร์,MITSUBISHI,MG230,1
3219,2566,รถแทร็กเตอร์,MITSUBISHI,MG400,1
3220,2566,รถแทร็กเตอร์,MITSUBISHI,MG430,2
3221,2566,รถแทร็กเตอร์,MITSUBISHI,MG430E,2
3222,2566,รถแทร็กเตอร์,MITSUBISHI,MG500-S,1
3223,2566,รถแทร็กเตอร์,MITSUBISHI,MG500SE,2
3224,2566,รถแทร็กเตอร์,MITSUBISHI,MM57SR,1
3225,2566,รถแทร็กเตอร์,MST,M542,1
3226,2566,รถแทร็กเตอร์,MST,M544S,1
3227,2566,รถแทร็กเตอร์,MST,SB902,1
3228,2566,รถแทร็กเตอร์,NEWHOLLAND,5000,1
3229,2566,รถแทร็กเตอร์,NEWHOLLAND,5610S,4
3230,2566,รถแทร็กเตอร์,NEWHOLLAND,5640,2
3231,2566,รถแทร็กเตอร์,NEWHOLLAND,6080,1
3232,2566,รถแทร็กเตอร์,NEWHOLLAND,6610S,1
3233,2566,รถแทร็กเตอร์,NEWHOLLAND,6610S 4WD,3
3234,2566,รถแทร็กเตอร์,NEWHOLLAND,6640,15
3235,2566,รถแทร็กเตอร์,NEWHOLLAND,6640S,1
3236,2566,รถแทร็กเตอร์,NEWHOLLAND,7010,1
3237,2566,รถแทร็กเตอร์,NEWHOLLAND,7610,2
3238,2566,รถแทร็กเตอร์,NEWHOLLAND,7610S,22
3239,2566,รถแทร็กเตอร์,NEWHOLLAND,7630,2
3240,2566,รถแทร็กเตอร์,NEWHOLLAND,7740,16
3241,2566,รถแทร็กเตอร์,NEWHOLLAND,7740 4WD,1
3242,2566,รถแทร็กเตอร์,NEWHOLLAND,7810S 4WD,3
3243,2566,รถแทร็กเตอร์,NEWHOLLAND,7840,38
3244,2566,รถแทร็กเตอร์,NEWHOLLAND,7840 4WD,3
3245,2566,รถแทร็กเตอร์,NEWHOLLAND,8030 4WD,1
3246,2566,รถแทร็กเตอร์,NEWHOLLAND,8160,2
3247,2566,รถแทร็กเตอร์,NEWHOLLAND,8240,2
3248,2566,รถแทร็กเตอร์,NEWHOLLAND,8340,5
3249,2566,รถแทร็กเตอร์,NEWHOLLAND,AT6610,2
3250,2566,รถแทร็กเตอร์,NEWHOLLAND,ATS130,1
3251,2566,รถแทร็กเตอร์,NEWHOLLAND,B80B,11
3252,2566,รถแทร็กเตอร์,NEWHOLLAND,B80C,5
3253,2566,รถแทร็กเตอร์,NEWHOLLAND,B90B,6
3254,2566,รถแทร็กเตอร์,NEWHOLLAND,B90C,2
3255,2566,รถแทร็กเตอร์,NEWHOLLAND,M100,2
3256,2566,รถแทร็กเตอร์,NEWHOLLAND,M135,2
3257,2566,รถแทร็กเตอร์,NEWHOLLAND,NH T7.200,1
3258,2566,รถแทร็กเตอร์,NEWHOLLAND,T5060,5
3259,2566,รถแทร็กเตอร์,NEWHOLLAND,T6.155,1
3260,2566,รถแทร็กเตอร์,NEWHOLLAND,T6.165,1
3261,2566,รถแทร็กเตอร์,NEWHOLLAND,T6020,19
3262,2566,รถแทร็กเตอร์,NEWHOLLAND,T6030,4
3263,2566,รถแทร็กเตอร์,NEWHOLLAND,T6040,1
3264,2566,รถแทร็กเตอร์,NEWHOLLAND,T6050,20
3265,2566,รถแทร็กเตอร์,NEWHOLLAND,T6070,25
3266,2566,รถแทร็กเตอร์,NEWHOLLAND,T6080,5
3267,2566,รถแทร็กเตอร์,NEWHOLLAND,T6090,8
3268,2566,รถแทร็กเตอร์,NEWHOLLAND,T7 250,1
3269,2566,รถแทร็กเตอร์,NEWHOLLAND,T7.170,1
3270,2566,รถแทร็กเตอร์,NEWHOLLAND,T7.185,1
3271,2566,รถแทร็กเตอร์,NEWHOLLAND,T7.200,1
3272,2566,รถแทร็กเตอร์,NEWHOLLAND,T7.210,2
3273,2566,รถแทร็กเตอร์,NEWHOLLAND,T7.250,1
3274,2566,รถแทร็กเตอร์,NEWHOLLAND,T7.260,2
3275,2566,รถแทร็กเตอร์,NEWHOLLAND,T7030,2
3276,2566,รถแทร็กเตอร์,NEWHOLLAND,T7040,2
3277,2566,รถแทร็กเตอร์,NEWHOLLAND,T7050,6
3278,2566,รถแทร็กเตอร์,NEWHOLLAND,T7060,4
3279,2566,รถแทร็กเตอร์,NEWHOLLAND,TB100,2
3280,2566,รถแทร็กเตอร์,NEWHOLLAND,TB110 4WD,1
3281,2566,รถแทร็กเตอร์,NEWHOLLAND,TB120,2
3282,2566,รถแทร็กเตอร์,NEWHOLLAND,TC38R,3
3283,2566,รถแทร็กเตอร์,NEWHOLLAND,TC48R,29
3284,2566,รถแทร็กเตอร์,NEWHOLLAND,TD5.100,8
3285,2566,รถแทร็กเตอร์,NEWHOLLAND,TD5.110,51
3286,2566,รถแทร็กเตอร์,NEWHOLLAND,TD5.90,4
3287,2566,รถแทร็กเตอร์,NEWHOLLAND,TD95D PLUS,3
3288,2566,รถแทร็กเตอร์,NEWHOLLAND,TES125,1
3289,2566,รถแทร็กเตอร์,NEWHOLLAND,TM 165,1
3290,2566,รถแทร็กเตอร์,NEWHOLLAND,TM120,9
3291,2566,รถแทร็กเตอร์,NEWHOLLAND,TM125,5
3292,2566,รถแทร็กเตอร์,NEWHOLLAND,TM130,5
3293,2566,รถแทร็กเตอร์,NEWHOLLAND,TM135,2
3294,2566,รถแทร็กเตอร์,NEWHOLLAND,TM140,2
3295,2566,รถแทร็กเตอร์,NEWHOLLAND,TM150,7
3296,2566,รถแทร็กเตอร์,NEWHOLLAND,TM150 4WD,1
3297,2566,รถแทร็กเตอร์,NEWHOLLAND,TM155,5
3298,2566,รถแทร็กเตอร์,NEWHOLLAND,TM165,2
3299,2566,รถแทร็กเตอร์,NEWHOLLAND,TM190,1
3300,2566,รถแทร็กเตอร์,NEWHOLLAND,TN65S,1
3301,2566,รถแทร็กเตอร์,NEWHOLLAND,TS 100,1
3302,2566,รถแทร็กเตอร์,NEWHOLLAND,TS100,16
3303,2566,รถแทร็กเตอร์,NEWHOLLAND,TS110,20
3304,2566,รถแทร็กเตอร์,NEWHOLLAND,TS110 4WD,3
3305,2566,รถแทร็กเตอร์,NEWHOLLAND,TS115,23
3306,2566,รถแทร็กเตอร์,NEWHOLLAND,TS115A,13
3307,2566,รถแทร็กเตอร์,NEWHOLLAND,TS120,1
3308,2566,รถแทร็กเตอร์,NEWHOLLAND,TS120 4WD,1
3309,2566,รถแทร็กเตอร์,NEWHOLLAND,TS125A,1
3310,2566,รถแทร็กเตอร์,NEWHOLLAND,TS130A,1
3311,2566,รถแทร็กเตอร์,NEWHOLLAND,TS135A,5
3312,2566,รถแทร็กเตอร์,NEWHOLLAND,TS6.125,3
3313,2566,รถแทร็กเตอร์,NEWHOLLAND,TS6.140,1
3314,2566,รถแทร็กเตอร์,NEWHOLLAND,TS6000,2
3315,2566,รถแทร็กเตอร์,NEWHOLLAND,TS6020,13
3316,2566,รถแทร็กเตอร์,NEWHOLLAND,TS90,23
3317,2566,รถแทร็กเตอร์,NEWHOLLAND,TS90 4WD,1
3318,2566,รถแทร็กเตอร์,NEWHOLLAND,TSA 135,1
3319,2566,รถแทร็กเตอร์,NEWHOLLAND,TSA115,2
3320,2566,รถแทร็กเตอร์,NEWHOLLAND,TSA135,1
3321,2566,รถแทร็กเตอร์,NEWHOLLAND,TT2.50,77
3322,2566,รถแทร็กเตอร์,NEWHOLLAND,TT3.40,28
3323,2566,รถแทร็กเตอร์,NEWHOLLAND,TT3.50,316
3324,2566,รถแทร็กเตอร์,NEWHOLLAND,TT4.55,9
3325,2566,รถแทร็กเตอร์,NEWHOLLAND,TT4.65,54
3326,2566,รถแทร็กเตอร์,NEWHOLLAND,TT4.75,37
3327,2566,รถแทร็กเตอร์,NEWHOLLAND,TT4.90,33
3328,2566,รถแทร็กเตอร์,NEWHOLLAND,TT45,15
3329,2566,รถแทร็กเตอร์,NEWHOLLAND,TT55,5
3330,2566,รถแทร็กเตอร์,NEWHOLLAND,TT75,7
3331,2566,รถแทร็กเตอร์,NEWHOLLAND,,11
3332,2566,รถแทร็กเตอร์,NIIGATA,NFB6W1,1
3333,2566,รถแทร็กเตอร์,OCR,WE95,1
3334,2566,รถแทร็กเตอร์,Power Iron Bull,PB5060,1
3335,2566,รถแทร็กเตอร์,Power Iron Bull,PB5090,2
3336,2566,รถแทร็กเตอร์,PORSCHE,TB-20,1
3337,2566,รถแทร็กเตอร์,POWER CURBERS,PC5700-D,2
3338,2566,รถแทร็กเตอร์,POWER PAVERS,SF-1700,1
3339,2566,รถแทร็กเตอร์,POWER PAVERS,SF1700,1
3340,2566,รถแทร็กเตอร์,POWERPLUS,D65EX-15,1
3341,2566,รถแทร็กเตอร์,POWERPLUS,PAF1000T,1
3342,2566,รถแทร็กเตอร์,POWERPLUS,PAT900S,2
3343,2566,รถแทร็กเตอร์,POWERPLUS,PP14G-IX,2
3344,2566,รถแทร็กเตอร์,POWERPLUS,PP160E-IX,2
3345,2566,รถแทร็กเตอร์,POWERPLUS,PP220E-XI,1
3346,2566,รถแทร็กเตอร์,POWERPLUS,PP235E-IX,1
3347,2566,รถแทร็กเตอร์,RICH,JF928M,2
3348,2566,รถแทร็กเตอร์,RLS,RLS95W-9J-YZ,1
3349,2566,รถแทร็กเตอร์,ROADTEC,RP-190,1
3350,2566,รถแทร็กเตอร์,ROADTEC,RX-900-4,1
3351,2566,รถแทร็กเตอร์,ROADTEC,RX900,2
3352,2566,รถแทร็กเตอร์,SANGYOR,R350,1
3353,2566,รถแทร็กเตอร์,SANY,SMG200C-8,1
3354,2566,รถแทร็กเตอร์,SANY,SSR120C-10,1
3355,2566,รถแทร็กเตอร์,SANY,SW936K1,6
3356,2566,รถแทร็กเตอร์,SANY,SY135C,23
3357,2566,รถแทร็กเตอร์,SANY,SY155W,6
3358,2566,รถแทร็กเตอร์,SANY,SY200C,37
3359,2566,รถแทร็กเตอร์,SANY,SY205C,34
3360,2566,รถแทร็กเตอร์,SANY,SY215C,76
3361,2566,รถแทร็กเตอร์,SANY,SY235C,1
3362,2566,รถแทร็กเตอร์,SANY,SY245H,1
3363,2566,รถแทร็กเตอร์,SANY,SY35C,1
3364,2566,รถแทร็กเตอร์,SANY,SY35U,24
3365,2566,รถแทร็กเตอร์,SANY,SY375H,1
3366,2566,รถแทร็กเตอร์,SANY,SY500H,14
3367,2566,รถแทร็กเตอร์,SANY,SY55C,26
3368,2566,รถแทร็กเตอร์,SANY,SY60C,6
3369,2566,รถแทร็กเตอร์,SANY,SY75C,14
3370,2566,รถแทร็กเตอร์,SANY,SYL956H5,12
3371,2566,รถแทร็กเตอร์,SDJK,JKW-35S,2
3372,2566,รถแทร็กเตอร์,SDLG,E6135F,2
3373,2566,รถแทร็กเตอร์,SDLG,E6205F,1
3374,2566,รถแทร็กเตอร์,SDLG,E635F,5
3375,2566,รถแทร็กเตอร์,SDLG,E660FL,2
3376,2566,รถแทร็กเตอร์,SDLG,G9220,1
3377,2566,รถแทร็กเตอร์,SDLG,G9220F,3
3378,2566,รถแทร็กเตอร์,SDLG,L958F,3
3379,2566,รถแทร็กเตอร์,SDLG,LG 938L,1
3380,2566,รถแทร็กเตอร์,SDLG,LG918,1
3381,2566,รถแทร็กเตอร์,SDLG,LG936L,17
3382,2566,รถแทร็กเตอร์,SDLG,LG936L SLR,2
3383,2566,รถแทร็กเตอร์,SDLG,LG938L SLR,2
3384,2566,รถแทร็กเตอร์,SDLG,LG968,1
3385,2566,รถแทร็กเตอร์,SEM,616B,1
3386,2566,รถแทร็กเตอร์,SEM,919,2
3387,2566,รถแทร็กเตอร์,SEM,SEM618B,1
3388,2566,รถแทร็กเตอร์,SEM,SEM618D,1
3389,2566,รถแทร็กเตอร์,SEM,SEM636D,2
3390,2566,รถแทร็กเตอร์,SEM,SEM656D,2
3391,2566,รถแทร็กเตอร์,SEM,SEM816D,2
3392,2566,รถแทร็กเตอร์,SEM,SEM919,4
3393,2566,รถแทร็กเตอร์,SHANTUI,L36-B3,1
3394,2566,รถแทร็กเตอร์,SHANTUI,L58-B3,1
3395,2566,รถแทร็กเตอร์,SINOMACH CHANGLIN,937H,1
3396,2566,รถแทร็กเตอร์,SM KASETYON,SM-200SUPERSPEED,1
3397,2566,รถแทร็กเตอร์,SOLIS,SOLIS 110-4WD,8
3398,2566,รถแทร็กเตอร์,SOLIS,SOLIS 26-4WD,292
3399,2566,รถแทร็กเตอร์,SOLIS,SOLIS 30-4WD,31
3400,2566,รถแทร็กเตอร์,SOLIS,SOLIS 50-4WD,3
3401,2566,รถแทร็กเตอร์,SOLIS,SOLIS 90-4WD,18
3402,2566,รถแทร็กเตอร์,SOLIS,SOLIS WT-75-4WD,92
3403,2566,รถแทร็กเตอร์,SONALIKA,26,4
3404,2566,รถแทร็กเตอร์,SONALIKA,90RX,1
3405,2566,รถแทร็กเตอร์,SONALIKA,DI-26,1
3406,2566,รถแทร็กเตอร์,SONALIKA,DI-90RX,4
3407,2566,รถแทร็กเตอร์,SONALIKA,WORLDTRAC90RX,1
3408,2566,รถแทร็กเตอร์,SUMITOMO,H50W,1
3409,2566,รถแทร็กเตอร์,SUMITOMO,HA45C-7,1
3410,2566,รถแทร็กเตอร์,SUMITOMO,HA45W-5,1
3411,2566,รถแทร็กเตอร์,SUMITOMO,HA50W,1
3412,2566,รถแทร็กเตอร์,SUMITOMO,HA60C-3,1
3413,2566,รถแทร็กเตอร์,SUMITOMO,HA60C-5,1
3414,2566,รถแทร็กเตอร์,SUMITOMO,HA60C-8,4
3415,2566,รถแทร็กเตอร์,SUMITOMO,HA60W-2,2
3416,2566,รถแทร็กเตอร์,SUMITOMO,HA60W-3,1
3417,2566,รถแทร็กเตอร์,SUMITOMO,HA60W-5,7
3418,2566,รถแทร็กเตอร์,SUMITOMO,HA60W-7,22
3419,2566,รถแทร็กเตอร์,SUMITOMO,HA60W-7V,1
3420,2566,รถแทร็กเตอร์,SUMITOMO,HA60W-8,5
3421,2566,รถแทร็กเตอร์,SUMITOMO,SH120-3,1
3422,2566,รถแทร็กเตอร์,SUMITOMO,SH120-5,4
3423,2566,รถแทร็กเตอร์,SUMITOMO,SH120-6,12
3424,2566,รถแทร็กเตอร์,SUMITOMO,SH120LC-5,1
3425,2566,รถแทร็กเตอร์,SUMITOMO,SH125X-3,2
3426,2566,รถแทร็กเตอร์,SUMITOMO,SH130-5,1
3427,2566,รถแทร็กเตอร์,SUMITOMO,SH130-6,207
3428,2566,รถแทร็กเตอร์,SUMITOMO,SH130LC-5LR,1
3429,2566,รถแทร็กเตอร์,SUMITOMO,SH135X-3,1
3430,2566,รถแทร็กเตอร์,SUMITOMO,SH135X-3B,1
3431,2566,รถแทร็กเตอร์,SUMITOMO,SH200-5,3
3432,2566,รถแทร็กเตอร์,SUMITOMO,SH200-6,1
3433,2566,รถแทร็กเตอร์,SUMITOMO,SH210-5,6
3434,2566,รถแทร็กเตอร์,SUMITOMO,SH210-6,49
3435,2566,รถแทร็กเตอร์,SUMITOMO,SH210F-5,2
3436,2566,รถแทร็กเตอร์,SUMITOMO,SH210F-6,135
3437,2566,รถแทร็กเตอร์,SUMITOMO,SH210LC-6LR,6
3438,2566,รถแทร็กเตอร์,SUMITOMO,SH240-5,1
3439,2566,รถแทร็กเตอร์,SUMITOMO,SH240-5LR,1
3440,2566,รถแทร็กเตอร์,SUMITOMO,SH250-6,2
3441,2566,รถแทร็กเตอร์,SUMITOMO,SH250-6LR,3
3442,2566,รถแทร็กเตอร์,SUMITOMO,SH350HD-3B,1
3443,2566,รถแทร็กเตอร์,SUMITOMO,SH350HD-5,1
3444,2566,รถแทร็กเตอร์,SUMITOMO,SH350LHD-6,5
3445,2566,รถแทร็กเตอร์,SUMITOMO,SH490LHD-6,1
3446,2566,รถแทร็กเตอร์,SUMITOMO,SH75X-3,1
3447,2566,รถแทร็กเตอร์,SUMITOMO,SH75X-3B,2
3448,2566,รถแทร็กเตอร์,SUMITOMO,SH80-6B,76
3449,2566,รถแทร็กเตอร์,SUNWARD,SWE150E,3
3450,2566,รถแทร็กเตอร์,SUNWARD,SWE210E,3
3451,2566,รถแทร็กเตอร์,SUNWARD,SWE210ELR,1
3452,2566,รถแทร็กเตอร์,SUNWARD,SWE35UF,1
3453,2566,รถแทร็กเตอร์,SUNWARD,SWE60E,2
3454,2566,รถแทร็กเตอร์,SUNWARD,SWE70E,1
3455,2566,รถแทร็กเตอร์,SYZG,ZL932L,1
3456,2566,รถแทร็กเตอร์,SYZG,ZL940,1
3457,2566,รถแทร็กเตอร์,SYZG,ZL940F,1
3458,2566,รถแทร็กเตอร์,SYZG,ZL940G,1
3459,2566,รถแทร็กเตอร์,SYZG,ZL940L,1
3460,2566,รถแทร็กเตอร์,TAKEUCHI,TB235,9
3461,2566,รถแทร็กเตอร์,TAKEUCHI,TB250,2
3462,2566,รถแทร็กเตอร์,TAKEUCHI,TB285,1
3463,2566,รถแทร็กเตอร์,TAKEUCHI,TB290CH,2
3464,2566,รถแทร็กเตอร์,TALAYTHONG,DF-1004A,1
3465,2566,รถแทร็กเตอร์,TALAYTHONG,DF-554,1
3466,2566,รถแทร็กเตอร์,TCM,830,1
3467,2566,รถแทร็กเตอร์,TCM,840-2,2
3468,2566,รถแทร็กเตอร์,TCM,850-2,1
3469,2566,รถแทร็กเตอร์,TCM,E835,2
3470,2566,รถแทร็กเตอร์,TCM,L19,1
3471,2566,รถแทร็กเตอร์,TCM,L20-3,1
3472,2566,รถแทร็กเตอร์,TCM,L27-3,1
3473,2566,รถแทร็กเตอร์,TCM,L40-3,1
3474,2566,รถแทร็กเตอร์,TCM,STD30,1
3475,2566,รถแทร็กเตอร์,TCM,ZW140,1
3476,2566,รถแทร็กเตอร์,TCM,ZW180,1
3477,2566,รถแทร็กเตอร์,TCM,ZW220,1
3478,2566,รถแทร็กเตอร์,TCM,,1
3479,2566,รถแทร็กเตอร์,TENAX,ELECTRA 1.0,1
3480,2566,รถแทร็กเตอร์,TENAX,ELECTRA 2.0 EVOS,1
3481,2566,รถแทร็กเตอร์,THAISENGYONG,10HT,17
3482,2566,รถแทร็กเตอร์,THAISENGYONG,12 HT,1
3483,2566,รถแทร็กเตอร์,THAISENGYONG,12HT,10
3484,2566,รถแทร็กเตอร์,TPM,SB1 3.5T,3
3485,2566,รถแทร็กเตอร์,TPM,SB1 4.5T,3
3486,2566,รถแทร็กเตอร์,TPM,SB1 5.0T,1
3487,2566,รถแทร็กเตอร์,TPM,SB1 5.5T,6
3488,2566,รถแทร็กเตอร์,TPM,SB1 6.0T,4
3489,2566,รถแทร็กเตอร์,TRHB,TRHB926H,1
3490,2566,รถแทร็กเตอร์,VOGELE,11.82/SUPER 1800-2,1
3491,2566,รถแทร็กเตอร์,VOGELE,1704-4WD,1
3492,2566,รถแทร็กเตอร์,VOGELE,S1600,1
3493,2566,รถแทร็กเตอร์,VOGELE,S1800-2,2
3494,2566,รถแทร็กเตอร์,VOGELE,S1803-2,1
3495,2566,รถแทร็กเตอร์,VOGELE,SUPER 1603-1,1
3496,2566,รถแทร็กเตอร์,VOGELE,SUPER 1803-2,1
3497,2566,รถแทร็กเตอร์,VOGELE,SUPER 1903,1
3498,2566,รถแทร็กเตอร์,VOGELE,SUPER1800-3,3
3499,2566,รถแทร็กเตอร์,VOGELE,SUPER1803-2,3
3500,2566,รถแทร็กเตอร์,VOGELE,SUPER1803-3,1
3501,2566,รถแทร็กเตอร์,VOLVO,EC 210B,5
3502,2566,รถแทร็กเตอร์,VOLVO,EC 210B PRIME,3
3503,2566,รถแทร็กเตอร์,VOLVO,EC200D,11
3504,2566,รถแทร็กเตอร์,VOLVO,EC210BLC,1
3505,2566,รถแทร็กเตอร์,VOLVO,EC210D,12
3506,2566,รถแทร็กเตอร์,VOLVO,EC210DL,4
3507,2566,รถแทร็กเตอร์,VOLVO,EC210DLR,5
3508,2566,รถแทร็กเตอร์,VOLVO,EC220DL,3
3509,2566,รถแทร็กเตอร์,VOLVO,EC300DL,3
3510,2566,รถแทร็กเตอร์,VOLVO,EC300DLR,6
3511,2566,รถแทร็กเตอร์,VOLVO,EC350DL,2
3512,2566,รถแทร็กเตอร์,VOLVO,EC380DL,5
3513,2566,รถแทร็กเตอร์,VOLVO,EC480DL,1
3514,2566,รถแทร็กเตอร์,VOLVO,EC55B,1
3515,2566,รถแทร็กเตอร์,VOLVO,EC55B PRO,2
3516,2566,รถแทร็กเตอร์,VOLVO,EW145B,1
3517,2566,รถแทร็กเตอร์,VOLVO,EW205D,1
3518,2566,รถแทร็กเตอร์,VOLVO,L120F,2
3519,2566,รถแทร็กเตอร์,VOLVO,L60F,2
3520,2566,รถแทร็กเตอร์,WEICHAI LOVOL,EURO TD,1
3521,2566,รถแทร็กเตอร์,WEICHAI LOVOL,EURO TP,1
3522,2566,รถแทร็กเตอร์,WEICHAI LOVOL,FL938H,1
3523,2566,รถแทร็กเตอร์,WEICHAI LOVOL,FLB468-II,7
3524,2566,รถแทร็กเตอร์,WEICHAI LOVOL,FR220D2,2
3525,2566,รถแทร็กเตอร์,WEICHAI LOVOL,FR245E2,7
3526,2566,รถแทร็กเตอร์,WEICHAI LOVOL,FR60E2-H,16
3527,2566,รถแทร็กเตอร์,WEICHAI LOVOL,P4100,3
3528,2566,รถแทร็กเตอร์,WEIFANG HENGHAO,1004,1
3529,2566,รถแทร็กเตอร์,WIRTGEN,2000DC,1
3530,2566,รถแทร็กเตอร์,WIRTGEN,2100DC,2
3531,2566,รถแทร็กเตอร์,WIRTGEN,RX4500,1
3532,2566,รถแทร็กเตอร์,WIRTGEN,W1900,2
3533,2566,รถแทร็กเตอร์,WIRTGEN,W195,4
3534,2566,รถแทร็กเตอร์,WIRTGEN,W2000,3
3535,2566,รถแทร็กเตอร์,WIRTGEN,W210,1
3536,2566,รถแทร็กเตอร์,WIRTGEN,W2100,2
3537,2566,รถแทร็กเตอร์,WIRTGEN,W220,4
3538,2566,รถแทร็กเตอร์,WIRTGEN,W2200,11
3539,2566,รถแทร็กเตอร์,WIRTGEN,W250,1
3540,2566,รถแทร็กเตอร์,WIRTGEN,W55H,1
3541,2566,รถแทร็กเตอร์,WIRTGEN,WR2000,1
3542,2566,รถแทร็กเตอร์,WIRTGEN,WR2400,1
3543,2566,รถแทร็กเตอร์,WIRTGEN,WR250,5
3544,2566,รถแทร็กเตอร์,WIRTGEN,WR2500,2
3545,2566,รถแทร็กเตอร์,WIRTGEN,WR2500S,10
3546,2566,รถแทร็กเตอร์,WIRTGEN,WR2500SK,2
3547,2566,รถแทร็กเตอร์,WIRTGEN,,1
3548,2566,รถแทร็กเตอร์,WORLD,110HP,3
3549,2566,รถแทร็กเตอร์,WORLD,115HP,3
3550,2566,รถแทร็กเตอร์,WORLD,45HP,9
3551,2566,รถแทร็กเตอร์,WORLD,50HP,8
3552,2566,รถแทร็กเตอร์,WORLD,70HP,1
3553,2566,รถแทร็กเตอร์,WORLD,90HP,1
3554,2566,รถแทร็กเตอร์,WORLD,FM 102,2
3555,2566,รถแทร็กเตอร์,WORLD,WD105PLUS,1
3556,2566,รถแทร็กเตอร์,WORLD,WD1104M,1
3557,2566,รถแทร็กเตอร์,WORLD,WD115PRO,1
3558,2566,รถแทร็กเตอร์,WORLD,WD504K,5
3559,2566,รถแทร็กเตอร์,WORLD,WD704F,2
3560,2566,รถแทร็กเตอร์,XCMG,GR1605,1
3561,2566,รถแทร็กเตอร์,XCMG,LW 220K,1
3562,2566,รถแทร็กเตอร์,XCMG,LW 660K,1
3563,2566,รถแทร็กเตอร์,XCMG,LW156FV,2
3564,2566,รถแทร็กเตอร์,XCMG,LW160FV,1
3565,2566,รถแทร็กเตอร์,XCMG,LW186FV,1
3566,2566,รถแทร็กเตอร์,XCMG,LW200K,3
3567,2566,รถแทร็กเตอร์,XCMG,LW220K,2
3568,2566,รถแทร็กเตอร์,XCMG,LW330K,3
3569,2566,รถแทร็กเตอร์,XCMG,LW550K,2
3570,2566,รถแทร็กเตอร์,XCMG,LW660K,2
3571,2566,รถแทร็กเตอร์,XCMG,QUY50,2
3572,2566,รถแทร็กเตอร์,XCMG,TY160,1
3573,2566,รถแทร็กเตอร์,XCMG,XC760K,1
3574,2566,รถแทร็กเตอร์,XCMG,XC870K,1
3575,2566,รถแทร็กเตอร์,XCMG,XC938TH,11
3576,2566,รถแทร็กเตอร์,XCMG,XC958-EV,2
3577,2566,รถแทร็กเตอร์,XCMG,XC958TH,10
3578,2566,รถแทร็กเตอร์,XCMG,XE135B,2
3579,2566,รถแทร็กเตอร์,XCMG,XE135C,2
3580,2566,รถแทร็กเตอร์,XCMG,XE150WB,4
3581,2566,รถแทร็กเตอร์,XCMG,XE150WD,1
3582,2566,รถแทร็กเตอร์,XCMG,XE15U,1
3583,2566,รถแทร็กเตอร์,XCMG,XE215C,12
3584,2566,รถแทร็กเตอร์,XCMG,XE215CLL,1
3585,2566,รถแทร็กเตอร์,XCMG,XE240ELL,1
3586,2566,รถแทร็กเตอร์,XCMG,XE35U,7
3587,2566,รถแทร็กเตอร์,XCMG,XE55DA,10
3588,2566,รถแทร็กเตอร์,XCMG,XE60,1
3589,2566,รถแทร็กเตอร์,XCMG,XE60CA,1
3590,2566,รถแทร็กเตอร์,XCMG,XE60CB,1
3591,2566,รถแทร็กเตอร์,XCMG,XE60DA,6
3592,2566,รถแทร็กเตอร์,XCMG,XE75SL,1
3593,2566,รถแทร็กเตอร์,XCMG,XLZ2303,1
3594,2566,รถแทร็กเตอร์,XCMG,XZ360E,1
3595,2566,รถแทร็กเตอร์,XCMG,XZ450 PLUS,1
3596,2566,รถแทร็กเตอร์,XCMG,ZL 50G,1
3597,2566,รถแทร็กเตอร์,XCMG,,1
3598,2566,รถแทร็กเตอร์,XGMA,XG916N-L,1
3599,2566,รถแทร็กเตอร์,XGMA,XG920N-L,1
3600,2566,รถแทร็กเตอร์,XGMA,XG935H,5
3601,2566,รถแทร็กเตอร์,XINYUAN,XYB75W-9TJ,1
3602,2566,รถแทร็กเตอร์,YANMAR,3FD80,1
3603,2566,รถแทร็กเตอร์,YANMAR,AW82GV,10
3604,2566,รถแทร็กเตอร์,YANMAR,"AW82GV,RS-TH",4
3605,2566,รถแทร็กเตอร์,YANMAR,AW82V,4
3606,2566,รถแทร็กเตอร์,YANMAR,"AW82V,S-TH",1
3607,2566,รถแทร็กเตอร์,YANMAR,B27,1
3608,2566,รถแทร็กเตอร์,YANMAR,B32-2,1
3609,2566,รถแทร็กเตอร์,YANMAR,EF352T,8
3610,2566,รถแทร็กเตอร์,YANMAR,EF352T PQ,1
3611,2566,รถแทร็กเตอร์,YANMAR,EF393T,671
3612,2566,รถแทร็กเตอร์,YANMAR,EF453T,1
3613,2566,รถแทร็กเตอร์,YANMAR,EF453T PQ,4
3614,2566,รถแทร็กเตอร์,YANMAR,EF453TLX PQ,2
3615,2566,รถแทร็กเตอร์,YANMAR,EF453TLX PQ-1,2
3616,2566,รถแทร็กเตอร์,YANMAR,EF494T,62
3617,2566,รถแทร็กเตอร์,YANMAR,EF514MU,5
3618,2566,รถแทร็กเตอร์,YANMAR,EF514T,26
3619,2566,รถแทร็กเตอร์,YANMAR,EF725T,77
3620,2566,รถแทร็กเตอร์,YANMAR,SV100,1
3621,2566,รถแทร็กเตอร์,YANMAR,SV100-2B,3
3622,2566,รถแทร็กเตอร์,YANMAR,ViO25-6,1
3623,2566,รถแทร็กเตอร์,YANMAR,VIO17,3
3624,2566,รถแทร็กเตอร์,YANMAR,VIO17-1,31
3625,2566,รถแทร็กเตอร์,YANMAR,VIO23-6,13
3626,2566,รถแทร็กเตอร์,YANMAR,VIO30-5,1
3627,2566,รถแทร็กเตอร์,YANMAR,VIO30-6B,63
3628,2566,รถแทร็กเตอร์,YANMAR,VIO35-6B,337
3629,2566,รถแทร็กเตอร์,YANMAR,VIO40-5B,2
3630,2566,รถแทร็กเตอร์,YANMAR,VIO50-6B,13
3631,2566,รถแทร็กเตอร์,YANMAR,VIO55-5B,1
3632,2566,รถแทร็กเตอร์,YANMAR,VIO55-6B,118
3633,2566,รถแทร็กเตอร์,YANMAR,VIO80-1,4
3634,2566,รถแทร็กเตอร์,YANMAR,VIO80B,1
3635,2566,รถแทร็กเตอร์,YANMAR,YH1180,32
3636,2566,รถแทร็กเตอร์,YANMAR,YH700,53
3637,2566,รถแทร็กเตอร์,YANMAR,YH850,49
3638,2566,รถแทร็กเตอร์,YANMAR,YM351A,900
3639,2566,รถแทร็กเตอร์,YANMAR,YM351R,30
3640,2566,รถแทร็กเตอร์,YANMAR,YM357A,1246
3641,2566,รถแทร็กเตอร์,YANMAR,YM357A L1,3
3642,2566,รถแทร็กเตอร์,YANMAR,YM358R,19
3643,2566,รถแทร็กเตอร์,YANMAR,YR80D,6
3644,2566,รถแทร็กเตอร์,YANMAR,YT704,1
3645,2566,รถแทร็กเตอร์,YANMAR/VIO80-B,,1
3646,2566,รถแทร็กเตอร์,ZOOMLION,FH100,3
3647,2566,รถแทร็กเตอร์,ZOOMLION,FH88,12
3648,2566,รถแทร็กเตอร์,ZOOMLION,PL60,3
3649,2566,รถแทร็กเตอร์,ZOOMLION,RC904-A,7
3650,2566,รถแทร็กเตอร์,ZOOMLION,RK504-A,7
3651,2566,รถแทร็กเตอร์,ZOOMLION,RK554-A,1
3652,2566,รถแทร็กเตอร์,ZOOMLION,RK704-A,7
3653,2566,รถแทร็กเตอร์,ZOOMLION,ZD160TS-3,1
3654,2566,รถแทร็กเตอร์,ZOOMLION,ZE135E-10,2
3655,2566,รถแทร็กเตอร์,ZOOMLION,ZE210E,1
3656,2566,รถแทร็กเตอร์,ZOOMLION,ZE215E,6
3657,2566,รถแทร็กเตอร์,ZOOMLION,ZE370E,2
3658,2566,รถแทร็กเตอร์,ZOOMLION,ZE60E-10,5
3659,2566,รถบดถนน,AMMANN,ARS 122,2
3660,2566,รถบดถนน,BOMAG,BW131ACW-5,2
3661,2566,รถบดถนน,BOMAG,BW138AD-5,1
3662,2566,รถบดถนน,BOMAG,BW211 D-40 SL,32
3663,2566,รถบดถนน,BOMAG,BW211D-3,1
3664,2566,รถบดถนน,BOMAG,BW211D-40,4
3665,2566,รถบดถนน,BOMAG,BW211D40,1
3666,2566,รถบดถนน,BOMAG,BW213D-3,1
3667,2566,รถบดถนน,BOMAG,BW213PDH-4,1
3668,2566,รถบดถนน,BOMAG,BW216PDH-3,1
3669,2566,รถบดถนน,BOMAG,BW219 DH4,1
3670,2566,รถบดถนน,BOMAG,BW219D-4,1
3671,2566,รถบดถนน,BOMAG,BW219DH-4,1
3672,2566,รถบดถนน,BOMAG,BW220 D-5,1
3673,2566,รถบดถนน,BOMAG,BW225D-3,1
3674,2566,รถบดถนน,BOMAG,BW226 DH-4 BVC,1
3675,2566,รถบดถนน,BOMAG,BW226 PDH5,1
3676,2566,รถบดถนน,BOMAG,BW226-5CL,1
3677,2566,รถบดถนน,BOMAG,BW226DH-4,1
3678,2566,รถบดถนน,BOMAG,BW226DH-4 BVC,1
3679,2566,รถบดถนน,BOMAG,P20WB,1
3680,2566,รถบดถนน,BOMAG,,2
3681,2566,รถบดถนน,CASE,1107EX-D,1
3682,2566,รถบดถนน,CASE,,2
3683,2566,รถบดถนน,CATERPILLAR,815B,1
3684,2566,รถบดถนน,CATERPILLAR,816F,1
3685,2566,รถบดถนน,CATERPILLAR,CB-534D,1
3686,2566,รถบดถนน,CATERPILLAR,CB10,1
3687,2566,รถบดถนน,CATERPILLAR,CB434C,1
3688,2566,รถบดถนน,CATERPILLAR,CB7,2
3689,2566,รถบดถนน,CATERPILLAR,CC34B,1
3690,2566,รถบดถนน,CATERPILLAR,CS10GC,2
3691,2566,รถบดถนน,CATERPILLAR,CS11GC,6
3692,2566,รถบดถนน,CATERPILLAR,CS533E,4
3693,2566,รถบดถนน,CATERPILLAR,CS54B,7
3694,2566,รถบดถนน,CATERPILLAR,CS563E,1
3695,2566,รถบดถนน,CATERPILLAR,CS76,2
3696,2566,รถบดถนน,CATERPILLAR,CW34,3
3697,2566,รถบดถนน,CATERPILLAR,,1
3698,2566,รถบดถนน,CUMMINS,TUR-100C,1
3699,2566,รถบดถนน,DYNAPAC,CA-250D,7
3700,2566,รถบดถนน,DYNAPAC,CA250D,3
3701,2566,รถบดถนน,DYNAPAC,CA252D,1
3702,2566,รถบดถนน,DYNAPAC,CA25D,12
3703,2566,รถบดถนน,DYNAPAC,CA30D,25
3704,2566,รถบดถนน,DYNAPAC,CA362D,1
3705,2566,รถบดถนน,DYNAPAC,CA610D,12
3706,2566,รถบดถนน,DYNAPAC,CC1250,7
3707,2566,รถบดถนน,DYNAPAC,CC142C2,1
3708,2566,รถบดถนน,DYNAPAC,CC2200,8
3709,2566,รถบดถนน,DYNAPAC,CC224HF,2
3710,2566,รถบดถนน,DYNAPAC,CC3800,9
3711,2566,รถบดถนน,DYNAPAC,CC522,1
3712,2566,รถบดถนน,DYNAPAC,CP202W,2
3713,2566,รถบดถนน,DYNAPAC,CP20W,2
3714,2566,รถบดถนน,DYNAPAC,CP275,17
3715,2566,รถบดถนน,DYNAPAC,D.ONE,3
3716,2566,รถบดถนน,DYNAPAC,DRS120D,1
3717,2566,รถบดถนน,DYNAPAC,DTR75D,3
3718,2566,รถบดถนน,DYNAPAC,R20A,2
3719,2566,รถบดถนน,DYNAPAC,R20B,1
3720,2566,รถบดถนน,DYNAPAC,,2
3721,2566,รถบดถนน,FURUKAWA,FT20W,1
3722,2566,รถบดถนน,FURUKAWA,FT25W,1
3723,2566,รถบดถนน,HAMM,2401-S,1
3724,2566,รถบดถนน,HAMM,311D,1
3725,2566,รถบดถนน,HAMM,3410,8
3726,2566,รถบดถนน,HAMM,3410P,1
3727,2566,รถบดถนน,HAMM,3520,3
3728,2566,รถบดถนน,HAMM,3520HT,1
3729,2566,รถบดถนน,HAMM,3625HT,2
3730,2566,รถบดถนน,HAMM,HC119,9
3731,2566,รถบดถนน,HAMM,HD0120V,1
3732,2566,รถบดถนน,HAMM,HD120,1
3733,2566,รถบดถนน,HAMM,HD90,6
3734,2566,รถบดถนน,HITACHI,CP210,3
3735,2566,รถบดถนน,HITACHI,CP220-3,1
3736,2566,รถบดถนน,HITACHI,RT200W,2
3737,2566,รถบดถนน,HITACHI,RT205,1
3738,2566,รถบดถนน,HITACHI,,1
3739,2566,รถบดถนน,INGERSOLL-RAND,DD-70,1
3740,2566,รถบดถนน,JCB,116D,6
3741,2566,รถบดถนน,JCB,VMT860,3
3742,2566,รถบดถนน,KAWASAKI,K20 II,4
3743,2566,รถบดถนน,KAWASAKI,K20TA,1
3744,2566,รถบดถนน,KAWASAKI,K20W2,1
3745,2566,รถบดถนน,KAWASAKI,KR20D,2
3746,2566,รถบดถนน,KOMATSU,JM120,1
3747,2566,รถบดถนน,KOMATSU,JV40CW-2A,1
3748,2566,รถบดถนน,KOMATSU,JW200,1
3749,2566,รถบดถนน,LIUGONG,CLG6611E,4
3750,2566,รถบดถนน,LIUGONG,CLG6612E,1
3751,2566,รถบดถนน,LIUGONG,CLG6620E,1
3752,2566,รถบดถนน,POWERPLUS,CC348H-III,2
3753,2566,รถบดถนน,POWERPLUS,CV302D-III,1
3754,2566,รถบดถนน,SAKAI,R2,2
3755,2566,รถบดถนน,SAKAI,R2-1,2
3756,2566,รถบดถนน,SAKAI,R2H-2K,2
3757,2566,รถบดถนน,SAKAI,R2S,2
3758,2566,รถบดถนน,SAKAI,SV160DV,1
3759,2566,รถบดถนน,SAKAI,SV500D,1
3760,2566,รถบดถนน,SAKAI,SV505,1
3761,2566,รถบดถนน,SAKAI,SV510,2
3762,2566,รถบดถนน,SAKAI,SV512D-E,1
3763,2566,รถบดถนน,SAKAI,SV512D-H,1
3764,2566,รถบดถนน,SAKAI,SV512DF-E,1
3765,2566,รถบดถนน,SAKAI,SV512DF-H,2
3766,2566,รถบดถนน,SAKAI,SV520D,16
3767,2566,รถบดถนน,SAKAI,SV520DF,7
3768,2566,รถบดถนน,SAKAI,SV520TF,7
3769,2566,รถบดถนน,SAKAI,SV521D,23
3770,2566,รถบดถนน,SAKAI,SV521DF,23
3771,2566,รถบดถนน,SAKAI,SV521TF,5
3772,2566,รถบดถนน,SAKAI,SV700TF,3
3773,2566,รถบดถนน,SAKAI,SV900D,1
3774,2566,รถบดถนน,SAKAI,SV900DV,1
3775,2566,รถบดถนน,SAKAI,SW502S-1,1
3776,2566,รถบดถนน,SAKAI,SW60,1
3777,2566,รถบดถนน,SAKAI,SW650,2
3778,2566,รถบดถนน,SAKAI,SW650N,1
3779,2566,รถบดถนน,SAKAI,SW651,1
3780,2566,รถบดถนน,SAKAI,SW652,1
3781,2566,รถบดถนน,SAKAI,SW652H-1K,6
3782,2566,รถบดถนน,SAKAI,SW652ND-1,1
3783,2566,รถบดถนน,SAKAI,SW770HF,3
3784,2566,รถบดถนน,SAKAI,SW800,2
3785,2566,รถบดถนน,SAKAI,SW800-II,1
3786,2566,รถบดถนน,SAKAI,SW850,4
3787,2566,รถบดถนน,SAKAI,SW850-II,3
3788,2566,รถบดถนน,SAKAI,SW990,1
3789,2566,รถบดถนน,SAKAI,SW990-1,1
3790,2566,รถบดถนน,SAKAI,T2,35
3791,2566,รถบดถนน,SAKAI,T2-1,2
3792,2566,รถบดถนน,SAKAI,T600,1
3793,2566,รถบดถนน,SAKAI,T600C,14
3794,2566,รถบดถนน,SAKAI,TS-150,1
3795,2566,รถบดถนน,SAKAI,TS-160,1
3796,2566,รถบดถนน,SAKAI,TS150,1
3797,2566,รถบดถนน,SAKAI,TS200,18
3798,2566,รถบดถนน,SAKAI,TS600,1
3799,2566,รถบดถนน,SAKAI,TS7409,3
3800,2566,รถบดถนน,SAKAI,TW350,2
3801,2566,รถบดถนน,SAKAI,TW450,1
3802,2566,รถบดถนน,SAKAI,TW500W,1
3803,2566,รถบดถนน,SAKAI,TW500W-1,1
3804,2566,รถบดถนน,SAKAI,TW502-1,3
3805,2566,รถบดถนน,SAKAI,TW504,1
3806,2566,รถบดถนน,SAKAI,TZ600,1
3807,2566,รถบดถนน,SAKAI,TZ700,1
3808,2566,รถบดถนน,SAKAI,TZ701,1
3809,2566,รถบดถนน,SAKAI,,3
3810,2566,รถบดถนน,SANY,SSR120AC-8,1
3811,2566,รถบดถนน,SANY,SSR120C-10,17
3812,2566,รถบดถนน,SANY,SSR220C-8H,1
3813,2566,รถบดถนน,SDLG,RC730,5
3814,2566,รถบดถนน,SEM,SEM512,1
3815,2566,รถบดถนน,SINGTHAI,,1
3816,2566,รถบดถนน,SUMITOMO,HN200W,2
3817,2566,รถบดถนน,SUMITOMO,HN200WT,1
3818,2566,รถบดถนน,TUFT,TUV-4T,1
3819,2566,รถบดถนน,VOLVO,PT220,1
3820,2566,รถบดถนน,VOLVO,SD110,18
3821,2566,รถบดถนน,VOLVO,SD110B,3
3822,2566,รถบดถนน,VOLVO,SD116D 84,1
3823,2566,รถบดถนน,WATANABE,WP15WE,3
3824,2566,รถบดถนน,XCMG,XH233J,1
3825,2566,รถบดถนน,XCMG,XS113,3
3826,2566,รถบดถนน,XCMG,XS113E,8
3827,2566,รถบดถนน,XCMG,XS113PD,6
3828,2566,รถบดถนน,XCMG,XS123,2
3829,2566,รถบดถนน,XCMG,XS123H,1
3830,2566,รถบดถนน,XCMG,XS123PD,16
3831,2566,รถบดถนน,XCMG,XS142J,1
3832,2566,รถบดถนน,XCMG,XS203,1
3833,2566,รถบดถนน,XCMG,XS203J,1
3834,2566,รถบดถนน,XCMG,XS203PD,2
3835,2566,รถบดถนน,XCMG,XS265,2
3836,2566,รถบดถนน,XCMG,,1
3837,2566,รถใช้ในงานเกษตรกรรม,ETAN4U,PS-2000,2
3838,2566,รถใช้ในงานเกษตรกรรม,ETAN4U,S-1000+4WD,1
3839,2566,รถใช้ในงานเกษตรกรรม,PDK,,2
3840,2566,รถใช้ในงานเกษตรกรรม,THAILAND,,1
3841,2566,รถใช้ในงานเกษตรกรรม,ไม่ระบุ,,4
3842,2566,รถพ่วง,BASSCAT,,1
3843,2566,รถพ่วง,GEORGE SMITH,,1
3844,2566,รถพ่วง,VEXUS,,1
3845,2566,รถพ่วง,ไม่ระบุ,12B02,3
3846,2566,รถพ่วง,ไม่ระบุ,A02,1
3847,2566,รถพ่วง,ไม่ระบุ,ABBEY AVENTURA,1
3848,2566,รถพ่วง,ไม่ระบุ,ABBEY GTS,1
3849,2566,รถพ่วง,ไม่ระบุ,ABBEY SPECTRUM,1
3850,2566,รถพ่วง,ไม่ระบุ,ABI,1
3851,2566,รถพ่วง,ไม่ระบุ,ACE AWARD,1
3852,2566,รถพ่วง,ไม่ระบุ,ACE JUBILEE,2
3853,2566,รถพ่วง,ไม่ระบุ,ADRIA ADORA,1
3854,2566,รถพ่วง,ไม่ระบุ,AIRSTREAM,11
3855,2566,รถพ่วง,ไม่ระบุ,AMARA 380/2,1
3856,2566,รถพ่วง,ไม่ระบุ,AVONDALE,2
3857,2566,รถพ่วง,ไม่ระบุ,AVONDALE DART SE,1
3858,2566,รถพ่วง,ไม่ระบุ,BAILEY PAGEANT,6
3859,2566,รถพ่วง,ไม่ระบุ,BAILEY RANGER,4
3860,2566,รถพ่วง,ไม่ระบุ,BAILEY SENATOR,2
3861,2566,รถพ่วง,ไม่ระบุ,BAILEY UNICORN,1
3862,2566,รถพ่วง,ไม่ระบุ,BEAT BOAT U 15-18 FT,1
3863,2566,รถพ่วง,ไม่ระบุ,BEAT BOAT U 24 FT,1
3864,2566,รถพ่วง,ไม่ระบุ,BEAT BOAT U15-18 FT,1
3865,2566,รถพ่วง,ไม่ระบุ,BEAT BOAT V 10-14 FT,4
3866,2566,รถพ่วง,ไม่ระบุ,BEAT BOAT V 15-17 FT,1
3867,2566,รถพ่วง,ไม่ระบุ,BEAT BOAT V 15-18 FT,1
3868,2566,รถพ่วง,ไม่ระบุ,BEAT BOAT V 15-19 FT,4
3869,2566,รถพ่วง,ไม่ระบุ,BEAT BOAT V 17-20 FT,2
3870,2566,รถพ่วง,ไม่ระบุ,BEAT BOAT V 19-20 FT,6
3871,2566,รถพ่วง,ไม่ระบุ,BEAT BOAT V 21-24 FT,2
3872,2566,รถพ่วง,ไม่ระบุ,BEAT BOAT V 24-26 FT,11
3873,2566,รถพ่วง,ไม่ระบุ,BEAT BOX 123X200 CM,1
3874,2566,รถพ่วง,ไม่ระบุ,BEAT BOX 160X300 CM,1
3875,2566,รถพ่วง,ไม่ระบุ,BEAT BOX SR 150X300 CM,1
3876,2566,รถพ่วง,ไม่ระบุ,BEAT DIRT BIKE JR,4
3877,2566,รถพ่วง,ไม่ระบุ,BEAT DIRT BIKE SR,10
3878,2566,รถพ่วง,ไม่ระบุ,BEAT DOUBLE BIKE,6
3879,2566,รถพ่วง,ไม่ระบุ,BEAT DOUBLE JETSKI,12
3880,2566,รถพ่วง,ไม่ระบุ,BEAT FARM 10X5 FT,11
3881,2566,รถพ่วง,ไม่ระบุ,BEAT FARM 6X4 FT,17
3882,2566,รถพ่วง,ไม่ระบุ,BEAT FARM 8X5 FT,13
3883,2566,รถพ่วง,ไม่ระบุ,BEAT FLAT BED 175X350 CM,2
3884,2566,รถพ่วง,ไม่ระบุ,BEAT FLAT BED 2.1X6.0 M,1
3885,2566,รถพ่วง,ไม่ระบุ,BEAT FLATBED 175X350 CM,1
3886,2566,รถพ่วง,ไม่ระบุ,BEAT SINGLE ATV JR,1
3887,2566,รถพ่วง,ไม่ระบุ,BEAT SINGLE ATV SR,4
3888,2566,รถพ่วง,ไม่ระบุ,BEAT SINGLE BIKE,5
3889,2566,รถพ่วง,ไม่ระบุ,BEAT SINGLE JETSKI,9
3890,2566,รถพ่วง,ไม่ระบุ,BEAT TRANSPORTER,1
3891,2566,รถพ่วง,ไม่ระบุ,BEAT TRANSPORTER 2.1X4.6,1
3892,2566,รถพ่วง,ไม่ระบุ,BEAT TRANSPORTER II,5
3893,2566,รถพ่วง,ไม่ระบุ,BEAT TRANSPORTER III,1
3894,2566,รถพ่วง,ไม่ระบุ,BEAT TRANSPORTER IV 2,1
3895,2566,รถพ่วง,ไม่ระบุ,BEAT TRANSPORTER STD WIDE,3
3896,2566,รถพ่วง,ไม่ระบุ,BEAT TRICYCLE,9
3897,2566,รถพ่วง,ไม่ระบุ,BEAT WAGON 150X300 CM,3
3898,2566,รถพ่วง,ไม่ระบุ,BEAT WAGON 175X300 CM,6
3899,2566,รถพ่วง,ไม่ระบุ,BEAT WAGON ALU 123X245 CM,1
3900,2566,รถพ่วง,ไม่ระบุ,BOAT TRAILER,76
3901,2566,รถพ่วง,ไม่ระบุ,BOX VAN TRAILER,71
3902,2566,รถพ่วง,ไม่ระบุ,CAMPER,46
3903,2566,รถพ่วง,ไม่ระบุ,CARAVAN,45
3904,2566,รถพ่วง,ไม่ระบุ,CARAVAN PERFECT,8
3905,2566,รถพ่วง,ไม่ระบุ,CARAVELAIR A496,1
3906,2566,รถพ่วง,ไม่ระบุ,CCMC-F03-2A-FTL,9
3907,2566,รถพ่วง,ไม่ระบุ,CCMC-F04-2A-FTL,13
3908,2566,รถพ่วง,ไม่ระบุ,CCMC-F05-1A-FTL,8
3909,2566,รถพ่วง,ไม่ระบุ,CCMC-F06-1A-FTL,2
3910,2566,รถพ่วง,ไม่ระบุ,CHALLENGER 490SE,1
3911,2566,รถพ่วง,ไม่ระบุ,CHALLENGER 550 SE,1
3912,2566,รถพ่วง,ไม่ระบุ,CLASSIC DUETTE,1
3913,2566,รถพ่วง,ไม่ระบุ,COACHMAN,4
3914,2566,รถพ่วง,ไม่ระบุ,COACHMAN AMARA,1
3915,2566,รถพ่วง,ไม่ระบุ,COACHMAN PASTICHE,2
3916,2566,รถพ่วง,ไม่ระบุ,COMPASS,2
3917,2566,รถพ่วง,ไม่ระบุ,COMPASS CORONA,2
3918,2566,รถพ่วง,ไม่ระบุ,COMPASS OMEGA,1
3919,2566,รถพ่วง,ไม่ระบุ,CONQUEROR 645,2
3920,2566,รถพ่วง,ไม่ระบุ,ELDDIS,4
3921,2566,รถพ่วง,ไม่ระบุ,ELDDIS AVANTE,1
3922,2566,รถพ่วง,ไม่ระบุ,ELDDIS CRUSADER HURRICANE,3
3923,2566,รถพ่วง,ไม่ระบุ,HOBBY,1
3924,2566,รถพ่วง,ไม่ระบุ,HURRICANE EX2000,1
3925,2566,รถพ่วง,ไม่ระบุ,JUNIOR XL,1
3926,2566,รถพ่วง,ไม่ระบุ,LUNAR,1
3927,2566,รถพ่วง,ไม่ระบุ,LUNAR LEXON,1
3928,2566,รถพ่วง,ไม่ระบุ,MCK-MFT1,1
3929,2566,รถพ่วง,ไม่ระบุ,MCK-MFT2,1
3930,2566,รถพ่วง,ไม่ระบุ,MOTERBIKE TRAILER,31
3931,2566,รถพ่วง,ไม่ระบุ,OFF ROAD TRAILER,1
3932,2566,รถพ่วง,ไม่ระบุ,PAGEANT MONARCH,1
3933,2566,รถพ่วง,ไม่ระบุ,RALLYE 534,1
3934,2566,รถพ่วง,ไม่ระบุ,SPRITE,1
3935,2566,รถพ่วง,ไม่ระบุ,STERLING,2
3936,2566,รถพ่วง,ไม่ระบุ,STREAMLINER,2
3937,2566,รถพ่วง,ไม่ระบุ,SV TRAILER,9
3938,2566,รถพ่วง,ไม่ระบุ,SWIFT,3
3939,2566,รถพ่วง,ไม่ระบุ,SWIFT CHARISMA,1
3940,2566,รถพ่วง,ไม่ระบุ,SWIFT CONQUEROR,1
3941,2566,รถพ่วง,ไม่ระบุ,TR0204,2
3942,2566,รถพ่วง,ไม่ระบุ,TR0504,1
3943,2566,รถพ่วง,ไม่ระบุ,UTILITY TRAILER,444
3944,2566,รถพ่วง,ไม่ระบุ,VOGUE GTS 517,1
3945,2566,รถพ่วง,ไม่ระบุ,,5
3946,2566,รถจักรยานยนต์สาธารณะ,DECO,SUSU,1
3947,2566,รถจักรยานยนต์สาธารณะ,EM,ENZO,2
3948,2566,รถจักรยานยนต์สาธารณะ,ENGY,GREENER,50
3949,2566,รถจักรยานยนต์สาธารณะ,H SEM,MOBILA G,1
3950,2566,รถจักรยานยนต์สาธารณะ,HONDA,CLICK125,144
3951,2566,รถจักรยานยนต์สาธารณะ,HONDA,CLICK125I,4
3952,2566,รถจักรยานยนต์สาธารณะ,HONDA,DREAM,1
3953,2566,รถจักรยานยนต์สาธารณะ,HONDA,GIORNO +,20
3954,2566,รถจักรยานยนต์สาธารณะ,HONDA,LEAD125,69
3955,2566,รถจักรยานยนต์สาธารณะ,HONDA,SCOOPY,21
3956,2566,รถจักรยานยนต์สาธารณะ,HONDA,SUPER CUB,5
3957,2566,รถจักรยานยนต์สาธารณะ,HONDA,WAVE110I,241
3958,2566,รถจักรยานยนต์สาธารณะ,HONDA,WAVE125I,500
3959,2566,รถจักรยานยนต์สาธารณะ,SUZUKI,FV115LE,2
3960,2566,รถจักรยานยนต์สาธารณะ,TAILG,DRAGONS,9
3961,2566,รถจักรยานยนต์สาธารณะ,VESPA,SPRINT 125 IGET ABS,1
3962,2566,รถจักรยานยนต์สาธารณะ,YAMAHA,Fazzio,8
3963,2566,รถจักรยานยนต์สาธารณะ,YAMAHA,FINN,81
3964,2566,รถจักรยานยนต์สาธารณะ,YAMAHA,FINO125,1
3965,2566,รถจักรยานยนต์สาธารณะ,YAMAHA,GRAND FILANO,22
